pathImg,option,price,title,hot_line,url,point,rating_total,producer,color,Hệ điều hành,Ngôn ngữ,Màn hình,Camera sau,Camera trước,Chụp ảnh nâng cao,Quay phim,chip,ram,memory,Thẻ nhớ ngoài,Kích thước,Trọng lượng g,Dung lượng pin,Mạng di động,SIM,Wifi,Sạc
"https://didongmango.com/images/products/2022/06/10/original/8pd_1654881376.jpg.jpg,https://didongmango.com/images/products/2022/06/10/original/8pdo_1654881376.jpg.jpg,https://didongmango.com/images/products/2022/06/10/original/8pt_1654881376.jpg.jpg,https://didongmango.com/images/products/2022/06/10/original/8v_1654881376.jpg.jpg",64G,5.590.000₫,iPhone 8 Plus 64G cũ (Đẹp 99%) ,0982351080,https://didongmango.com/iphone-8/iphone-8-plus-cu-99-p746.html,5/5,408,IPHONE,"Trắng,Đen,Vàng,Đỏ",iOS 14.4,Tiếng Việt,LED-backlit IPS LCD 5.5 inches Retina 1080 x 1920 pixels,"2x 12 MP, f/1.8, 28mm & f/2.8, 56mm","7 MP, f/2.2","tự động lấy nét nhận diện theo giai đoạn, 2x zoom quang học, OIS, 4 LED flash 2 tone","4K@24/30/60fps, 1080p@30/60/120/240fps",Apple A11 Bionic,3Gb,64G,Không,158.4 x 78.1 x 7.5 mm,202g,Li-Ion 2675,2G/ 3G/ 4G,1 sim,"Wi-Fi 802.11 a/b/g/n/ac, dual-band","Sạc nhanh 15W, sạc không dây"
"https://didongmango.com/images/products/2022/06/10/original/7d_1654881719.jpg.jpg,https://didongmango.com/images/products/2022/06/10/original/7t_1654881719.jpg.jpg,https://didongmango.com/images/products/2022/06/10/original/7h_1654881719.jpg.jpg,https://didongmango.com/images/products/2022/06/10/original/7v_1654881719.jpg.jpg",32G,3.190.000₫,iPhone 7 32G cũ (Đẹp 99%) ,0982351080,https://didongmango.com/iphone-7/iphone-7-cu-32g-99-p728.html,5/5,290,IPHONE,"Hồng,Trắng,Đen,Vàng",iOS 10,Tiếng Việt,LED-backlit IPS LCD 4.7 inches Retina 750 x 1334 pixels,"12 MP, f/1.8, 28mm, phase detection autofocus, OIS, quad-LED dual tone flash  Led Flash, Autofocus, HDR, Panorama  Quay phim 4K","7 MP, f/2.2, 1080p@30fps, 720p@240fps, face detection, HDR, panorama","Autofocus, HDR, Panorama, Led Flash","4K@30fps, 1080p@30/60/120fps, 720p@240fps",Apple A10 Fusion,2G,32G,Không,138.3 x 67.1 x 7.1 mm,138 g,Li-Ion 1960 mAh,2G/ 3G/ 4G,1 sim,"Wi-Fi 802.11 a/b/g/n/ac, dual-band",Lightning
https://didongmango.com/images/products/2020/07/11/original/11_1594450009.png.png,,3.990.000₫,LG G8 ThinQ Mỹ (2 camera) - Đẹp 99% ,0982351080,https://didongmango.com/lg-g8/lg-g8-thinq-my-p1337.html,5/5,277,LG,"Đen,Titan,Đỏ",,9.0 Pie; LG UX 8.0,Đa ngôn ngữ,P-OLED 6.1 inches 1440 x 3120 pixels 19.59,"12 MP, f/1.5 + 16 MP, f/1.9 + 12 MP, 52mm telephoto, f/2.4","8 MP, f/1.7","LED flash, HDR, panorama","2160p@30/60fps, 1080p@30/60fps, 720p@240fps, HDR10, 24-bit/192kHz stereo sound rec.",Qualcomm SDM855 Snapdragon 855 7 nm,6 GB RAM,128 GB,"microSD, up to 1TB",151.9 x 71.8 x 8.4 mm,167 g,Li-Po 3500 mAh,2G/ 3G/ 4G,1 SIM,"Wi-Fi 802.11 a/b/g/n/ac, dual-band, Wi-Fi Direct, DLNA, hotspot"
"https://didongmango.com/images/products/2022/06/10/original/8do_1654880996.jpg.jpg,https://didongmango.com/images/products/2022/06/10/original/8v_1654880996.jpg.jpg,https://didongmango.com/images/products/2022/06/10/original/8t_1654880996.jpg.jpg,https://didongmango.com/images/products/2022/06/10/original/8d_1654880996.jpg.jpg",256G,4.890.000₫,iPhone 8 256G cũ (Đẹp 99%) ,0982351080,https://didongmango.com/iphone-8/iphone-8-256g-cu-dep-99-p764.html,5/5,45,IPHONE,"Đen,Trắng,Vàng,Đỏ",iOS 14.4,Tiếng Việt,LED-backlit IPS LCD 4.7 inches Retina,"2x 12 MP, f/1.8, 28mm & f/2.8, 56mm","7 MP, f/2.2","tự động lấy nét nhận diện theo giai đoạn, 2x zoom quang học, OIS, 4 LED flash 2 tone","4K@24/30/60fps, 1080p@30/60/120/240fps",Apple A11 Bionic,2Gb,256G,Không,158.4 x 78.1 x 7.5 mm,202g,Li-Ion 1821,2G/ 3G/ 4G,1 sim,"Wi-Fi 802.11 a/b/g/n/ac, dual-band","Sạc nhanh 15W, sạc không dây"
"https://didongmango.com/images/products/2022/06/10/original/8d_1654881194.jpg.jpg,https://didongmango.com/images/products/2022/06/10/original/8do_1654881194.jpg.jpg,https://didongmango.com/images/products/2022/06/10/original/8t_1654881194.jpg.jpg,https://didongmango.com/images/products/2022/06/10/original/8v_1654881194.jpg.jpg",64G,4.290.000₫,iPhone 8 64G cũ (Đẹp 99%) ,0982351080,https://didongmango.com/iphone-8/iphone-8-64g-cu-99-p763.html,5/5,188,IPHONE,"Đen,Trắng,Đỏ,Vàng",iOS 14.4,Tiếng Việt,LED-backlit IPS LCD 4.7 inches Retina,"2x 12 MP, f/1.8, 28mm & f/2.8, 56mm","7 MP, f/2.2","tự động lấy nét nhận diện theo giai đoạn, 2x zoom quang học, OIS, 4 LED flash 2 tone","4K@24/30/60fps, 1080p@30/60/120/240fps",Apple A11 Bionic,2Gb,64G,Không,158.4 x 78.1 x 7.5 mm,202g,Li-Ion 1821,2G/ 3G/ 4G,1 sim,"Wi-Fi 802.11 a/b/g/n/ac, dual-band","Sạc nhanh 15W, sạc không dây"
https://didongmango.com/images/products/2022/01/23/original/2_1642994399.jpg.jpg,,4.690.000₫,LG G8 ThinQ Hàn (3 camera) Mới ,0982351080,https://didongmango.com/lg-g8/lg-g8-thinq-cu-new-p1472.html,5/5,14,LG,"Đen,Xanh,Đỏ,Titan",,9.0 Pie; LG UX 8.0,Đa ngôn ngữ,P-OLED 6.1 inches 1440 x 3120 pixels 19.59,"12 MP, f/1.5 + 16 MP, f/1.9 + 12 MP, 52mm telephoto, f/2.4","8 MP, f/1.7","LED flash, HDR, panorama","2160p@30/60fps, 1080p@30/60fps, 720p@240fps, HDR10, 24-bit/192kHz stereo sound rec.",Qualcomm SDM855 Snapdragon 855 7 nm,6 GB RAM,128 GB,"microSD, up to 1TB",151.9 x 71.8 x 8.4 mm,167 g,Li-Po 3500 mAh,2G/ 3G/ 4G,1 SIM,"Wi-Fi 802.11 a/b/g/n/ac, dual-band, Wi-Fi Direct, DLNA, hotspot"
https://didongmango.com/images/products/2021/03/13/original/unnamed_1615626839.png.png,,Ngừng kinh doanh,LG G8x ThinQ cũ (Đẹp 99%) ,0982351080,https://didongmango.com/lg-g8/lg-g8x-thinq-p1367.html,5/5,163,LG,Đen,,9.0 Pie,Tiếng Việt,OLED 6.4 inches 1080 x 2340 pixels,12 MP + 13 MP,32 MP,"Góc siêu rộng Ultrawide, Lấy nét theo pha PDAF, Quay chậm Slow Motion, Chạm lấy nét, Toàn cảnh Panorama, Chống rung quang học OIS, Tự động lấy nét AF, Nhận diện khuôn mặt HDR, Làm đẹp","4K@30/60fps, 1080p@30/60/240fps, 24-bit/192kHz stereo sound rec., gyro-EIS",Qualcomm SM8150 Snapdragon 855 7 nm,6GB,128GB,Có,159.3 x 75.8 x 8.4 mm,192 g,4000 mAh,2G/3G/4G,1 SIM,"Wi-Fi 802.11 a/b/g/n/ac, dual-band, Wi-Fi Direct, DLNA, hotspot"
"https://didongmango.com/images/products/2022/06/10/original/untitled-1_1654880746.jpg.jpg,https://didongmango.com/images/products/2022/06/10/original/untitled-2_1654880746.jpg.jpg",256G,6.890.000₫,iPhone X 256G cũ (Đẹp 99%) ,0982351080,https://didongmango.com/iphone-x/iphone-x-256g-cu-dep-99-p767.html,4/5,36,IPHONE,"Đen,Trắng",iOS 14.4,Tiếng Việt,Super Retina OLED 5.8 inches 1125 x 2436 pixels,"12 MP, f/1.8 + 12 MP, f/2.4","7 MP, f/2.2","Chụp ảnh xóa phông, Lấy nét dự đoán, Tự động lấy nét, Chạm lấy nét, Nhận diện khuôn mặt, HDR, Panorama, Chống rung quang học OIS","4K@24/30/60fps, 1080p@30/60/120/240fps",Apple A11 Bionic 6 nhân,3 Gb,256 Gb,Không,Dài 143.6 mm - Ngang 70.9 mm - Dày 7.7 mm,174g,2716 mAh,"3G, 4G LTE Cat 16",1 sim,"Wi-Fi 802.11 a/b/g/n/ac, Dual-band, Wi-Fi hotspot",Lightning
https://didongmango.com/images/products/2019/07/10/original/slide_1562734848.jpg.jpg,,2.990.000₫,LG G7 ThinQ cũ (Đẹp 99%) ,0982351080,https://didongmango.com/lg-g7/lg-g7-thinq-4g64g-99-p977.html,5/5,659,LG,"Titan,Đen,Xanh,Đỏ",,8.0 Oreo,Đa ngôn ngữ,6.1 inches IPS LCD,"16 MP, f/1.6, 30mm wide + 16 MP, f/1.9, 16mm ultrawide","8 MP, f/1.9, 26mm wide","LED flash, HDR, panorama","2160p@30/60fps, 1080p@30/60fps, 720p@240fps, HDR, 24-bit/192kHz stereo sound rec.",Qualcomm SDM845 Snapdragon 845 10 nm,4 GB,64 GB,"MicroSD, hỗ trợ tối đa 512 GB",153.2 x 71.9 x 7.9 mm 6.03 x 2.83 x 0.31 in,162 g 5.71 oz,3000 mAh battery Non-removable Li-Po,2G/3G/4G,1 SIM NANO,"Wi-Fi 802.11 a/b/g/n/ac, dual-band, Wi-Fi Direct, DLNA, hotspot"
"https://didongmango.com/images/products/2022/06/10/original/untitled-1_1654880825.jpg.jpg,https://didongmango.com/images/products/2022/06/10/original/untitled-2_1654880825.jpg.jpg",64G,6.490.000₫,iPhone X 64G cũ (Đẹp 99%) ,0982351080,https://didongmango.com/iphone-x/iphone-x-64g-cu-dep-99-p766.html,5/5,137,IPHONE,"Đen,Trắng",iOS 14.4,Tiếng Việt,Super Retina OLED 5.8 inches 1125 x 2436 pixels,"12 MP, f/1.8 + 12 MP, f/2.4","7 MP, f/2.2","Chụp ảnh xóa phông, Lấy nét dự đoán, Tự động lấy nét, Chạm lấy nét, Nhận diện khuôn mặt, HDR, Panorama, Chống rung quang học OIS","4K@24/30/60fps, 1080p@30/60/120/240fps",Apple A11 Bionic 6 nhân,3 Gb,64 Gb,Không,Dài 143.6 mm - Ngang 70.9 mm - Dày 7.7 mm,174 g,2716 mAh,"3G, 4G LTE Cat 16",1 sim,"Wi-Fi 802.11 a/b/g/n/ac, Dual-band, Wi-Fi hotspot",Lightning
"https://didongmango.com/images/products/2019/07/29/original/2_1564386962.jpg.jpg,https://didongmango.com/images/products/2019/07/29/original/3_1564386962.jpg.jpg,https://didongmango.com/images/products/2019/07/29/original/1_1564386962.jpg.jpg",,4.190.000₫,LG G8 ThinQ Hàn (3 camera) - Đẹp 99% ,0982351080,https://didongmango.com/lg-g8/lg-g8-thinq-cu-dep-99-p1071.html,5/5,250,LG,"Đen,Xanh,Đỏ,Titan",,9.0 Pie; LG UX 8.0,Đa ngôn ngữ,P-OLED 6.1 inches 1440 x 3120 pixels 19.59,"12 MP, f/1.5 + 16 MP, f/1.9 + 12 MP, 52mm telephoto, f/2.4","8 MP, f/1.7","LED flash, HDR, panorama","2160p@30/60fps, 1080p@30/60fps, 720p@240fps, HDR10, 24-bit/192kHz stereo sound rec.",Qualcomm SDM855 Snapdragon 855 7 nm,6 GB RAM,128 GB,"microSD, up to 1TB",151.9 x 71.8 x 8.4 mm,167 g,Li-Po 3500 mAh,2G/ 3G/ 4G,1 SIM,"Wi-Fi 802.11 a/b/g/n/ac, dual-band, Wi-Fi Direct, DLNA, hotspot"
https://didongmango.com/images/products/2019/07/10/original/1231_1562735073.jpg.jpg,,Ngừng kinh doanh,LG V30 cũ (Đẹp 99%) ,0982351080,https://didongmango.com/lg-v30/lg-v30-cu-dep-99-p1060.html,5/5,675,LG,"Đỏ,Tím,Titan,Đen,Xanh",,"7.1.2 Nougat, upgradable to",9.0 Pie,Đa ngôn ngữ,P-OLED 6.0 inches 1440 x 2880 pixels,16 MP + 13MP,5 MP,"LED flash, HDR, panorama","2160p@30fps, 1080p@30/60fps, 720p@120fps, 24-bit/192kHz stereo sound rec., HDR video",Snapdragon 835 10 nm,4 GB RAM,64 GB,"microSD, up to 1TB",151.7 x 75.4 x 7.3 mm,158 g,3300 mAh,2G/ 3G/ 4G,1 SIM NANO
"https://didongmango.com/images/products/2022/06/10/original/xd_1654880443.jpg.jpg,https://didongmango.com/images/products/2022/06/10/original/xv_1654880443.jpg.jpg,https://didongmango.com/images/products/2022/06/10/original/xt_1654880443.jpg.jpg",64G,7.190.000₫,iPhone Xs 64G cũ (Đẹp 99%) ,0982351080,https://didongmango.com/iphone-xs-max/iphone-xs-64g-cu-dep-99-p773.html,5/5,101,IPHONE,"Đen,Trắng,Vàng",iOS 14.4,Có tiếng Việt,Super Retina OLED 5.8 inches 1125 x 2436 pixels,"12 MP, f/1.8 + 12 MP, f/2.4","7 MP, f/2.2","Chụp ảnh xóa phông, Chế độ Slow Motion, Chế độ chụp ban đêm ánh sáng yếu, A.I Camera, Điều chỉnh khẩu độ, Tự động lấy nét, Chạm lấy nét, Nhận diện khuôn mặt, HDR, Panorama, Chống rung quang học OIS","4K@24/30/60fps, 1080p@30/60/120/240fps, HDR, stereo sound rec.",Apple A12 Bionic 6 nhân,4 Gb,64 Gb,Không,Dài 143.6 mm - Ngang 70.9 mm - Dày 7.7 mm,177g,2658 mAh,"3G, 4G LTE Cat 16",Nano SIM & eSIM,"Wi-Fi 802.11 a/b/g/n/ac, Dual-band, Wi-Fi hotspot","Sạc nhanh, sạc không dây"
"https://didongmango.com/images/products/2022/06/10/original/den_1654880568.jpg.jpg,https://didongmango.com/images/products/2022/06/10/original/vang_1654880568.jpg.jpg,https://didongmango.com/images/products/2022/06/10/original/trang_1654880569.jpg.jpg,https://didongmango.com/images/products/2022/06/10/original/xanh_1654880569.jpg.jpg,https://didongmango.com/images/products/2022/06/10/original/do_1654880569.jpg.jpg,https://didongmango.com/images/products/2022/06/10/original/cam_1654880569.jpg.jpg",128G,6.490.000₫,iPhone Xr 128G cũ (Đẹp 99%) ,0982351080,https://didongmango.com/iphone-x/iphone-xr-128g-cu-dep-99-p775.html,5/5,42,IPHONE,"Đỏ,Cam,Trắng,Đen,Xanh,Vàng",iOS 14.4,Có tiếng Việt,Liquid Retina IPS LCD 6.1 inches 828 x 1792 pixels,"12 MP, f/1.8","7 MP, f/2.2","Chụp ảnh xóa phông, Chế độ Slow Motion, Chế độ chụp ban đêm ánh sáng yếu, A.I Camera, Điều chỉnh khẩu độ, Tự động lấy nét, Chạm lấy nét, Nhận diện khuôn mặt, HDR, Panorama, Chống rung quang học OIS","4K@24/30/60fps, 1080p@30/60/120/240fps, HDR, stereo sound rec.",Apple A12 Bionic 6 nhân,3 Gb,128 Gb,Không,Dài 150.9 mm - Ngang 75.7 mm - Dày 8.3 mm,194g,2942 mAh,"3G, 4G LTE Cat 16",1 nano sim,"Wi-Fi 802.11 a/b/g/n/ac, Dual-band, Wi-Fi hotspot",Lightning
https://didongmango.com/images/products/2022/06/28/large/xperia-xz-blue-product-shot-2000x2000-5506160823bf9f2eb2b6a01a77557fd4_1562920037-copy_1656471196.png,,1.990.000₫,Sony Xperia XZ 2 SIM cũ (Đẹp 99%) ,0982351080,https://didongmango.com/sony-xz/sony-xperia-xz-2-sim-cu-dep-99-p1536.html,5/5,747,SONY,,,6.0,Tiếng Việt,IPS 5.2 inches Full HD,"23 MP, f/2.0","13 MP, f/2.0","LED flash, HDR, panorama","2160p@30fps, 1080p@60fps, 720p@120fps, HDR",Snapdragon 820 14 nm,3 GB RAM,32Gb,"MicroSD, hỗ trợ tối đa 512 GB",146 x 72 x 8.1 mm,161 g,Li-Ion 2900 mAh,2G/3G/4G,1 SIM NANO,Wi-Fi 802.11 a/b/g/n/ac
"https://didongmango.com/images/products/2021/07/25/large/vi-vn-1-thietke_1562058384jpg_1627262211.jpg,https://didongmango.com/images/products/2019/07/02/original/vi-vn-2-am-thanh-hi-res_1562058384.jpg.jpg",,1.590.000₫,Sony Xperia XZs cũ (Đẹp 99%) ,0982351080,https://didongmango.com/sony-xz/sony-xperia-xzs-cu-dep-99-p808.html,5/5,741,SONY,"Trắng,Xanh,Vàng,Đen",,7.1,Tiếng Việt,IPS 5.2 inches Full HD,"19 MP, f/2.0","13 MP, f/2.0","LED flash, HDR, panorama","2160p@30fps, 1080p@30fps gyro-EIS, 720p@960fps, HDR",Snapdragon 820,4 GB RAM,32Gb,Có,146 x 72 x 8.1 mm,161 g,Li-Ion 2900 mAh,2G/3G/4G,1 Sim,Wi-Fi 802.11 a/b/g/n/ac
"https://didongmango.com/images/products/2022/06/10/original/den_1654880656.jpg.jpg,https://didongmango.com/images/products/2022/06/10/original/xanh_1654880657.jpg.jpg,https://didongmango.com/images/products/2022/06/10/original/vang_1654880657.jpg.jpg,https://didongmango.com/images/products/2022/06/10/original/cam_1654880657.jpg.jpg,https://didongmango.com/images/products/2022/06/10/original/trang_1654880657.jpg.jpg,https://didongmango.com/images/products/2022/06/10/original/do_1654880657.jpg.jpg",64G,5.990.000₫,iPhone Xr 64G cũ (Đẹp 99%) ,0982351080,https://didongmango.com/iphone-x/iphone-xr-64g-cu-dep-99-p772.html,5/5,110,IPHONE,"Cam,Đỏ,Trắng,Xanh,Đen,Vàng",iOS 14.4,Có tiếng Việt,Liquid Retina IPS LCD 6.1 inches 828 x 1792 pixels,"12 MP, f/1.8","7 MP, f/2.2","Chụp ảnh xóa phông, Chế độ Slow Motion, Chế độ chụp ban đêm ánh sáng yếu, A.I Camera, Điều chỉnh khẩu độ, Tự động lấy nét, Chạm lấy nét, Nhận diện khuôn mặt, HDR, Panorama, Chống rung quang học OIS","4K@24/30/60fps, 1080p@30/60/120/240fps, HDR, stereo sound rec.",Apple A12 Bionic 6 nhân,3 Gb,64 Gb,Không,Dài 150.9 mm - Ngang 75.7 mm - Dày 8.3 mm,194g,2942 mAh,"3G, 4G LTE Cat 16",1 nano sim,"Wi-Fi 802.11 a/b/g/n/ac, Dual-band, Wi-Fi hotspot",Lightning
"https://didongmango.com/images/products/2022/01/16/large/formatfactoryuntitled-1_1642319965.jpg,https://didongmango.com/images/products/2021/08/22/original/1_1599276115jpg_1629626935.jpg.jpg",32G,1.190.000₫,Sony Z3 32G cũ (Đẹp 98-99%) ,0982351080,https://didongmango.com/sony-z3/sony-z3-32-p1461.html,5/5,14,SONY,"Trắng,Vàng,Xanh,Đen",,6.0,Tiếng Việt,IPS 5.2 inches Full HD,"20.7 MP, f/2.0","2.2 MP, f/2.8","LED flash, HDR, panorama","2160p@30fps, 1080p@60fps, 720p@120fps, HDR",Snapdragon 801,3 GB RAM,32 Gb,Có,146 x 72 x 7.3 mm,152 g,Li-Ion 3100 mAh,2G/3G/4G,1 Sim,Wi-Fi 802.11 a/b/g/n/ac
"https://didongmango.com/images/products/2020/07/06/large/sony-xz1-hot-qua_1594024822.jpg,https://didongmango.com/images/products/2020/03/31/original/-vi-vn-sony-xperia-xz1-1_1562058425jpg_1585624319.jpg.jpg",,2.790.000₫,Sony Xperia XZ1 Mới ,0982351080,https://didongmango.com/sony-xz1/sony-xperia-xz1-new-p1324.html,5/5,294,SONY,"Trắng,Hồng,Đen,Xanh",,"8.0 Oreo, nâng cấp lên 9.0",Tiếng Việt,IPS 5.2 inches Full HD,"19 MP, f/2.0","13 MP, f/2.0","LED flash, HDR, panorama","2160p@30fps, 1080p@60fps, 1080p@30fps gyro-EIS, 720p@960fps",Snapdragon 835,4 GB RAM,64Gb,Có,146 x 72 x 8.1 mm,161 g,Li-Ion 2700 mAh,2G/3G/4G,1 Sim,Wi-Fi 802.11 a/b/g/n/ac
"https://didongmango.com/images/products/2022/01/16/large/formatfactoryuntitled-1_1642319984.jpg,https://didongmango.com/images/products/2021/01/23/original/maxresdefault_1611373437.jpg.jpg",,1.090.000₫,Sony Z3 2 SIM cũ (Đẹp 99%)  ,0982351080,https://didongmango.com/sony-z3/sony-z3-2-sim-cu-dep-99-p998.html,5/5,531,SONY,"Trắng,Vàng,Đen",,6.0,Tiếng Việt,IPS 5.2 inches Full HD,"20.7 MP, f/2.0","2.2 MP, f/2.8","LED flash, HDR, panorama","2160p@30fps, 1080p@60fps, 720p@120fps, HDR",Snapdragon 801,3 GB RAM,16Gb,Có,146 x 72 x 7.3 mm,152 g,Li-Ion 3100 mAh,2G/3G/4G,2 Sim,Wi-Fi 802.11 a/b/g/n/ac
"https://didongmango.com/images/products/2020/07/06/large/sony-xz1-hot-qua_1594024839.jpg,https://didongmango.com/images/products/2019/07/02/original/vi-vn-sony-xperia-xz1-7_1562058432.jpg.jpg",,2.390.000₫,Sony Xperia XZ1 cũ (Đẹp 99%) ,0982351080,https://didongmango.com/sony-xz1/sony-xperia-xz1-cu-dep-99-p813.html,5/5,632,SONY,"Hồng,Đen,Trắng,Xanh",,"8.0 Oreo, nâng cấp lên 9.0",Tiếng Việt,IPS 5.2 inches Full HD,"19 MP, f/2.0","13 MP, f/2.0","LED flash, HDR, panorama","2160p@30fps, 1080p@60fps, 1080p@30fps gyro-EIS, 720p@960fps",Snapdragon 835,4 GB RAM,64Gb,Có,146 x 72 x 8.1 mm,161 g,Li-Ion 2700 mAh,2G/3G/4G,1 Sim,Wi-Fi 802.11 a/b/g/n/ac
https://didongmango.com/images/products/2022/06/23/large/fxrbig_simg_de2fe0_500x500_maxb_1656040507.jpg,,1.290.000₫,Sony Z3 2 SIM Mới ,0982351080,https://didongmango.com/sony-z3/sony-z3-2-sim-moi-p1522.html,5/5,4,SONY,,,6.0,Tiếng Việt,IPS 5.2 inches Full HD,"20.7 MP, f/2.0","2.2 MP, f/2.8","LED flash, HDR, panorama","2160p@30fps, 1080p@60fps, 720p@120fps, HDR",Snapdragon 801,3 GB RAM,16Gb,Có,146 x 72 x 7.3 mm,152 g,Li-Ion 3100 mAh,2G/3G/4G,2 Sim,Wi-Fi 802.11 a/b/g/n/ac
"https://didongmango.com/images/products/2022/06/10/original/xd_1654880364.jpg.jpg,https://didongmango.com/images/products/2022/06/10/original/xv_1654880364.jpg.jpg,https://didongmango.com/images/products/2022/06/10/original/xt_1654880364.jpg.jpg",256G,7.990.000₫,iPhone Xs 256G cũ (Đẹp 99%) ,0982351080,https://didongmango.com/iphone-xs-max/iphone-xs-256g-cu-dep-99-p774.html,5/5,42,IPHONE,"Đen,Trắng,Vàng",iOS 14.4,Có tiếng Việt,Super Retina OLED 5.8 inches 1125 x 2436 pixels,"12 MP, f/1.8 + 12 MP, f/2.4","7 MP, f/2.2","Chụp ảnh xóa phông, Chế độ Slow Motion, Chế độ chụp ban đêm ánh sáng yếu, A.I Camera, Điều chỉnh khẩu độ, Tự động lấy nét, Chạm lấy nét, Nhận diện khuôn mặt, HDR, Panorama, Chống rung quang học OIS","4K@24/30/60fps, 1080p@30/60/120/240fps, HDR, stereo sound rec.",Apple A12 Bionic 6 nhân,4 Gb,256 Gb,Không,Dài 143.6 mm - Ngang 70.9 mm - Dày 7.7 mm,177g,2658 mAh,"3G, 4G LTE Cat 16",Nano SIM & eSIM,"Wi-Fi 802.11 a/b/g/n/ac, Dual-band, Wi-Fi hotspot","Sạc nhanh, sạc không dây"
"https://didongmango.com/images/products/2022/06/10/original/xd_1654880060.jpg.jpg,https://didongmango.com/images/products/2022/06/10/original/xv_1654880060.jpg.jpg,https://didongmango.com/images/products/2022/06/10/original/xt_1654880060.jpg.jpg",256G,9.990.000₫,iPhone Xs Max 256G cũ (Đẹp 99%) ,0982351080,https://didongmango.com/iphone-xs-max/iphone-xs-max-256g-cu-dep-99-p777.html,4/5,48,IPHONE,"Trắng,Đen,Vàng",iOS 14.4,Có tiếng Việt,Super Retina OLED 6.5 inches 1242 x 2688 pixels,"12 MP, f/1.8 + 12 MP, f/2.4","7 MP, f/2.2","Chụp ảnh xóa phông, Chế độ Slow Motion, Chế độ chụp ban đêm ánh sáng yếu, A.I Camera, Điều chỉnh khẩu độ, Tự động lấy nét, Chạm lấy nét, Nhận diện khuôn mặt, HDR, Panorama, Chống rung quang học OIS","4K@24/30/60fps, 1080p@30/60/120/240fps, HDR, stereo sound rec.",Apple A12 Bionic 6 nhân,4 Gb,256 Gb,Không,Dài 157.5 mm - Ngang 77.4 mm - Dày 7.7 mm,208g,3174 mAh,"3G, 4G LTE Cat 16",Nano SIM & eSIM,"Wi-Fi 802.11 a/b/g/n/ac, Dual-band, Wi-Fi hotspot","Sạc nhanh, sạc không dây"
"https://didongmango.com/images/products/2022/01/16/large/formatfactoryuntitled-1_1642319976.jpg,https://didongmango.com/images/products/2020/09/05/original/1_1599276115.jpg.jpg",16G,1.090.000₫,Sony Z3 16G cũ (Đẹp 98-99%) ,0982351080,https://didongmango.com/sony-z3/sony-z3-p1340.html,5/5,292,SONY,"Trắng,Vàng,Đen,Xanh",,6.0,Tiếng Việt,IPS 5.2 inches Full HD,"20.7 MP, f/2.0","2.2 MP, f/2.8","LED flash, HDR, panorama","2160p@30fps, 1080p@60fps, 720p@120fps, HDR",Snapdragon 801,3 GB RAM,16 Gb,Có,146 x 72 x 7.3 mm,152 g,Li-Ion 3100 mAh,2G/3G/4G,1 Sim,Wi-Fi 802.11 a/b/g/n/ac
https://didongmango.com/images/products/2022/04/24/large/untitled-2_1650850887.jpg,,5.190.000₫,LG Velvet 5G 2 SIM cũ ,0982351080,https://didongmango.com/lg-velvet/lg-velvet-5g-2-sim-cu-dep-99-p1482.html,5/5,103,LG,Đen,,,Có tiếng Việt,P-OLED 6.8\ Full HD+,48MP + 8MP + 5MP,16 MP,"Dual-LED flash, HDR, panorama","FullHD 1080p@30fps,  FullHD 1080p@60fps,  4K 2160p@30fps",Snapdragon 765,8GB,128 GB,,167.1 x 74 x 7.85 mm,180g,"4,300 mAh",2G/3G/4G/5G,2 SIM,Wi-Fi 802.11 a/b/g/n/ac
https://didongmango.com/images/products/2022/06/14/large/2u4064d20170411t17111477339_1655193147.jpg,,2.190.000₫,Sony Xperia XZs 2 SIM cũ (Đẹp 99%) ,0982351080,https://didongmango.com/sony-xz/sony-xperia-xzs-2-sim-cu-dep-99-p1515.html,5/5,741,SONY,"Trắng,Đen,Xanh,Vàng",,7.1,Tiếng Việt,IPS 5.2 inches Full HD,"19 MP, f/2.0","13 MP, f/2.0","LED flash, HDR, panorama","2160p@30fps, 1080p@30fps gyro-EIS, 720p@960fps, HDR",Snapdragon 820,4 GB RAM,32Gb,Có,146 x 72 x 8.1 mm,161 g,Li-Ion 2900 mAh,2G/3G/4G,2 Sim,Wi-Fi 802.11 a/b/g/n/ac
"https://didongmango.com/images/products/2021/07/25/large/sony-xperia-xz--1_1562058368jpg_1627262160.jpg,https://didongmango.com/images/products/2019/07/02/original/sony-xperia-xz--1_1562058368.jpg.jpg",,1.690.000₫,Sony Xperia XZ cũ (Đẹp 99%) ,0982351080,https://didongmango.com/sony-xz/sony-xperia-xz-cu-dep-99-p741.html,5/5,747,SONY,"Trắng,Hồng,Xanh,Đen",,6.0,Tiếng Việt,IPS 5.2 inches Full HD,"23 MP, f/2.0","13 MP, f/2.0","LED flash, HDR, panorama","2160p@30fps, 1080p@60fps, 720p@120fps, HDR",Snapdragon 820 14 nm,3 GB RAM,32Gb,"MicroSD, hỗ trợ tối đa 512 GB",146 x 72 x 8.1 mm,161 g,Li-Ion 2900 mAh,2G/3G/4G,1 SIM NANO,Wi-Fi 802.11 a/b/g/n/ac
"https://didongmango.com/images/products/2022/06/10/original/xd_1654880260.jpg.jpg,https://didongmango.com/images/products/2022/06/10/original/xv_1654880260.jpg.jpg,https://didongmango.com/images/products/2022/06/10/original/xt_1654880260.jpg.jpg",64G,8.790.000₫,iPhone Xs Max 64G cũ (Đẹp 99%) ,0982351080,https://didongmango.com/iphone-xs-max/iphone-xs-max-64g-cu-dep-99-p776.html,5/5,113,IPHONE,"Đen,Trắng,Vàng",iOS 14.4,Có tiếng Việt,Super Retina OLED 6.5 inches 1242 x 2688 pixels,"12 MP, f/1.8 + 12 MP, f/2.4","7 MP, f/2.2","Chụp ảnh xóa phông, Chế độ Slow Motion, Chế độ chụp ban đêm ánh sáng yếu, A.I Camera, Điều chỉnh khẩu độ, Tự động lấy nét, Chạm lấy nét, Nhận diện khuôn mặt, HDR, Panorama, Chống rung quang học OIS","4K@24/30/60fps, 1080p@30/60/120/240fps, HDR, stereo sound rec.",Apple A12 Bionic 6 nhân,4 Gb,64 Gb,Không,Dài 157.5 mm - Ngang 77.4 mm - Dày 7.7 mm,208g,3174 mAh,"3G, 4G LTE Cat 16",Nano SIM & eSIM,"Wi-Fi 802.11 a/b/g/n/ac, Dual-band, Wi-Fi hotspot","Sạc nhanh, sạc không dây"
https://didongmango.com/images/products/2020/03/06/original/iphone-5c-32gb-1_1562743667jpg_1583465514.jpg.jpg,16G,1.190.000₫,iPhone 5C 16G cũ (Đẹp 98-99%) - Cam kết hàng nguyên bản ,0982351080,https://didongmango.com/iphone-5c/iphone-5c-16g-cu-dep-97-99-p1083.html,5/5,78,IPHONE,"Xanh,Xanh,Trắng,Hồng,Vàng",iOS 10.3.3,Tiếng Việt,IPS LCD 4.0 inches 640 x 1136 pixels,"8 MP, f/2.4",1.2 MP,"LED flash, panorama, HDR",1080p@30fps,Apple A6,1 GB,16 GB,Không,124.4 x 59.2 x 9 mm,132 g,Li-Po 1510 mAh,2G/ 3G/ 4G,1 SIM NANO,Wi-Fi 802.11 b/g/n,2.0
"https://didongmango.com/images/products/2022/06/09/original/xzp-trang_1654773337.jpg.jpg,https://didongmango.com/images/products/2022/06/09/original/xzph_1654773337.jpg.jpg,https://didongmango.com/images/products/2022/06/09/original/xzpdo_1654773337.jpg.jpg,https://didongmango.com/images/products/2022/06/09/original/xzpd_1654773337.jpg.jpg",,3.690.000₫,Sony XZ Premium 2 SIM cũ (Đẹp 99%) ,0982351080,https://didongmango.com/sony-xz-premium/sony-xz-premium-2-sim-cu-dep-99-p949.html,5/5,311,SONY,"Đen,Titan,Đỏ,Hồng",,8.0 Oreo,Đa ngôn ngữ,IPS LCD 5.46 inches 4K 2160 x 3840 Pixels,19 MP,"13 MP Camera góc rộng, Nhận diện khuôn mặt, Chụp bằng giọng nói, Quay video Full HD, Chế độ làm đẹp","Tự động lấy nét, Chạm lấy nét, Nhận diện khuôn mặt, HDR, Panorama","2160p@30fps, 1080p@30fps gyro-EIS, 720p@960fps, HDR",Qualcomm Snapdragon 835 8 nhân 64-bit,4 GB,64 GB,"MicroSD, hỗ trợ tối đa 256 GB",Dài 156 mm - Rộng 77 mm - Ngang 7.9 mm,191 g,Pin chuẩn Li-Ion 3230 mAh,"3G, 4G LTE Cat 16",2 SIM Nano SIM 2 chung khe thẻ nhớ,"Wi-Fi 802.11 a/b/g/n/ac, Dual-band, DLNA, Wi-Fi Direct, Wi-Fi hotspot"
"https://didongmango.com/images/products/2022/06/09/original/xzp-trang_1654773192.jpg.jpg,https://didongmango.com/images/products/2022/06/09/original/xzph_1654773192.jpg.jpg,https://didongmango.com/images/products/2022/06/09/original/xzpdo_1654773192.jpg.jpg,https://didongmango.com/images/products/2022/06/09/original/xzpd_1654773192.jpg.jpg",,2.590.000₫,Sony XZ Premium cũ (Đẹp 99%)  ,0982351080,https://didongmango.com/sony-xz-premium/sony-xz-premium-cu-99-p1190.html,5/5,732,SONY,"Đen,Titan,Đỏ",,8.0 Oreo,Đa ngôn ngữ,IPS LCD 5.46 inches 4K 2160 x 3840 Pixels,19 MP,"13 MP Camera góc rộng, Nhận diện khuôn mặt, Chụp bằng giọng nói, Quay video Full HD, Chế độ làm đẹp","Tự động lấy nét, Chạm lấy nét, Nhận diện khuôn mặt, HDR, Panorama","2160p@30fps, 1080p@30fps gyro-EIS, 720p@960fps, HDR",Qualcomm Snapdragon 835 8 nhân 64-bit,4 GB,64 GB,"MicroSD, hỗ trợ tối đa 256 GB",Dài 156 mm - Rộng 77 mm - Ngang 7.9 mm,191 g,Pin chuẩn Li-Ion 3230 mAh,"3G, 4G LTE Cat 16",1 SIM Nano,"Wi-Fi 802.11 a/b/g/n/ac, Dual-band, DLNA, Wi-Fi Direct, Wi-Fi hotspot"
https://didongmango.com/images/products/2020/04/25/original/gsmarena_002_1587811369.jpg.jpg,,4.790.000₫,LG Velvet 5G cũ (đẹp 99%) ,0982351080,https://didongmango.com/lg-velvet/lg-velvet-p1331.html,5/5,61,LG,"Đen,Đỏ,Trắng,Xanh",,,Có tiếng Việt,,48MP + 8MP + 5MP,16 MP,"Dual-LED flash, HDR, panorama",,Snapdragon 765,8GB,128 GB,,167.1 x 74 x 7.85 mm,180g,"4,300 mAh",2G/3G/4G/5G,,Wi-Fi 802.11 a/b/g/n/ac
"https://didongmango.com/images/products/2022/06/09/original/xzp-trang_1654773111.jpg.jpg,https://didongmango.com/images/products/2022/06/09/original/xzph_1654773111.jpg.jpg,https://didongmango.com/images/products/2022/06/09/original/xzpd_1654773111.jpg.jpg,https://didongmango.com/images/products/2022/06/09/original/xzpdo_1654773111.jpg.jpg",,2.890.000₫,Sony XZ Premium Mới ,0982351080,https://didongmango.com/sony-xz-premium/sony-xz-premium-new-p1272.html,5/5,416,SONY,"Đen,Đỏ,Titan",,8.0 Oreo,Đa ngôn ngữ,IPS LCD 5.46 inches 4K 2160 x 3840 Pixels,19 MP,"13 MP Camera góc rộng, Nhận diện khuôn mặt, Chụp bằng giọng nói, Quay video Full HD, Chế độ làm đẹp","Tự động lấy nét, Chạm lấy nét, Nhận diện khuôn mặt, HDR, Panorama","2160p@30fps, 1080p@30fps gyro-EIS, 720p@960fps, HDR",Qualcomm Snapdragon 835 8 nhân 64-bit,4 GB,64 GB,"MicroSD, hỗ trợ tối đa 256 GB",Dài 156 mm - Rộng 77 mm - Ngang 7.9 mm,191 g,Pin chuẩn Li-Ion 3230 mAh,"3G, 4G LTE Cat 16",1 SIM Nano,"Wi-Fi 802.11 a/b/g/n/ac, Dual-band, DLNA, Wi-Fi Direct, Wi-Fi hotspot"
"https://didongmango.com/images/products/2022/06/10/original/5st_1654883270.jpg.jpg,https://didongmango.com/images/products/2022/06/10/original/5sv_1654883270.jpg.jpg,https://didongmango.com/images/products/2022/06/10/original/5sd_1654883270.jpg.jpg",16G,1.690.000₫,iPhone 5S 16G cũ (Đẹp 98-99%) ,0982351080,https://didongmango.com/iphone-5c/iphone-5s-cu-99-p257.html,5/5,286,IPHONE,"Trắng,Xám,Vàng",iOS 12.4.6,Tiếng Việt,IPS LCD 4.0 inches 640 x 1136 pixels,"8 MP, f/2.2","1.2 MP, f/2.4","Dual-LED dual-tone flash, HDR","1080p@30fps, 720p@120fps",Apple A7 Dual-core 1.3 GHz Cyclone,1G,16G,Không,123.8 x 58.6 x 7.6 mm,112 g,Li-Po 1560 mAh,2G/ 3G/ 4G,1 sim,"Wi-Fi 802.11 a/b/g/n/ac, dual-band",
https://didongmango.com/images/products/2019/07/10/original/iphone-5c-32gb_1562743667.jpg.jpg,8G,990.000₫,iPhone 5C 8G cũ (Đẹp 98-99%) - Cam kết hàng nguyên bản ,0982351080,https://didongmango.com/iphone-5c/dien-thoai-iphone-5c-qt-p306.html,5/5,167,IPHONE,"Vàng,Trắng,Xanh,Hồng,Xanh",iOS 10.3.3,Tiếng Việt,IPS LCD 4.0 inches 640 x 1136 pixels,"8 MP, f/2.4",1.2 MP,"LED flash, panorama, HDR",1080p@30fps,Apple A6,1 GB,8 GB,Không,124.4 x 59.2 x 9 mm,132 g,Li-Po 1510 mAh,2G/ 3G/ 4G,1 SIM NANO,Wi-Fi 802.11 b/g/n,2.0
"https://didongmango.com/images/products/2022/06/10/original/5sd_1654883020.jpg.jpg,https://didongmango.com/images/products/2022/06/10/original/5st_1654883020.jpg.jpg,https://didongmango.com/images/products/2022/06/10/original/5sv_1654883021.jpg.jpg",32G,1.890.000₫,iPhone 5S 32G cũ (Đẹp 98-99%) ,0982351080,https://didongmango.com/iphone-5c/iphone-5s-cu-99-copy-p1473.html,5/5,5,IPHONE,"Trắng,Vàng,Xám",iOS 12.4.6,Tiếng Việt,IPS LCD 4.0 inches 640 x 1136 pixels,"8 MP, f/2.2","1.2 MP, f/2.4","Dual-LED dual-tone flash, HDR","1080p@30fps, 720p@120fps",Apple A7 Dual-core 1.3 GHz Cyclone,1G,16G,Không,123.8 x 58.6 x 7.6 mm,112 g,Li-Po 1560 mAh,2G/ 3G/ 4G,1 sim,"Wi-Fi 802.11 a/b/g/n/ac, dual-band",
"https://didongmango.com/images/products/2020/07/29/large/formatfactorygoogle-pixel-2-xl-la-vua_1595999002.jpg,https://didongmango.com/images/products/2020/07/29/original/camera-gg-_1595999098.jpg.jpg",,2.890.000₫,Google Pixel 2 XL Mới ,0982351080,https://didongmango.com/pixel-2-xl/google-pixel-2-xl-new-p1343.html,5/5,81,Google Pixel,"Đen,Trắng",,10,Tiếng Việt,P-OLED 6.0 inches 1440 x 2880 pixels,12.2 MP,8 MP,"Dual-LED flash, HDR, panorama","4K@30fps gyro-EIS, 1080p@30/60/120fps gyro-EIS, 720p@240fps gyro-EIS",Snapdragon 835,4GB,64GB,Không,157.9 x 76.7 x 7.9 mm,175 g 6.17 oz,3520 mAh,2G / 3G / 4G,1 SIM,"Wi-Fi 802.11 a/b/g/n/ac, dual-band, Wi-Fi Direct, DLNA, hotspot"
"https://didongmango.com/images/products/2020/07/27/large/formatfactorygoogle-pixel-2-xl-la-vua_1595845024.jpg,https://didongmango.com/images/products/2020/07/23/original/camera-gg-_1595467720.jpg.jpg",,2.590.000₫,Google Pixel 2 XL cũ (Đẹp 99%) ,0982351080,https://didongmango.com/pixel-2-xl/google-pixel-2-xl-p1341.html,5/5,416,Google Pixel,"Đen,Trắng",,10,Tiếng Việt,P-OLED 6.0 inches 1440 x 2880 pixels,12.2 MP,8 MP,"Dual-LED flash, HDR, panorama","4K@30fps gyro-EIS, 1080p@30/60/120fps gyro-EIS, 720p@240fps gyro-EIS",Snapdragon 835,4GB,64GB,Không,157.9 x 76.7 x 7.9 mm,175 g 6.17 oz,3520 mAh,2G / 3G / 4G,1 SIM,"Wi-Fi 802.11 a/b/g/n/ac, dual-band, Wi-Fi Direct, DLNA, hotspot"
https://didongmango.com/images/products/2021/03/09/original/pixel-2_1615276897.png.png,,2.290.000₫,Google Pixel 2 cũ (Đẹp 99%) ,0982351080,https://didongmango.com/pixel-2-xl/pixel-2-p1447.html,5/5,118,Google Pixel,"Đen,Trắng,Xanh",,8.0,Tiếng Việt,AMOLED 5.0 inches 1080 x 1920 pixels,12.2 MP,8 MP,"Dual-LED flash, HDR, panorama","4K@30fps gyro-EIS, 1080p@30/60/120fps gyro-EIS, 720p@240fps gyro-EIS",Snapdragon 835,4GB,64GB,Không,145.7 x 69.7 x 7.8 mm,143 g,2700 mAh,2G / 3G / 4G,1 SIM,"Wi-Fi 802.11 a/b/g/n/ac, dual-band, Wi-Fi Direct, DLNA, hotspot"
"https://didongmango.com/images/products/2022/06/10/original/5seh_1654883127.jpg.jpg,https://didongmango.com/images/products/2022/06/10/original/5sex_1654883127.jpg.jpg,https://didongmango.com/images/products/2022/06/10/original/5sev_1654883127.jpg.jpg,https://didongmango.com/images/products/2022/06/10/original/set_1654883128.jpg.jpg",32G,2.390.000₫,iPhone 5SE 32G cũ (Đẹp 99%) ,0982351080,https://didongmango.com/iphone-5c/iphone-5-se-32g-cu-99-p751.html,5/5,65,IPHONE,"Trắng,Xám,Hồng,Vàng",iOS 11,Tiếng Việt,IPS LCD 4.0 inches 640 x 1136 pixels,"12 MP, f/2.2","1.2 MP f/2.4, 31mm","Autofocus, HDR, Panorama, Led Flash","4K@30fps, 1080p@30/60fps, 1080p@120fps, 720p@240fps",Apple A9 Dual-core 1.84 GHz Twister,2G,32G,Không,123.8 x 58.6 x 7.6 mm,113g,Li-Po 1624 mAh,2G/ 3G/ 4G,1 sim,"Wi-Fi 802.11 a/b/g/n/ac, dual-band",
https://didongmango.com/images/products/2022/06/28/large/avt-google-pixel-4a-xanh_1656471880.png,,5.590.000₫,Google Pixel 4a cũ (Đẹp 99%) ,0982351080,https://didongmango.com/google-pixel-4-xl/google-pixel-4a-cu-dep-99-p1537.html,5/5,84,Google Pixel,"Hồng,Titan,Đen,Xám",,10,Tiếng Việt,P-OLED 6.3 inches 1440 x 3040 pixels,12.2 MP + 16 MP,8 MP + 8 MP,"Dual-LED flash, Auto-HDR, panorama","4K@30fps, 1080p@30/60/120fps, 1080p@30fps gyro-EIS",Snapdragon 855,6GB,64GB,Không,160.4 x 75.1 x 8.2 mm,193 g,3700 mAh,2G / 3G / 4G,1 SIM,"Wi-Fi 802.11 a/b/g/n/ac, dual-band, Wi-Fi Direct, DLNA, hotspot"
"https://didongmango.com/images/products/2022/06/10/original/5seh_1654883197.jpg.jpg,https://didongmango.com/images/products/2022/06/10/original/5sev_1654883197.jpg.jpg,https://didongmango.com/images/products/2022/06/10/original/set_1654883197.jpg.jpg,https://didongmango.com/images/products/2022/06/10/original/5sex_1654883197.jpg.jpg",16G,2.090.000₫,iPhone 5SE 16G cũ (Đẹp 99%) ,0982351080,https://didongmango.com/iphone-5c/iphone-5-se-cu-p740.html,5/5,336,IPHONE,"Trắng,Xám,Hồng,Vàng",iOS 14.4,Tiếng Việt,IPS LCD 4.0 inches 640 x 1136 pixels,12 MP f/2.2,"1.2 MP f/2.4, 31mm","Dual-LED dual-tone flash, HDR","4K@30fps, 1080p@30/60fps, 1080p@120fps, 720p@240fps",Apple A9 Dual-core 1.84 GHz Twister,2G,16G,Không,123.8 x 58.6 x 7.6 mm,113g,Li-Po 1624 mAh,2G/ 3G/ 4G,1 sim,"Wi-Fi 802.11 a/b/g/n/ac, dual-band",
"https://didongmango.com/images/products/2021/07/31/large/videoyyyy-4k_1627783422.jpg,https://didongmango.com/images/products/2021/07/28/original/maxresdefault_1627529495.jpg.jpg",,4.390.000₫,LG V50 ThinQ 5G cũ (Đẹp 99%) ,0982351080,https://didongmango.com/lg-v50/lg-v50-thinq-5g-cu-dep-99-p1074.html,5/5,636,LG,Đen,,9.0 Pie; LG UX 8.0,Đa ngôn ngữ,"P-OLED 6.4 inches 1440 x 3120 pixels, 19.59 ratio","12 MP, 27mm standard, f/1.5 + 12 MP, 52mm telephoto, f/2.4 + 16 MP, 16mm ultrawide, f/1.9",8 MP + 5 MP,HDR,"2160p@30/60fps, 1080p@30/60/240fps, 24-bit/192kHz stereo sound rec., HDR10 video, gyro-EIS",Qualcomm SDM855 Snapdragon 855 7 nm,6 GB RAM,128GB,"microSD, up to 1 TB",159.2 x 76.1 x 8.3 mm,183 g,Li-Po 4000 mAh,2G/ 3G/ 4G,1 Sim,"Wi-Fi 802.11 a/b/g/n/ac, dual-band, Wi-Fi Direct, DLNA, hotspot"
"https://didongmango.com/images/products/2022/06/08/original/600_1654707582.jpg.jpg,https://didongmango.com/images/products/2022/06/08/original/900_1654707627.jpg.jpg",,4.890.000₫,Google Pixel 4 XL cũ (Đẹp 99%) ,0982351080,https://didongmango.com/google-pixel-4-xl/google-pixel-4-xl-cu-dep-99-p1478.html,5/5,84,Google Pixel,"Đen,Trắng",,10,Tiếng Việt,P-OLED 6.3 inches 1440 x 3040 pixels,12.2 MP + 16 MP,8 MP + 8 MP,"Dual-LED flash, Auto-HDR, panorama","4K@30fps, 1080p@30/60/120fps, 1080p@30fps gyro-EIS",Snapdragon 855,6GB,64GB,Không,160.4 x 75.1 x 8.2 mm,193 g,3700 mAh,2G / 3G / 4G,1 SIM,"Wi-Fi 802.11 a/b/g/n/ac, dual-band, Wi-Fi Direct, DLNA, hotspot"
https://didongmango.com/images/products/2022/06/26/large/google-pixel-4-xl-1-600x600_1656216761.jpg,,6.990.000₫,Google Pixel 4 XL Mới ,0982351080,https://didongmango.com/google-pixel-4-xl/google-pixel-4-xl-p1347.html,5/5,6,Google Pixel,"Đen,Trắng",,10,Tiếng Việt,P-OLED 6.3 inches 1440 x 3040 pixels,12.2 MP + 16 MP,8 MP + 8 MP,"Dual-LED flash, Auto-HDR, panorama","4K@30fps, 1080p@30/60/120fps, 1080p@30fps gyro-EIS",Snapdragon 855,6GB,64GB,Không,160.4 x 75.1 x 8.2 mm,193 g,3700 mAh,2G / 3G / 4G,1 SIM,"Wi-Fi 802.11 a/b/g/n/ac, dual-band, Wi-Fi Direct, DLNA, hotspot"
"https://didongmango.com/images/products/2020/08/26/large/3xl_1598433772.jpg,https://didongmango.com/images/products/2020/08/26/original/dims-4_1598433851.jpg.jpg",,3.690.000₫,Google Pixel 3 XL Mới ,0982351080,https://didongmango.com/google-pixel-3-xl/gogle-pixel-3-xl-new-p1345.html,5/5,327,Google Pixel,"Hồng,Đen,Trắng",,10,Tiếng Việt,P-OLED 6.3 inches 1440 x 2960 pixels,12.2 MP,8 MP + 8 MP,"Dual-LED flash, Auto-HDR, panorama","4K@30fps, 1080p@30/60/120fps, 1080p@30fps gyro-EIS",Snapdragon 845,4GB,64GB,Không,158 x 76.7 x 7.9 mm,184 g,3430 mAh,2G / 3G / 4G,1 SIM,"Wi-Fi 802.11 a/b/g/n/ac, dual-band, Wi-Fi Direct, DLNA, hotspot"
https://didongmango.com/images/products/2021/12/09/original/lg-v50s-3_1639038943.jpg.jpg,,4.190.000₫,LG V50s Ram 8G/256G ThinQ 5G cũ (Đẹp 99%) ,0982351080,https://didongmango.com/lg-v50/lg-v50-thinq-p1366.html,5/5,193,LG,Đen,,9 Pie,Tiếng Việt,OLED 6.4 inches 1080 x 2340 pixels,12 MP + 13 MP,32 MP,"Lấy nét bằng laser Chuyên nghiệp Pro, HDR, Nhận diện khuôn mặt, Tự động lấy nét AF, Làm đẹp Beautify, Chống rung quang học OIS, Toàn cảnh Panorama, Chạm lấy nét, Zoom quang học, Xoá phông, Quay chậm Slow Motion, Ban đêm Night Mode","4K@30/60fps, 1080p@30/60/240fps, 24-bit/192kHz stereo sound rec., gyro-EIS",Qualcomm SM8150 Snapdragon 855 7 nm,8GB,256GB,Có,159.3 x 75.8 x 8.4 mm,192 g,Li-Po 4000 mAh,2G/3G/4G/5G,1 SIM,"Wi-Fi 802.11 a/b/g/n/ac, dual-band, Wi-Fi Direct, DLNA, hotspot"
"https://didongmango.com/images/products/2020/08/26/large/3xl_1598433738.jpg,https://didongmango.com/images/products/2020/08/26/original/dims-4_1598433860.jpg.jpg",,3.390.000₫,Google Pixel 3 XL cũ (Đẹp 99%) ,0982351080,https://didongmango.com/google-pixel-3-xl/google-pixel-3-xl-p1344.html,5/5,119,Google Pixel,"Đen,Hồng,Trắng",,10,Tiếng Việt,P-OLED 6.3 inches 1440 x 2960 pixels,12.2 MP,8 MP + 8 MP,"Dual-LED flash, Auto-HDR, panorama","4K@30fps, 1080p@30/60/120fps, 1080p@30fps gyro-EIS",Snapdragon 845,4GB,64GB,Không,158 x 76.7 x 7.9 mm,184 g,3430 mAh,2G / 3G / 4G,1 SIM,"Wi-Fi 802.11 a/b/g/n/ac, dual-band, Wi-Fi Direct, DLNA, hotspot"
"https://didongmango.com/images/products/2021/07/31/large/videoyyyy-4k_1627783430.jpg,https://didongmango.com/images/products/2021/07/28/original/maxresdefault_1627529576.jpg.jpg",,4.990.000₫,LG V50 ThinQ 5G Mới ,0982351080,https://didongmango.com/lg-v50/lg-v50-thinq-5g-new-p1349.html,5/5,199,LG,Đen,,9.0 Pie; LG UX 8.0,Đa ngôn ngữ,"P-OLED 6.4 inches 1440 x 3120 pixels, 19.59 ratio","12 MP, 27mm standard, f/1.5 + 12 MP, 52mm telephoto, f/2.4 + 16 MP, 16mm ultrawide, f/1.9",8 MP + 5 MP,HDR,"2160p@30/60fps, 1080p@30/60/240fps, 24-bit/192kHz stereo sound rec., HDR10 video, gyro-EIS",Qualcomm SDM855 Snapdragon 855 7 nm,6 GB RAM,128GB,"microSD, up to 1 TB",159.2 x 76.1 x 8.3 mm,183 g,Li-Po 4000 mAh,2G/ 3G/ 4G,1 Sim,"Wi-Fi 802.11 a/b/g/n/ac, dual-band, Wi-Fi Direct, DLNA, hotspot"
"https://didongmango.com/images/products/2022/06/10/original/6d_1654884103.jpg.jpg,https://didongmango.com/images/products/2022/06/10/original/6t_1654884103.jpg.jpg,https://didongmango.com/images/products/2022/06/10/original/6v_1654884103.jpg.jpg",64G,2.290.000₫,iPhone 6 64G cũ (Đẹp 99%) ,0982351080,https://didongmango.com/iphone-6s/iphone-6-64gb-cu-99-p753.html,5/5,50,IPHONE,"Xám,Trắng,Vàng",iOS 10,Tiếng Việt,LED-backlit IPS LCD 4.7 inches 750 x 1334 pixels,"8 MP, f/2.2","1.2 MP, f/2.2","Autofocus, HDR, Panorama, Led Flash","1080p@60fps, 720p@240fps",Apple A8 Dual-core 1.4 GHz,1G,64G,Không,138.1 x 67 x 6.9 mm,129g,Li-Po 1810 mAh,2G/ 3G/ 4G,1 sim,"Wi-Fi 802.11 a/b/g/n/ac, dual-band",Lightning
"https://didongmango.com/images/products/2022/06/10/original/6sx_1654884276.jpg.jpg,https://didongmango.com/images/products/2022/06/10/original/6sv_1654884276.jpg.jpg,https://didongmango.com/images/products/2022/06/10/original/6sh_1654884276.jpg.jpg,https://didongmango.com/images/products/2022/06/10/original/6st_1654884277.jpg.jpg",64G,2.790.000₫,iPhone 6s 64G cũ (Đẹp 99%) ,0982351080,https://didongmango.com/iphone-6s/iphone-6s-64g-cu-99-p747.html,5/5,76,IPHONE,"Hồng,Trắng,Xám,Vàng",iOS 11,Tiếng Việt,LED-backlit IPS LCD 4.7 inches Retina 750 x 1334 pixels,"12 MP, f/2.2","5 MP, f/2.2","Autofocus, HDR, Panorama, Led Flash","4K@30fps, 1080p@60fps,1080p@120fps, 720p@240fps",Apple A9 Dual-core 1.84 GHz Twister,2G,64G,Không,138.3 x 67.1 x 7.1 mm,143g,Li-Ion 1715 mAh,2G/ 3G/ 4G,1 sim,"Wi-Fi 802.11 a/b/g/n/ac, dual-band",
"https://didongmango.com/images/products/2022/06/10/original/6d_1654884197.jpg.jpg,https://didongmango.com/images/products/2022/06/10/original/6t_1654884197.jpg.jpg,https://didongmango.com/images/products/2022/06/10/original/6v_1654884197.jpg.jpg",16G,1.990.000₫,iPhone 6 16Gb cũ (Đẹp 99%) ,0982351080,https://didongmango.com/iphone-6s/iphone-6-cu-99---16g-p752.html,5/5,91,IPHONE,"Trắng,Xám,Vàng",iOS 10,Tiếng Việt,LED-backlit IPS LCD 4.7 inches 750 x 1334 pixels,"8 MP, f/2.2","1.2 MP, f/2.2","Autofocus, HDR, Panorama, Led Flash","1080p@60fps, 720p@240fps",Apple A8 Dual-core 1.4 GHz,1G,16G,Không,138.1 x 67 x 6.9 mm,129g,Li-Po 1810 mAh,2G/ 3G/ 4G,1 sim,"Wi-Fi 802.11 a/b/g/n/ac, dual-band",Lightning
"https://didongmango.com/images/products/2022/06/10/original/6st_1654884380.jpg.jpg,https://didongmango.com/images/products/2022/06/10/original/6sh_1654884380.jpg.jpg,https://didongmango.com/images/products/2022/06/10/original/6sx_1654884380.jpg.jpg,https://didongmango.com/images/products/2022/06/10/original/6sv_1654884380.jpg.jpg",16G,2.890.000₫,iPhone 6S Plus 16G cũ (Đẹp 99%) ,0982351080,https://didongmango.com/iphone-6s/iphone-6s-plus-cu-16g-99-p417.html,5/5,88,IPHONE,"Hồng,Trắng,Vàng,Xám",iOS 11,Tiếng Việt,LED-backlit IPS LCD 5.5 inches 1080 x 1920 pixels,"12 MP, f/2.2","5 MP, f/2.2","Autofocus, HDR, Panorama, Led Flash","4K@30fps, 1080p@60fps, 1080p@120fps, 720p@240fps",Apple A9 Dual-core 1.84 GHz Twister,2G,16G,Không,158.2 x 77.9 x 7.3 mm,192g,Li-Ion 2750 mAh,2G/ 3G/ 4G,1 sim,"Wi-Fi 802.11 a/b/g/n/ac, dual-band",Lightning
"https://didongmango.com/images/products/2022/06/10/original/6sh_1654884037.jpg.jpg,https://didongmango.com/images/products/2022/06/10/original/6sx_1654884038.jpg.jpg,https://didongmango.com/images/products/2022/06/10/original/6sv_1654884038.jpg.jpg,https://didongmango.com/images/products/2022/06/10/original/6st_1654884038.jpg.jpg",32G,2.590.000₫,iPhone 6s 32G cũ (Đẹp 99%) ,0982351080,https://didongmango.com/iphone-6s/iphone-6s-32g-cu-dep-99-p758.html,5/5,94,IPHONE,"Hồng,Xám,Trắng,Vàng",iOS 11,Tiếng Việt,LED-backlit IPS LCD 4.7 inches Retina 750 x 1334 pixels,"12 MP, f/2.2","5 MP, f/2.2","Autofocus, HDR, Panorama, Led Flash","4K@30fps, 1080p@60fps,1080p@120fps, 720p@240fps",Apple A9 Dual-core 1.84 GHz Twister,2G,32G,Không,138.3 x 67.1 x 7.1 mm,143g,Li-Ion 1715 mAh,2G/ 3G/ 4G,1 sim,"Wi-Fi 802.11 a/b/g/n/ac, dual-band",
"https://didongmango.com/images/products/2022/06/10/original/7d_1654881949.jpg.jpg,https://didongmango.com/images/products/2022/06/10/original/7v_1654881949.jpg.jpg,https://didongmango.com/images/products/2022/06/10/original/7t_1654881949.jpg.jpg,https://didongmango.com/images/products/2022/06/10/original/7h_1654881949.jpg.jpg,https://didongmango.com/images/products/2022/06/10/original/untitled-1_1654884502.jpg.jpg",128G,3.590.000₫,iPhone 7 128G cũ (Đẹp 99%) ,0982351080,https://didongmango.com/iphone-7/iphone-7-128g-cu-99-p476.html,5/5,152,IPHONE,"Hồng,Trắng,Đen,Vàng,Đỏ",iOS 10,Tiếng Việt,LED-backlit IPS LCD 4.7 inches Retina 750 x 1334 pixels,"12 MP, f/1.8, 28mm, phase detection autofocus, OIS, quad-LED dual tone flash  Led Flash, Autofocus, HDR, Panorama  Quay phim 4K","7 MP, f/2.2, 1080p@30fps, 720p@240fps, face detection, HDR, panorama","Autofocus, HDR, Panorama, Led Flash","4K@30fps, 1080p@30/60/120fps, 720p@240fps",Apple A10 Fusion,2Gb,128G,Không,138.3 x 67.1 x 7.1 mm,138 g,Li-Ion 1960 mAh,2G/ 3G/ 4G,1 sim,"Wi-Fi 802.11 a/b/g/n/ac, dual-band",Lightning
"https://didongmango.com/images/products/2022/06/10/original/6sv_1654884346.jpg.jpg,https://didongmango.com/images/products/2022/06/10/original/6sx_1654884346.jpg.jpg,https://didongmango.com/images/products/2022/06/10/original/6sh_1654884346.jpg.jpg,https://didongmango.com/images/products/2022/06/10/original/6st_1654884346.jpg.jpg",64G,3.890.000₫,iPhone 6S Plus 64G cũ (Đẹp 99%) ,0982351080,https://didongmango.com/iphone-6s/iphone-6s-plus-cu-99---64g-p724.html,5/5,120,IPHONE,"Hồng,Trắng,Vàng,Xám",iOS 11,Tiếng Việt,LED-backlit IPS LCD 5.5 inches 1080 x 1920 pixels,"12 MP, f/2.2","5 MP, f/2.2","Autofocus, HDR, Panorama, Led Flash","4K@30fps, 1080p@60fps, 1080p@120fps, 720p@240fps",Apple A9 Dual-core 1.84 GHz Twister,2G,64G,Không,158.2 x 77.9 x 7.3 mm,192g,Li-Ion 2750 mAh,2G/ 3G/ 4G,1 sim,"Wi-Fi 802.11 a/b/g/n/ac, dual-band",Lightning
https://didongmango.com/images/products/2021/03/27/original/600x600_crop_google-pixel-3-xl_1616828201.jpg.jpg,,3.290.000₫,Google Pixel 3 cũ (Đẹp 99%) ,0982351080,https://didongmango.com/google-pixel-3-xl/google-pixel-3-p1452.html,5/5,104,Google Pixel,"Hồng,Đen,Trắng",,9.0,Tiếng Việt,P-OLED 5.5 inches 1080 x 2160 pixels,12.2 MP,8 MP + 8 MP,Tự động lấy nét AF HDR Chống rung quang học OIS Toàn cảnh Panorama Chạm lấy nét Lấy nét theo pha PDAF,"4K@30fps, 1080p@30/60/120fps, 1080p@30fps gyro-EIS",Snapdragon 845,4GB,64GB,Không,145.6 x 68.2 x 7.9 mm,148 g,2915 mAh,2G / 3G / 4G,1 SIM,"Wi-Fi 802.11 a/b/g/n/ac, dual-band, Wi-Fi Direct, DLNA, hotspot"
"https://didongmango.com/images/products/2022/06/10/original/8pd_1654881300.jpg.jpg,https://didongmango.com/images/products/2022/06/10/original/8pdo_1654881300.jpg.jpg,https://didongmango.com/images/products/2022/06/10/original/8pt_1654881300.jpg.jpg,https://didongmango.com/images/products/2022/06/10/original/8v_1654881300.jpg.jpg",256G,5.990.000₫,iPhone 8 Plus 256G cũ (Đẹp 99%) ,0982351080,https://didongmango.com/iphone-8/iphone-8-plus-cu-99-1-p762.html,5/5,43,IPHONE,"Trắng,Đen,Vàng,Đỏ",iOS 14.4,Tiếng Việt,LED-backlit IPS LCD 5.5 inches Retina 1080 x 1920 pixels,"2x 12 MP, f/1.8, 28mm & f/2.8, 56mm","7 MP, f/2.2","tự động lấy nét nhận diện theo giai đoạn, 2x zoom quang học, OIS, 4 LED flash 2 tone","4K@24/30/60fps, 1080p@30/60/120/240fps",Apple A11 Bionic,3Gb,256G,Không,158.4 x 78.1 x 7.5 mm,202g,Li-Ion 2675,2G/ 3G/ 4G,1 sim,"Wi-Fi 802.11 a/b/g/n/ac, dual-band","Sạc nhanh 15W, sạc không dây"
"https://didongmango.com/images/products/2022/06/10/original/7pd_1654881866.jpg.jpg,https://didongmango.com/images/products/2022/06/10/original/7pv_1654881866.jpg.jpg,https://didongmango.com/images/products/2022/06/10/original/7pt_1654881866.jpg.jpg,https://didongmango.com/images/products/2022/06/10/original/7ph_1654881866.jpg.jpg",32G,4.690.000₫,iPhone 7 Plus 32G cũ (Đẹp 99%) ,0982351080,https://didongmango.com/iphone-7/iphone-7-plus-32g-cu-99-p481.html,5/5,298,IPHONE,"Hồng,Trắng,Đen,Vàng",iOS 14.4,Tiếng Việt,LED-backlit IPS LCD 5.5 inches Full HD,"2x 12 MP, f/1.8, 28mm & f/2.8, 56mm","7 MP, f/2.2","tự động lấy nét nhận diện theo giai đoạn, 2x zoom quang học, OIS, 4 LED flash 2 tone  Chụp ảnh xóa phông  Led Flash, Autofocus, HDR, Panorama","4K@30fps, 1080p@30/60/120fps, 720p@240fps",Apple A10 Fusion,3Gb,32G,Không,158.2 x 77.9 x 7.3 mm,188g,Li-Ion 2900 mAh,2G/ 3G/ 4G,1 sim,"Wi-Fi 802.11 a/b/g/n/ac, dual-band",Lightning
"https://didongmango.com/images/products/2022/06/10/original/thumb_ip11_2_1654879881.jpg.jpg,https://didongmango.com/images/products/2022/06/10/original/thumb_ip11_4_1654879881.jpg.jpg,https://didongmango.com/images/products/2022/06/10/original/thumb_ip11_5_1654879881.jpg.jpg,https://didongmango.com/images/products/2022/06/10/original/thumb_ip11_6_1654879881.jpg.jpg,https://didongmango.com/images/products/2022/06/10/original/thumb_ip11_7_1654879882.jpg.jpg,https://didongmango.com/images/products/2022/06/10/original/thumb_ip11_3_1654879882.jpg.jpg",64G,9.290.000₫,iPhone 11 64G cũ (Đẹp 99%) ,0982351080,https://didongmango.com/iphone-11-pro-max/iphone-11-64g-cu-99-p1178.html,5/5,56,IPHONE,"Trắng,Tím,Đỏ,Đen,Vàng,Xanh",iOS 14.4,Tiếng Việt,Liquid Retina IPS LCD 6.1 inches 828 x 1792 pixels,12 MP + 12MP,12 MP,"Quad-LED dual-tone flash, HDR photo/panorama","2160p@24/30/60fps, 1080p@30/60/120/240fps, HDR, stereo sound rec.",Apple A13 Bionic,4 GB,64 GB,Không,150.9 x 75.7 x 8.3 mm,194 g,3110 mAh,2G/ 3G/ 4G,1 SIM NANO,"Wi-Fi 802.11 a/b/g/n/ac/ax, dual-band, hotspot",Sạc Nhanh 18W
https://didongmango.com/images/products/2022/06/11/large/iphone-11-pro-max-green-600x600_1654938408.jpg,,14.290.000₫,iPhone 11 Pro Max 64G cũ (Đẹp 99%) Pin 9x ,0982351080,https://didongmango.com/iphone-11-pro-max/iphone-11-pro-max-64g-cu-dep-99-pin-9x-p1514.html,4/5,16,IPHONE,"Đen,Trắng,Xanh,Vàng",iOS 14.4,Tiếng Việt,Super Retina XDR OLED 6.5 inches 1242 x 2688 pixels,12MP + 12MP + 12MP,12 MP,"Quad-LED dual-tone flash, HDR photo/panorama","2160p@24/30/60fps, 1080p@30/60/120/240fps, HDR, stereo sound rec.",Apple A13 Bionic,4 GB,64 GB,Không,158 x 77.8 x 8.1 mm,226 g,3969 mAh,2G/ 3G/ 4G,1 SIM NANO,"Wi-Fi 802.11 a/b/g/n/ac/ax, dual-band, hotspot","Sạc nhanh, sạc không dây"
"https://didongmango.com/images/products/2022/06/10/original/thumb_11-promax_1_1654879781.jpg.jpg,https://didongmango.com/images/products/2022/06/10/original/thumb_11-promax_2_1654879781.jpg.jpg,https://didongmango.com/images/products/2022/06/10/original/thumb_11-promax_3_1654879781.jpg.jpg,https://didongmango.com/images/products/2022/06/10/original/thumb_11-promax_4_1654879781.jpg.jpg",64G,10.790.000₫,iPhone 11 Pro 64G cũ (Đẹp 99%) ,0982351080,https://didongmango.com/iphone-11-pro-max/iphone11-pro-p1179.html,5/5,10,IPHONE,"Đen,Trắng,Vàng,Xanh",iOS 14.4,Tiếng Việt,Super Retina XDR OLED 5.8 inches 1125 x 2436 pixel,12 MP + 12 MP + 12 MP,12 MP,"Quad-LED dual-tone flash, HDR photo/panorama","2160p@24/30/60fps, 1080p@30/60/120/240fps, HDR, stereo sound rec.",Apple A13 Bionic,4 GB,64 GB,Không,144 x 71.4 x 8.1 mm,188 g,3046 mAh,"Wi-Fi 802.11 a/b/g/n/ac/ax, dual-band, hotspot",1 SIM NANO,"Wi-Fi 802.11 a/b/g/n/ac/ax, dual-band, hotspot","Sạc nhanh, sạc không dây"
"https://didongmango.com/images/products/2022/06/10/original/6sv_1654884315.jpg.jpg,https://didongmango.com/images/products/2022/06/10/original/6sx_1654884315.jpg.jpg,https://didongmango.com/images/products/2022/06/10/original/6st_1654884315.jpg.jpg,https://didongmango.com/images/products/2022/06/10/original/6sh_1654884315.jpg.jpg",16G,2.390.000₫,iPhone 6S 16G cũ (Đẹp 99%) ,0982351080,https://didongmango.com/iphone-6s/iphone-6s-cu-99-p745.html,5/5,127,IPHONE,"Hồng,Xám,Trắng,Vàng",iOS 11,Tiếng Việt,LED-backlit IPS LCD 4.7 inches Retina 750 x 1334 pixels,"12 MP, f/2.2","5 MP, f/2.2","Autofocus, HDR, Panorama, Led Flash","4K@30fps, 1080p@60fps,1080p@120fps, 720p@240fps",Apple A9 Dual-core 1.84 GHz Twister,2G,16G,Không,138.3 x 67.1 x 7.1 mm,143g,Li-Ion 1715 mAh,2G/ 3G/ 4G,1 sim,"Wi-Fi 802.11 a/b/g/n/ac, dual-band",Lightning
https://didongmango.com/images/products/2022/06/11/original/283713066_3388938837992929_374368596409890717_n_1654938732.jpg.jpg,64G,13.990.000₫,iPhone 11 Pro Max 64G cũ (Đẹp 99%) ,0982351080,https://didongmango.com/iphone-11-pro-max/iphone-11-pro-max-cu-moi-99-p1180.html,4/5,16,IPHONE,"Đen,Trắng,Vàng,Xanh",iOS 14.4,Tiếng Việt,Super Retina XDR OLED 6.5 inches 1242 x 2688 pixels,12MP + 12MP + 12MP,12 MP,"Quad-LED dual-tone flash, HDR photo/panorama","2160p@24/30/60fps, 1080p@30/60/120/240fps, HDR, stereo sound rec.",Apple A13 Bionic,4 GB,64 GB,Không,158 x 77.8 x 8.1 mm,226 g,3969 mAh,2G/ 3G/ 4G,1 SIM NANO,"Wi-Fi 802.11 a/b/g/n/ac/ax, dual-band, hotspot","Sạc nhanh, sạc không dây"
"https://didongmango.com/images/products/2022/06/10/original/thumb_11-promax_1_1654879611.jpg.jpg,https://didongmango.com/images/products/2022/06/10/original/thumb_11-promax_3_1654879611.jpg.jpg,https://didongmango.com/images/products/2022/06/10/original/thumb_11-promax_4_1654879611.jpg.jpg,https://didongmango.com/images/products/2022/06/10/original/thumb_11-promax_2_1654879611.jpg.jpg",256G,11.990.000₫,iPhone 11 Pro 256G cũ (Đẹp 99%) ,0982351080,https://didongmango.com/iphone-11-pro-max/iphone-11-pro-256g-cu-dep-99-p1481.html,5/5,2,IPHONE,"Đen,Trắng,Vàng,Xanh",iOS 14.4,Tiếng Việt,Super Retina XDR OLED 5.8 inches 1125 x 2436 pixel,12 MP + 12 MP + 12 MP,12 MP,"Quad-LED dual-tone flash, HDR photo/panorama","2160p@24/30/60fps, 1080p@30/60/120/240fps, HDR, stereo sound rec.",Apple A13 Bionic,4 GB,64 GB,Không,144 x 71.4 x 8.1 mm,188 g,3046 mAh,"Wi-Fi 802.11 a/b/g/n/ac/ax, dual-band, hotspot",1 SIM NANO,"Wi-Fi 802.11 a/b/g/n/ac/ax, dual-band, hotspot","Sạc nhanh, sạc không dây"
"https://didongmango.com/images/products/2022/06/10/original/7pd_1654881594.jpg.jpg,https://didongmango.com/images/products/2022/06/10/original/7pt_1654881594.jpg.jpg,https://didongmango.com/images/products/2022/06/10/original/7ph_1654881594.jpg.jpg,https://didongmango.com/images/products/2022/06/10/original/7pv_1654881594.jpg.jpg,https://didongmango.com/images/products/2022/06/10/original/7pdo_1654884474.jpg.jpg",128G,5.190.000₫,iPhone 7 Plus 128G cũ (Đẹp 99%) ,0982351080,https://didongmango.com/iphone-7/iphone-7-plus-128g-cu-99-p750.html,5/5,163,IPHONE,"Trắng,Hồng,Đen,Đỏ,Vàng",iOS 14.4,Tiếng Việt,LED-backlit IPS LCD 5.5 inches Full HD,"2x 12 MP, f/1.8, 28mm & f/2.8, 56mm","7 MP, f/2.2","tự động lấy nét nhận diện theo giai đoạn, 2x zoom quang học, OIS, 4 LED flash 2 tone  Chụp ảnh xóa phông  Led Flash, Autofocus, HDR, Panorama","4K@30fps, 1080p@30/60/120fps, 720p@240fps",Apple A10 Fusion,3Gb,128G,Không,158.2 x 77.9 x 7.3 mm,188g,Li-Ion 2900 mAh,2G/ 3G/ 4G,1 sim,"Wi-Fi 802.11 a/b/g/n/ac, dual-band",Lightning
"https://didongmango.com/images/products/2022/06/10/original/thumb_11-promax_1_1654879067.jpg.jpg,https://didongmango.com/images/products/2022/06/10/original/thumb_11-promax_2_1654879068.jpg.jpg,https://didongmango.com/images/products/2022/06/10/original/thumb_11-promax_3_1654879068.jpg.jpg,https://didongmango.com/images/products/2022/06/10/original/thumb_11-promax_4_1654879068.jpg.jpg",256G,15.690.000₫,iPhone 11 Pro Max 256G cũ (Đẹp 99%) ,0982351080,https://didongmango.com/iphone-11-pro-max/iphone-11-pro-max-cu-moi-99-256-p1476.html,5/5,7,IPHONE,"Trắng,Đen,Vàng,Xanh",iOS 14.4,Tiếng Việt,Super Retina XDR OLED 6.5 inches 1242 x 2688 pixels,12MP + 12MP + 12MP,12 MP,"Quad-LED dual-tone flash, HDR photo/panorama","2160p@24/30/60fps, 1080p@30/60/120/240fps, HDR, stereo sound rec.",Apple A13 Bionic,4 GB,256 GB,Không,158 x 77.8 x 8.1 mm,226 g,3969 mAh,2G/ 3G/ 4G,1 SIM NANO,"Wi-Fi 802.11 a/b/g/n/ac/ax, dual-band, hotspot","Sạc nhanh, sạc không dây"
"https://didongmango.com/images/products/2022/06/10/original/thumb_ip11_2_1654879495.jpg.jpg,https://didongmango.com/images/products/2022/06/10/original/thumb_ip11_7_1654879496.jpg.jpg,https://didongmango.com/images/products/2022/06/10/original/thumb_ip11_3_1654879496.jpg.jpg,https://didongmango.com/images/products/2022/06/10/original/thumb_ip11_6_1654879496.jpg.jpg,https://didongmango.com/images/products/2022/06/10/original/thumb_ip11_5_1654879496.jpg.jpg,https://didongmango.com/images/products/2022/06/10/original/thumb_ip11_4_1654879496.jpg.jpg",128G,10.290.000₫,iPhone 11 128G cũ (Đẹp 99%) ,0982351080,https://didongmango.com/iphone-11-pro-max/iphone-11-128g-cu-99-p1486.html,5/5,6,IPHONE,"Trắng,Tím,Đỏ,Đen,Vàng,Xanh",iOS 14.4,Tiếng Việt,Liquid Retina IPS LCD 6.1 inches 828 x 1792 pixels,12 MP + 12MP,12 MP,"Quad-LED dual-tone flash, HDR photo/panorama","2160p@24/30/60fps, 1080p@30/60/120/240fps, HDR, stereo sound rec.",Apple A13 Bionic,4 GB,64 GB,Không,150.9 x 75.7 x 8.3 mm,194 g,3110 mAh,2G/ 3G/ 4G,1 SIM NANO,"Wi-Fi 802.11 a/b/g/n/ac/ax, dual-band, hotspot",Sạc Nhanh 18W
https://didongmango.com/images/products/2020/07/04/original/-1-thietke-sony-xperia-xz2_1593835878.jpg.jpg,,3.190.000₫,Sony Xperia XZ2 Mới ,0982351080,https://didongmango.com/sony-xz2/sony-xperia-xz2-new-p1342.html,5/5,240,SONY,"Tím,Trắng,Đen,Xanh",,8.0,Tiếng Việt,IPS 5.7 inches tỷ lệ 189,"19 MP, f/2.0","5 MP, f/2.2","LED flash, HDR, panorama","2160p@30fps, 1080p@60fps, 1080p@30fps gyro-EIS, 1080p@960fps",Snapdragon 845,4 GB RAM,64Gb,Có,153 x 72 x 11.1 mm,198 g,Li-Ion 3180 mAh,2G/3G/4G,1 Sim,Wi-Fi 802.11 a/b/g/n/ac
https://didongmango.com/images/products/2022/05/23/large/sony-xperia-5-white-600x600_1653363822.jpg,,5.290.000₫,Sony Xperia 5 2 SIM cũ (Đẹp 99%) ,0982351080,https://didongmango.com/sony-xperia-5/sony-xperia-5-cu-copy-p1497.html,5/5,7,SONY,,,11,Tiếng Việt,OLED 6.1 inches 1080 x 2520 pixels,12 MP + 12 MP + 12 MP,8 MP,Quay Siêu chậm Super Slow Motion Lấy nét theo pha PDAF Ban đêm Night Mode Trôi nhanh thời gian Time Lapse Quay chậm Slow Motion Xóa phông Zoom quang học Chạm lấy nét Toàn cảnh Panorama Chống rung quang học OIS Làm đẹp Beautify Tự động lấy,"4K@24/30fps HDR, 1080p@60fps, 1080p@30fps 5-axis gyro-EIS",Snapdragon 855,6GB,64GB,microSDXC,158 x 68 x 8.2 mm,164 g,3140 mAh,2G / 3G / 4G,1 SIM,"Wi-Fi 802.11 a/b/g/n/ac, dual-band, Wi-Fi Direct, DLNA, hotspot"
"https://didongmango.com/images/products/2022/06/09/original/x5d_1654772132.jpg.jpg,https://didongmango.com/images/products/2022/06/09/original/x5tim_1654772132.jpg.jpg,https://didongmango.com/images/products/2022/06/09/original/x5t_1654772132.jpg.jpg,https://didongmango.com/images/products/2022/06/09/original/x5tr_1654772132.jpg.jpg,https://didongmango.com/images/products/2022/06/09/original/x5x_1654772132.jpg.jpg",,12.390.000₫,Sony Xperia 5 II - Mark 2 Mới ,0982351080,https://didongmango.com/sony-xperia-5/sony-xperia-5-ii-mark-2-moi-p1509.html,5/5,10,SONY,"Trắng,Đỏ,Đen,Xanh",,11,Tiếng Việt,OLED 6.1 inches Full HD+,12 MP + 12 MP + 12 MP,8 MP,Quay Siêu chậm Super Slow Motion Lấy nét theo pha PDAF Ban đêm Night Mode Trôi nhanh thời gian Time Lapse Quay chậm Slow Motion Xóa phông Zoom quang học Chạm lấy nét Toàn cảnh Panorama Chống rung quang học OIS Làm đẹp Beautify Tự động lấy,FullHD 1080p@30fps  FullHD 1080p@60fps  FullHD 1080p@120fps  4K 2160p@30fps  4K 2160p@60fps,Snapdragon 865,8GB,128GB,Có,158 x 68 x 8.2 mm,163 g,4000 mAh,2G / 3G / 4G,1 SIM,"Wi-Fi 802.11 a/b/g/n/ac, dual-band, Wi-Fi Direct, DLNA, hotspot"
"https://didongmango.com/images/products/2022/06/09/original/x5-den_1654764551.jpg.jpg,https://didongmango.com/images/products/2022/06/09/original/x5-do_1654764551.jpg.jpg,https://didongmango.com/images/products/2022/06/09/original/x5-xanh_1654764551.jpg.jpg,https://didongmango.com/images/products/2022/06/09/original/x5t_1654764551.jpg.jpg",,5.390.000₫,Sony Xperia 5 Nhật Mới ,0982351080,https://didongmango.com/sony-xperia-5/sony-xperia-5-p1445.html,5/5,145,SONY,"Đỏ,Đen,Trắng,Xanh",,11,Tiếng Việt,OLED 6.1 inches 1080 x 2520 pixels,12 MP + 12 MP + 12 MP,8 MP,Quay Siêu chậm Super Slow Motion Lấy nét theo pha PDAF Ban đêm Night Mode Trôi nhanh thời gian Time Lapse Quay chậm Slow Motion Xóa phông Zoom quang học Chạm lấy nét Toàn cảnh Panorama Chống rung quang học OIS Làm đẹp Beautify Tự động lấy,"4K@24/30fps HDR, 1080p@60fps, 1080p@30fps 5-axis gyro-EIS",Snapdragon 855,6GB,64GB,microSDXC,158 x 68 x 8.2 mm,164 g,3140 mAh,2G / 3G / 4G,1 SIM,"Wi-Fi 802.11 a/b/g/n/ac, dual-band, Wi-Fi Direct, DLNA, hotspot"
https://didongmango.com/images/products/2019/07/02/original/-samsung-galaxy-note-9-camera_1562055061.jpg.jpg,,5.790.000₫,Samsung Note 9 128G 2 SIM cũ (Đẹp 99%) ,0982351080,https://didongmango.com/samsung-note-9/samsung-note-9-han-128g-cu-dep-99-p865.html,5/5,177,SAMSUNG,"Tím,Vàng,Titan,Xanh,Đen,Nâu,Trắng",,8.1,Đa ngôn ngữ,"6.4 inch Quad HD+ 1440 x 2960 pixels, Super AMOLED",Dual 12 MP+12 MP,"8.MP Selfie bằng cử chỉ, Chế độ làm đẹp, Chụp bằng giọng nói, Camera góc rộng, Nhận diện khuôn mặt, Chống rung","Ảnh Raw, Tự động lấy nét, Chạm lấy nét, Nhận diện khuôn mặt, HDR, Panorama, Chống rung quang học OIS, chụp ảnh xoá phông, công nghệ AI",Quay phim 4K 2160p@30fps,"Exynos 9810 8 nhân, 4x2.7 GHz & 4x1.8 GHz",6GB,128GB,128GB,Dài 161.9 mm - Ngang 76.4 mm - 8.8 mm,201g,4000mAh,"3G, 4G LTE Cat 16",2 SIM NANO,"Wi-Fi 802.11 a/b/g/n/ac, Dual-band, DLNA, Wi-Fi Direct, Wi-Fi hotspot"
"https://didongmango.com/images/products/2022/06/09/original/x5d_1654772287.jpg.jpg,https://didongmango.com/images/products/2022/06/09/original/x5tr_1654772287.jpg.jpg,https://didongmango.com/images/products/2022/06/09/original/x5t_1654772287.jpg.jpg,https://didongmango.com/images/products/2022/06/09/original/x5tim_1654772287.jpg.jpg,https://didongmango.com/images/products/2022/06/09/original/x5x_1654772288.jpg.jpg",,11.590.000₫,Sony Xperia 5 Mark II - Mark 2 cũ (Đẹp 99%) ,0982351080,https://didongmango.com/sony-xperia-5/sony-xperia-5-mark-ii---mark-2-cu-dep-99-p1507.html,5/5,1,SONY,"Trắng,Tím,Xám,Đỏ,Đen,Xanh",,11,Tiếng Việt,OLED 6.1 inches Full HD+,12 MP + 12 MP + 12 MP,8 MP,Quay Siêu chậm Super Slow Motion Lấy nét theo pha PDAF Ban đêm Night Mode Trôi nhanh thời gian Time Lapse Quay chậm Slow Motion Xóa phông Zoom quang học Chạm lấy nét Toàn cảnh Panorama Chống rung quang học OIS Làm đẹp Beautify Tự động lấy,FullHD 1080p@30fps  FullHD 1080p@60fps  FullHD 1080p@120fps  4K 2160p@30fps  4K 2160p@60fps,Snapdragon 865,8GB,128GB,Có,158 x 68 x 8.2 mm,163 g,4000 mAh,2G / 3G / 4G,1 SIM,"Wi-Fi 802.11 a/b/g/n/ac, dual-band, Wi-Fi Direct, DLNA, hotspot"
https://didongmango.com/images/products/2019/07/10/original/123_1562735801.jpg.jpg,,2.590.000₫,Sony Xperia XZ3 cũ (Đẹp 99%) ,0982351080,https://didongmango.com/sony-xz3/sony-xperia-xz3-cu-dep-99-p1001.html,5/5,217,SONY,"Trắng,Xanh,Tím,Đen",,9.0 Pie,Đa ngôn ngữ,6.0 inches 1440 x 2880 P-OLED,"19 MP, f/2.0","13 MP, f/1.9","LED flash, panorama, HDR","2160p@30fps, 1080p@60fps, 1080p@30fps 5-axis gyro-EIS, 1080p@960fps, HDR",Qualcomm SDM845 Snapdragon 845 10 nm,4 GB,64 GB,"MicroSD, hỗ trợ tối đa 512 GB",158 x 73 x 9.9 mm,193 g,Li-Ion 3300 mAh,,1 SIM Nano,"Wi-Fi 802.11 a/b/g/n/ac, dual-band"
"https://didongmango.com/images/products/2022/06/09/original/x5-den_1654764452.jpg.jpg,https://didongmango.com/images/products/2022/06/09/original/x5-do_1654764452.jpg.jpg,https://didongmango.com/images/products/2022/06/09/original/x5-xanh_1654764452.jpg.jpg,https://didongmango.com/images/products/2022/06/09/original/x5t_1654764452.jpg.jpg",,4.490.000₫,Sony Xperia 5 cũ (Đẹp 99%) ,0982351080,https://didongmango.com/sony-xperia-5/sony-xperia-5-cu-p1477.html,5/5,107,SONY,"Đỏ,Xanh,Trắng,Đen",,11,Tiếng Việt,OLED 6.1 inches 1080 x 2520 pixels,12 MP + 12 MP + 12 MP,8 MP,Quay Siêu chậm Super Slow Motion Lấy nét theo pha PDAF Ban đêm Night Mode Trôi nhanh thời gian Time Lapse Quay chậm Slow Motion Xóa phông Zoom quang học Chạm lấy nét Toàn cảnh Panorama Chống rung quang học OIS Làm đẹp Beautify Tự động lấy,"4K@24/30fps HDR, 1080p@60fps, 1080p@30fps 5-axis gyro-EIS",Snapdragon 855,6GB,64GB,microSDXC,158 x 68 x 8.2 mm,164 g,3140 mAh,2G / 3G / 4G,1 SIM,"Wi-Fi 802.11 a/b/g/n/ac, dual-band, Wi-Fi Direct, DLNA, hotspot"
"https://didongmango.com/images/products/2022/06/09/original/xz3-tim_1654763295.jpg.jpg,https://didongmango.com/images/products/2022/06/09/original/xz3-trang_1654763295.jpg.jpg,https://didongmango.com/images/products/2022/06/09/original/xz3d_1654763295.jpg.jpg,https://didongmango.com/images/products/2022/06/09/original/xz3xanh_1654763295.jpg.jpg",,3.790.000₫,Sony Xperia XZ3 Mới ,0982351080,https://didongmango.com/sony-xz3/sony-xperia-xz3-p1094.html,5/5,147,SONY,"Trắng,Đen,Tím,Xanh",,9.0 Pie,Đa ngôn ngữ,6.0 inches 1440 x 2880 P-OLED,"19 MP, f/2.0","13 MP, f/1.9","LED flash, panorama, HDR","2160p@30fps, 1080p@60fps, 1080p@30fps 5-axis gyro-EIS, 1080p@960fps, HDR",Qualcomm SDM845 Snapdragon 845 10 nm,4 GB,64 GB,"MicroSD, hỗ trợ tối đa 512 GB",158 x 73 x 9.9 mm,193 g,Li-Ion 3300 mAh,,1 SIM Nano,"Wi-Fi 802.11 a/b/g/n/ac, dual-band"
https://didongmango.com/images/products/2020/11/12/original/-samsung-galaxy-note-10-plus-ip68_1572404463jpg_1605145038.jpg.jpg,,8.590.000₫,Samsung Note 10 Plus 5G cũ (Đẹp 99%) ,0982351080,https://didongmango.com/samsung-note-10/samsung-note-10-plus-p1369.html,5/5,52,SAMSUNG,"Xanh,Trắng,Đen,Aura",,9 Pie One UI,Đa ngôn ngữ,Dynamic AMOLED 6.8 inches 1440 x 3040 pixels,12 MP + 12 MP + 16 MP,"10 MP, f/1.9","TOF 3D camera, LED flash, auto-HDR, panorama","2160p@60fps, 1080p@240fps, 720p@960fps, HDR, dual-video rec.",Snapdragon 855,12 GB RAM,256 GB,"microSD, up to 1 TB",162.3 x 77.1 x 7.9 mm,198 g,Li-Ion 4300 mAh,2G/ 3G/ 4G,1 SIM NANO,"Wi-Fi 802.11 a/b/g/n/ac, dual-band, Wi-Fi Direct, hotspot"
https://didongmango.com/images/products/2019/07/02/original/vi-vn-6-cauhinh_1562039936.jpg.jpg,,3.590.000₫,Samsung Galaxy S8 64G cũ (Đẹp 99%) ,0982351080,https://didongmango.com/samsung-s8/samsung-galaxy-s8-my-cu-dep-99-p735.html,5/5,310,SAMSUNG,"Đen,Tím,Titan,Xanh",,7.0 Nougat,Đa ngôn ngữ,5.8 inches 2K Super AMOLED,12 MP,"8 MP Tự động lấy nét, Quay video Full HD, Chế độ làm đẹp, Selfie ngược sáng HDR, Nhận diện khuôn mặt, Chụp bằng giọng nói, Selfie bằng cử chỉ","Ảnh Raw, Chống rung kỹ thuật số EIS, Tự động lấy nét, Chạm lấy nét, Nhận diện khuôn mặt, HDR, Panorama, Chống rung quang học OIS, Chế độ chụp chuyên nghiệp",Quay phim 4K 2160p@30fps,Snapdragon 835 10 nm,4 GB,64 GB,"MicroSD, hỗ trợ tối đa 256 GB",Dài 148.9 mm - Ngang 68.1 mm - Dày 8 mm,155 g,3000 mAh,"3G, 4G LTE Cat 9",1 SIM Nano,"Wi-Fi 802.11 a/b/g/n/ac, Dual-band, DLNA, Wi-Fi Direct, Wi-Fi hotspot"
"https://didongmango.com/images/products/2020/04/28/large/sony-xz2-premium_1588036751.jpg,https://didongmango.com/images/products/2020/04/28/original/sony-xz2-premium_1588036670.jpg.jpg",,3.990.000₫,Sony XZ2 Premium Mới ,0982351080,https://didongmango.com/sony-xz2/sony-xz2-premium-p1329.html,5/5,125,SONY,"Đen,Titan",,8.0 Oreo,Có tiếng Việt,IPS HDR LCD 5.8 inches 4K 2160 x 3840 Pixels,19 MP và 12 MP 2 camera,13 MP,"Chụp ảnh xóa phông, Chế độ Slow Motion, Super Slow Motion quay siêu chậm, Lấy nét dự đoán, Chống rung kỹ thuật số EIS, Tự động lấy nét, Chạm lấy nét, Nhận diện khuôn mặt, HDR, Panorama, Chế độ chụp chuyên nghiệp Prov","Quay phim siêu chậm 960 fps, Quay phim 4K 2160p@30fps",Snapdragon 845 8 nhân,6 GB,64 GB,"MicroSD, hỗ trợ tối đa 400 GB",Dài 158 mm - Ngang 80 mm - Dày 11.9 mm,236 g,3540 mAh,2G/3G/4G,1 Sim,"Wi-Fi 802.11 a/b/g/n/ac, DLNA, Wi-Fi Direct, Wi-Fi hotspot"
"https://didongmango.com/images/products/2022/06/09/original/n10-au_1654751708.jpg.jpg,https://didongmango.com/images/products/2022/06/09/original/n10-trang_1654751708.jpg.jpg,https://didongmango.com/images/products/2022/06/09/original/n10-den_1654751708.jpg.jpg,https://didongmango.com/images/products/2022/06/09/original/n10-do_1654751818.jpg.jpg",,6.390.000₫,Samsung Note 10 5G cũ (Đẹp 99%) ,0982351080,https://didongmango.com/samsung-note-10/note-10-5g-p1457.html,5/5,83,SAMSUNG,"Aura,Hồng,Đen,Trắng,Đỏ",,9.0 Pie; One UI,Đa ngôn ngữ,Dynamic AMOLED 6.3\Full HD+,12MP + 12MP + 16MP,"10 MP, f/2.2","LED flash, auto-HDR, panorama","2160p@30/60fps, 1080p@30/60/240fps, 720p@960fps, HDR10+, dual-video rec., stereo sound rec., gyro-EIS & OIS",Exynos 9825 7 nm,12GB,256 GB,Không,151 x 71.8 x 7.9 mm,168 g,Li-Ion 3500 mAh,2G/ 3G/ 4G /5G,1 SIM NANO,"Wi-Fi 802.11 a/b/g/n/ac/ax, dual-band, Wi-Fi Direct, hotspot"
https://didongmango.com/images/products/2022/06/28/large/5a_1656472193.png,,6.990.000₫,Google Pixel 5a cũ (Đẹp 99%) ,0982351080,https://didongmango.com/google-pixel-5--5a/google-pixel-5a-cu-dep-99-p1538.html,5/5,84,Google Pixel,,,12,Tiếng Việt,OLED 6.34 inches 1440 x 3040 pixels,12.2 MP + 16 MP,16 MP + 12 MP + 8MP,"Dual-LED flash, Auto-HDR, panorama","4K@30fps, 1080p@30/60/120fps, 1080p@30fps gyro-EIS",Snapdragon 765G,6GB,128GB,Không,160.4 x 75.1 x 8.2 mm,193 g,4680 mAh,2G / 3G / 4G / 5G,1 SIM + 1 esim,"Wi-Fi 802.11 a/b/g/n/ac, dual-band, Wi-Fi Direct, DLNA, hotspot"
https://didongmango.com/images/products/2022/06/28/large/google-pixel-6-pro-1-600x600_1656472942.jpg,,13.490.000₫,Google Pixel 6 Pro cũ (Đẹp 99%) ,0982351080,https://didongmango.com/google-pixel-6--6-pro/google-pixel-6-pro-cu-dep-99-p1541.html,5/5,84,Google Pixel,"Trắng,Tím,Đen",,12,Tiếng Việt,AMOLED 6.71 inch 2K+. 90Hz,"Chính 50 MP & Phụ 48 MP, 12 MP",11MP,"Dual-LED flash, Auto-HDR, panorama","4K@30fps, 1080p@30/60/120fps, 1080p@30fps gyro-EIS",Google Tensor 8 nhân,12GB,128GB,Không,Dài 163.9 mm - Ngang 75.9 mm - Dày 8.9 mm,210g,5003 mAh,2G / 3G / 4G / 5G,1 SIM + 1 esim,"Wi-Fi 802.11 a/b/g/n/ac, dual-band, Wi-Fi Direct, DLNA, hotspot"
https://didongmango.com/images/products/2020/07/06/original/1_1594029241.jpg.jpg,,3.790.000₫,LG V40 ThinQ 128G Hàn cũ (Đẹp 99%) ,0982351080,https://didongmango.com/lg-v40/lg-v40-thinq-128-1-sim-p1346.html,5/5,105,LG,"Titan,Xanh,Đen,Đỏ",,"8.1 Oreo, upgradable to",9.0 Pie,Đa ngôn ngữ,"P-OLED 6.4 inches 1440 x 3120 pixels, 19.59 ratio","12 MP, 27mm standard, f/1.5 + 12 MP, 52mm telephoto, f/2.4 + 16 MP, 16mm ultrawide, f/1.9",8 MP + 5 MP,HDR,"2160p@30/60fps, 1080p@30/60/240fps, 24-bit/192kHz stereo sound rec., HDR video, gyro-EIS",Qualcomm SDM845 Snapdragon 845 10 nm,6 GB RAM,128 GB,"microSD, up to 1 TB",158.8 x 75.7 x 7.6 mm,169 g,Li-Po 3300 mAh,2G/ 3G/ 4G,1 Sim
https://didongmango.com/images/products/2019/07/02/original/-2-bao-mat-mat_1562040013.jpg.jpg,,3.990.000₫,Samsung Galaxy S8 Plus 64G cũ (Đẹp 99%) ,0982351080,https://didongmango.com/samsung-s8/samsung-galaxy-s8-plus-64g-my-cu-dep-99-p736.html,5/5,164,SAMSUNG,"Đen,Tím,Xanh,Titan",,7.0 Nougat,Đa ngôn ngữ,6.2 inches 2K Super AMOLED,12 MP,"8 MP Camera góc rộng, Flash màn hình, Selfie bằng cử chỉ, Nhận diện khuôn mặt, Chế độ làm đẹp","Chụp phơi sáng, Chụp ảnh xóa phông, Chụp trước lấy nét sau, Tự động lấy nét, Chạm lấy nét, Nhận diện khuôn mặt, HDR, Panorama, Chống rung quang học OIS, Chế độ chụp chuyên nghiệp",Quay phim 4K 2160p@30fps,Snapdragon 835 10 nm,4 GB,64 GB,"MicroSD, hỗ trợ tối đa 256 GB",Dài 159.5 mm - Ngang 73.4 mm - Dày 8.1 mm,173 g,3500 mAh,"3G, 4G LTE Cat 16",1 SIM Nano,"Wi-Fi 802.11 a/b/g/n/ac, Dual-band, DLNA, Wi-Fi Direct, Wi-Fi hotspot"
https://didongmango.com/images/products/2019/07/02/original/vi-vn-7-baomat_1562040711.jpg.jpg,,3.790.000₫,Samsung Galaxy S9 64G cũ (Đẹp 99%) ,0982351080,https://didongmango.com/samsung-s9-plus/samsung-galaxy-s9-my-cu-dep-99-p781.html,5/5,325,SAMSUNG,"Tím,Vàng,Titan,Đen,Xanh",,8.0 Oreo,Đa ngôn ngữ,5.8 inches Super AMOLED,12 MP,8 MP,"Chụp phơi sáng, Chụp ảnh xóa phông, Chế độ chụp ban đêm ánh sáng yếu, Lấy nét theo pha, Điều chỉnh khẩu độ, Super Slow motion quay siêu chậm, Tự động lấy nét, Chạm lấy nét, HDR, Panorama, Chống rung quang học OIS, Ảnh GIF, Chế độ chụp chuyên nghiệp","Quay phim siêu chậm 960 fps, Quay phim FullHD 1080p@240fps, Quay phim 4K 2160p@60fps",Snapdragon 845 10 nm,4 GB,64 GB,"MicroSD, hỗ trợ tối đa 400 GB",Dài 147.7 mm - Ngang 68.7 mm - Dày 8.5 mm,163 g,3000 mAh,"3G, 4G LTE Cat 18",1 SIM Nano,"Wi-Fi 802.11 a/b/g/n/ac, Dual-band, DLNA, Wi-Fi Direct, Wi-Fi hotspot"
"https://didongmango.com/images/products/2019/07/29/original/1_1564388091.jpg.jpg,https://didongmango.com/images/products/2019/07/29/original/2_1564388091.jpg.jpg,https://didongmango.com/images/products/2019/07/29/original/3_1564388091.jpg.jpg,https://didongmango.com/images/products/2019/07/29/original/4_1564388091.jpg.jpg",,3.390.000₫,LG V40 ThinQ 64G cũ (Đẹp 99%) ,0982351080,https://didongmango.com/lg-v40/lg-v40-thinq-cu-dep-99-p1072.html,5/5,326,LG,"Đen,Xanh,Titan,Đỏ",,"8.1 Oreo, upgradable to",9.0 Pie,Đa ngôn ngữ,"P-OLED 6.4 inches 1440 x 3120 pixels, 19.59 ratio","12 MP, 27mm standard, f/1.5 + 12 MP, 52mm telephoto, f/2.4 + 16 MP, 16mm ultrawide, f/1.9",8 MP + 5 MP,HDR,"2160p@30/60fps, 1080p@30/60/240fps, 24-bit/192kHz stereo sound rec., HDR video, gyro-EIS",Qualcomm SDM845 Snapdragon 845 10 nm,6 GB RAM,64 GB,"microSD, up to 1 TB",158.8 x 75.7 x 7.6 mm,169 g,Li-Po 3300 mAh,2G/ 3G/ 4G,1 Sim
https://didongmango.com/images/products/2022/06/28/large/sony-xperia-1-trang-1_1656411845.png,,5.390.000₫,Sony Xperia 1 2 SIM cũ (Đẹp 99%) ,0982351080,https://didongmango.com/sony-xperia-1/sony-xperia-1-2-sim-cu-dep-99-p1496.html,5/5,115,SONY,,,9 Pie,Đa ngôn ngữ,6.5 inches OLED,Triple 12 MP,"8 MP, f/2.0","Chống rung kỹ thuật số EIS, Zoom quang học, Chụp ảnh xóa phông, Chế độ chụp ban đêm ánh sáng yếu, Lấy nét theo pha, Super Slow Motion quay siêu chậm, Tự động lấy nét, Chạm lấy nét, Nhận diện khuôn mặt, HDR, Panorama, Chống rung quang học OIS, Làm","2160p@30fps, 1080p@60fps, 1080p@30fps 5-axis gyro-EIS, 1080p@960fps, HDR",Snapdragon 855 7 nm,6GB,64GB,"MicroSD, hỗ trợ tối đa 512 GB",167 x 72 x 8.2 mm,191 g,3330 mAh,2G/ 3G/ 4G,1 sim,Wi-Fi 802.11 a/b/g/n/ac
https://didongmango.com/images/products/2022/06/28/large/google-pixel-5-600jpg-600x600_1656472492.jpg,,7.490.000₫,Google Pixel 5 cũ (Đẹp 99%) ,0982351080,https://didongmango.com/google-pixel-5--5a/google-pixel-5-cu-dep-99-p1539.html,5/5,84,Google Pixel,,,12,Tiếng Việt,OLED 6 inches 1440 x 3040 pixels,16 MP + 12 MP + 8MP,8MP,"Dual-LED flash, Auto-HDR, panorama","4K@30fps, 1080p@30/60/120fps, 1080p@30fps gyro-EIS",Snapdragon 765G,8GB,128GB,Không,160.4 x 75.1 x 8.2 mm,193 g,4080 mAh,2G / 3G / 4G / 5G,1 SIM + 1 esim,"Wi-Fi 802.11 a/b/g/n/ac, dual-band, Wi-Fi Direct, DLNA, hotspot"
https://didongmango.com/images/products/2019/07/02/original/-2-man-hinh_1562040765.jpg.jpg,,5.190.000₫,Samsung Galaxy S9 Plus 64G 2 SIM cũ (Đẹp 99%) ,0982351080,https://didongmango.com/samsung-s9-plus/samsung-galaxy-s9-plus-64g-han-dep-99-p966.html,5/5,60,SAMSUNG,"Đen,Tím,Titan,Xanh,Vàng",,8.0,Đa ngôn ngữ,6.2 inches 2K Super AMOLED,Dual Camera 12.MP f/1.5-2.4,"8.MPf/1.7 Chụp bằng giọng nói, Nhận diện khuôn mặt, Chế độ làm đẹp, Quay video Full HD, Tự động lấy nét, Đèn Flash trợ sáng, Camera góc rộng, Selfie ngược sáng HDR, Tự động chụp khi nhận diện nụ cười, Selfie bằng cử chỉ","Zoom quang học Camera kép, Chụp ảnh xóa phông, Chế độ chụp ban đêm ánh sáng yếu, Điều chỉnh khẩu độ, Super Slow motion quay siêu chậm, Tự động lấy nét, Chạm lấy nét, HDR, Panorama, Chống rung quang học OIS, Ảnh GIF, Chế độ chụp chuyên nghiệp","Quay phim siêu chậm 960 fps, Quay phim FullHD 1080p@60fps, Quay phim 4K 2160p@60fps",Exynos 9810 8 nhân 64 bit,6 GB,64 GB,Có,Dài 158.1 mm - Ngang 73.8 mm - 8.5 mm,189 g,3500mAh,"3G, 4G LTE Cat 18",2 SIM Nano SIM 2 chung khe thẻ nhớ,"Wi-Fi 802.11 a/b/g/n/ac, Dual-band, DLNA, Wi-Fi Direct, Wi-Fi hotspot"
https://didongmango.com/images/products/2021/11/01/original/vi-vn-7-baomat_1562040711jpg_1635822179.jpg.jpg,,3.990.000₫,Samsung Galaxy S9 64G Mới ,0982351080,https://didongmango.com/samsung-s9-plus/samsung-galaxy-s9-my-new-p1464.html,5/5,25,SAMSUNG,"Tím,Xanh,Đen",,8.0 Oreo,Đa ngôn ngữ,5.8 inches Super AMOLED,12 MP,8 MP,"Chụp phơi sáng, Chụp ảnh xóa phông, Chế độ chụp ban đêm ánh sáng yếu, Lấy nét theo pha, Điều chỉnh khẩu độ, Super Slow motion quay siêu chậm, Tự động lấy nét, Chạm lấy nét, HDR, Panorama, Chống rung quang học OIS, Ảnh GIF, Chế độ chụp chuyên nghiệp","Quay phim siêu chậm 960 fps, Quay phim FullHD 1080p@240fps, Quay phim 4K 2160p@60fps",Snapdragon 845 10 nm,4 GB,64 GB,"MicroSD, hỗ trợ tối đa 400 GB",Dài 147.7 mm - Ngang 68.7 mm - Dày 8.5 mm,163 g,3000 mAh,"3G, 4G LTE Cat 18",1 SIM Nano,"Wi-Fi 802.11 a/b/g/n/ac, Dual-band, DLNA, Wi-Fi Direct, Wi-Fi hotspot"
https://didongmango.com/images/products/2022/06/28/large/google-pixel-6-600x600_1656472682.jpg,,11.490.000₫,Google Pixel 6 cũ (Đẹp 99%) ,0982351080,https://didongmango.com/google-pixel-6--6-pro/google-pixel-6-cu-dep-99-p1540.html,5/5,84,Google Pixel,"Trắng,Vàng,Đen",,12,Tiếng Việt,OLED 6.6 inches 1440 x 3040 pixels. 90Hz,50 MP + 12 MP,8MP,"Dual-LED flash, Auto-HDR, panorama","4K@30fps, 1080p@30/60/120fps, 1080p@30fps gyro-EIS",Google Tensor 8 nhân,8GB,128GB,Không,Dài 158.6 mm - Ngang 74.8 mm - Dày 8.9 mm,207 g,4614 mAh,2G / 3G / 4G / 5G,1 SIM + 1 esim,"Wi-Fi 802.11 a/b/g/n/ac, dual-band, Wi-Fi Direct, DLNA, hotspot"
https://didongmango.com/images/products/2019/07/02/original/-2-man-hinh_1562040757.jpg.jpg,,4.590.000₫,Samsung Galaxy S9 Plus 64G cũ (Đẹp 99%) ,0982351080,https://didongmango.com/samsung-s9-plus/samsung-galaxy-s9-plus-64g-my-cu-dep-99-p971.html,5/5,162,SAMSUNG,"Đen,Tím,Titan,Xanh,Vàng",,8.0,Đa ngôn ngữ,6.2 inches 2K Super AMOLED,Dual Camera 12.MP f/1.5-2.4,"8.MPf/1.7 Chụp bằng giọng nói, Nhận diện khuôn mặt, Chế độ làm đẹp, Quay video Full HD, Tự động lấy nét, Đèn Flash trợ sáng, Camera góc rộng, Selfie ngược sáng HDR, Tự động chụp khi nhận diện nụ cười, Selfie bằng cử chỉ","Zoom quang học Camera kép, Chụp ảnh xóa phông, Chế độ chụp ban đêm ánh sáng yếu, Điều chỉnh khẩu độ, Super Slow motion quay siêu chậm, Tự động lấy nét, Chạm lấy nét, HDR, Panorama, Chống rung quang học OIS, Ảnh GIF, Chế độ chụp chuyên nghiệp","Quay phim siêu chậm 960 fps, Quay phim FullHD 1080p@60fps, Quay phim 4K 2160p@60fps",Snapdragon 845 10 nm,6 GB,64 GB,Có,Dài 158.1 mm - Ngang 73.8 mm - 8.5 mm,189 g,3500mAh,"3G, 4G LTE Cat 18",1 SIM Nano,"Wi-Fi 802.11 a/b/g/n/ac, Dual-band, DLNA, Wi-Fi Direct, Wi-Fi hotspot"
https://didongmango.com/images/products/2022/06/28/large/sony-xperia-1-iii--cau-hinh_1654176975-copy_1656411648.jpg,,18.490.000₫,Sony Xperia 1 III - Mark 3 2 SIM Mới ,0982351080,https://didongmango.com/sony-xperia-1/sony-xperia-1-iii---mark-3-2-sim-moi-p1535.html,5/5,119,SONY,"Hồng,Titan,Đen,Xám",,9 Pie,Đa ngôn ngữ,6.5 inches OLED 4K,"12Mp x 12Mp x 12Mp x 0,3Mp",8 Mp,"Chống rung kỹ thuật số EIS, Zoom quang học, Chụp ảnh xóa phông, Chế độ chụp ban đêm ánh sáng yếu, Lấy nét theo pha, Super Slow Motion quay siêu chậm, Tự động lấy nét, Chạm lấy nét, Nhận diện khuôn mặt, HDR, Panorama, Chống rung quang học OIS, Làm","2160p@30fps, 1080p@60fps, 1080p@30fps 5-axis gyro-EIS, 1080p@960fps, HDR",Snapdragon 888 8 nhân,12GB,256GB,Hỗ trợ tối đa 512 GB,Dài 165 mm - Ngang 71 mm - Dày 8.2 mm,186g,4500 mAh,2G/ 3G/ 4G,1 sim,Wi-Fi 802.11 a/b/g/n/ac
"https://didongmango.com/images/products/2022/06/09/original/x1d_1654763577.jpg.jpg,https://didongmango.com/images/products/2022/06/09/original/x1x_1654763577.jpg.jpg,https://didongmango.com/images/products/2022/06/09/original/x1t_1654763577.jpg.jpg,https://didongmango.com/images/products/2022/06/09/original/x1tim_1654763577.jpg.jpg",,4.390.000₫,Sony Xperia 1 cũ (Đẹp 99%) ,0982351080,https://didongmango.com/sony-xperia-1/sony-xperia-1-9-p1359.html,5/5,125,SONY,"Tím,Đen,Trắng,Xám,Xanh",,9 Pie,Đa ngôn ngữ,6.5 inches OLED,Triple 12 MP,"8 MP, f/2.0","Chống rung kỹ thuật số EIS, Zoom quang học, Chụp ảnh xóa phông, Chế độ chụp ban đêm ánh sáng yếu, Lấy nét theo pha, Super Slow Motion quay siêu chậm, Tự động lấy nét, Chạm lấy nét, Nhận diện khuôn mặt, HDR, Panorama, Chống rung quang học OIS, Làm","2160p@30fps, 1080p@60fps, 1080p@30fps 5-axis gyro-EIS, 1080p@960fps, HDR",Snapdragon 855 7 nm,6GB,64GB,"MicroSD, hỗ trợ tối đa 512 GB",167 x 72 x 8.2 mm,191 g,3330 mAh,2G/ 3G/ 4G,1 sim,Wi-Fi 802.11 a/b/g/n/ac
"https://didongmango.com/images/products/2019/07/31/original/01_xperia-1_gallery-product-image_black-0946f965a759fe8992c4b20b5542521c-1_1564545370.png.png,https://didongmango.com/images/products/2019/07/31/original/04_xperia-1_gallery-product-image_gray-9bebcae5ce8b33702772cabf1ddcb1db_1564545370.png.png,https://didongmango.com/images/products/2019/07/31/original/02_xperia-1_gallery-product-image_purple-9c4dca7aae512d72bc837bc7f519ffcc_1564545371.png.png,https://didongmango.com/images/products/2019/07/31/original/03_xperia-1_gallery-product-image_white-6eb6412f32da1785e71287004794a5cc_1564545372.png.png",,5.090.000₫,Sony Xperia 1 Nhật Mới ,0982351080,https://didongmango.com/sony-xperia-1/sony-xperia-1-new-p1075.html,5/5,263,SONY,"Tím,Trắng,Xám,Đen",,9 Pie,Đa ngôn ngữ,6.5 inches OLED,Triple 12 MP,"8 MP, f/2.0","Chống rung kỹ thuật số EIS, Zoom quang học, Chụp ảnh xóa phông, Chế độ chụp ban đêm ánh sáng yếu, Lấy nét theo pha, Super Slow Motion quay siêu chậm, Tự động lấy nét, Chạm lấy nét, Nhận diện khuôn mặt, HDR, Panorama, Chống rung quang học OIS, Làm","2160p@30fps, 1080p@60fps, 1080p@30fps 5-axis gyro-EIS, 1080p@960fps, HDR",Snapdragon 855 7 nm,6GB,64GB,"MicroSD, hỗ trợ tối đa 512 GB",167 x 72 x 8.2 mm,191 g,3330 mAh,2G/ 3G/ 4G,1 sim,Wi-Fi 802.11 a/b/g/n/ac
https://didongmango.com/images/products/2022/06/02/large/sony-xperia-1-iii--cau-hinh_1654176975.jpg,,16.990.000₫,Sony Xperia 1 Mark III cũ (Đẹp 99%) ,0982351080,https://didongmango.com/sony-xperia-1/sony-xperia-1-mark-iii-cu-dep-99-p1508.html,5/5,2,SONY,Đen,,9 Pie,Đa ngôn ngữ,6.5 inches OLED 4K,"12Mp x 12Mp x 12Mp x 0,3Mp",8 Mp,"Chống rung kỹ thuật số EIS, Zoom quang học, Chụp ảnh xóa phông, Chế độ chụp ban đêm ánh sáng yếu, Lấy nét theo pha, Super Slow Motion quay siêu chậm, Tự động lấy nét, Chạm lấy nét, Nhận diện khuôn mặt, HDR, Panorama, Chống rung quang học OIS, Làm","2160p@30fps, 1080p@60fps, 1080p@30fps 5-axis gyro-EIS, 1080p@960fps, HDR",Snapdragon 888 8 nhân,12GB,256GB,Hỗ trợ tối đa 512 GB,Dài 165 mm - Ngang 71 mm - Dày 8.2 mm,186g,4500 mAh,2G/ 3G/ 4G,1 sim,Wi-Fi 802.11 a/b/g/n/ac
https://didongmango.com/images/products/2022/06/28/large/sony-xperia-1-iii--cau-hinh_1654176975-copy_1656411564.jpg,,17.490.000₫,Sony Xperia 1 III - Mark 3 2 SIM cũ (Đẹp 99%) ,0982351080,https://didongmango.com/sony-xperia-1/sony-xperia-1-iii---mark-3-2-sim-cu-dep-99-p1534.html,5/5,119,SONY,,,9 Pie,Đa ngôn ngữ,6.5 inches OLED 4K,"12Mp x 12Mp x 12Mp x 0,3Mp",8 Mp,"Chống rung kỹ thuật số EIS, Zoom quang học, Chụp ảnh xóa phông, Chế độ chụp ban đêm ánh sáng yếu, Lấy nét theo pha, Super Slow Motion quay siêu chậm, Tự động lấy nét, Chạm lấy nét, Nhận diện khuôn mặt, HDR, Panorama, Chống rung quang học OIS, Làm","2160p@30fps, 1080p@60fps, 1080p@30fps 5-axis gyro-EIS, 1080p@960fps, HDR",Snapdragon 888 8 nhân,12GB,256GB,Hỗ trợ tối đa 512 GB,Dài 165 mm - Ngang 71 mm - Dày 8.2 mm,186g,4500 mAh,2G/ 3G/ 4G,2 sim,Wi-Fi 802.11 a/b/g/n/ac
https://didongmango.com/images/products/2019/07/02/original/-samsung-galaxy-note8-cau-hinh_1562040472.jpg.jpg,,5.390.000₫,Samsung Note 8 64G 2 SIM cũ (Đẹp 99%) ,0982351080,https://didongmango.com/samsung-note-8/samsung-galaxy-note-8-han-dep-99-p811.html,5/5,160,SAMSUNG,"Tím,Đen,Xanh,Vàng",,7.1.2 Nougat,Đa ngôn ngữ,6.3 inches 2K Super AMOLED,"2 camera 12 MP  Chụp ảnh xóa phông ảo diệu  Led Flash, Autofocus, HDR, Panorama  Quay phim 4K  Zoom quang học Camera kép",8MP,"hụp ảnh xóa phông ảo diệu  Led Flash, Autofocus, HDR, Panorama  Quay phim 4K  Zoom quang học Camera kép",Quay phim 4K  Zoom quang học Camera kép,Exynos 8895 8 nhân 64-bit,6G,64 GB,"microSD, up to 512 GB",162.5 x 74.8 x 8.6 mm 6.40 x 2.94 x 0.34 in,195G,Li-Ion 3300 mAh,2G/ 3G/ 4G,2 SIM NANO,"Wi-Fi 802.11 a/b/g/n/ac, dual-band"
https://didongmango.com/images/products/2022/06/29/large/600_600_s10e_trang_800x800_min_1656496072.jpg,,5.690.000₫,Samsung Galaxy S10e Mới ,0982351080,https://didongmango.com/samsung-s10/samsung-galaxy-s10e-moi-p1543.html,5/5,40,SAMSUNG,,,9 Pie,Đa ngôn ngữ,5.8 inch Dynamic AMOLED,12MP + 16MP,"10 MP, f/1.9","LED flash, auto-HDR, panorama","2160p@60fps, 1080p@240fps, 720p@960fps, HDR, dual-video rec.",Snapdragon 855,6GB,128GB,"microSD, up to 512 GB",142.2 x 69.9 x 7.9 mm 5.60 x 2.75 x 0.31 in,150 g 5.29 oz,3100mAh,,1 SIM Nano,Wi-Fi 802.11 a/b/g/n/ac/ax
https://didongmango.com/images/products/2022/06/02/large/sony-xperia-1-iii--cau-hinh_1654177515.jpg,,17.990.000₫,Sony Xperia 1 III (Mark 3) Mới ,0982351080,https://didongmango.com/sony-xperia-1/sony-xperia-1-iii-mark-3-moi-p1510.html,5/5,119,SONY,Đen,,9 Pie,Đa ngôn ngữ,6.5 inches OLED 4K,"12Mp x 12Mp x 12Mp x 0,3Mp",8 Mp,"Chống rung kỹ thuật số EIS, Zoom quang học, Chụp ảnh xóa phông, Chế độ chụp ban đêm ánh sáng yếu, Lấy nét theo pha, Super Slow Motion quay siêu chậm, Tự động lấy nét, Chạm lấy nét, Nhận diện khuôn mặt, HDR, Panorama, Chống rung quang học OIS, Làm","2160p@30fps, 1080p@60fps, 1080p@30fps 5-axis gyro-EIS, 1080p@960fps, HDR",Snapdragon 888 8 nhân,12GB,256GB,Hỗ trợ tối đa 512 GB,Dài 165 mm - Ngang 71 mm - Dày 8.2 mm,186g,4500 mAh,2G/ 3G/ 4G,1 sim,Wi-Fi 802.11 a/b/g/n/ac
https://didongmango.com/images/products/2019/07/02/original/-samsung-galaxy-s10-thietke_1562055099.jpg.jpg,,5.690.000₫,Samsung Galaxy S10 cũ (Đẹp 99%) ,0982351080,https://didongmango.com/samsung-s10/samsung-galaxy-s10-han-cu-dep-99-p983.html,5/5,147,SAMSUNG,"Trắng,Đen,Xanh",,9 Pie,Đa ngôn ngữ,Dynamic AMOLED 6.1\Quad HD+ 2K+,12MP + 12MP + 16MP,"10 MP, f/1.9","LED flash, auto-HDR, panorama","2160p@60fps, 1080p@240fps, 720p@960fps, HDR, dual-video rec.",Snapdragon 855,8G,128G,"MicroSD, hỗ trợ tối đa 512 GB",149.9 x 70.4 x 7.8 mm,157 g 5.54 oz,3400 mAh,,1 SIM Nano,Wi-Fi 802.11 a/b/g/n/ac/ax
https://didongmango.com/images/products/2022/06/29/large/600_s10_800x800_1656495778.jpg,,6.690.000₫,Samsung Galaxy S10 Mới ,0982351080,https://didongmango.com/samsung-s10/samsung-galaxy-s10-moi-p1542.html,5/5,147,SAMSUNG,"Đen,Xanh,Trắng",,9 Pie,Đa ngôn ngữ,Dynamic AMOLED 6.1\Quad HD+ 2K+,12MP + 12MP + 16MP,"10 MP, f/1.9","LED flash, auto-HDR, panorama","2160p@60fps, 1080p@240fps, 720p@960fps, HDR, dual-video rec.",Snapdragon 855,8G,128G,"MicroSD, hỗ trợ tối đa 512 GB",149.9 x 70.4 x 7.8 mm,157 g 5.54 oz,3400 mAh,,1 SIM Nano,Wi-Fi 802.11 a/b/g/n/ac/ax
https://didongmango.com/images/products/2019/07/02/original/-samsung-galaxy-note8-cau-hinh_1562040479.jpg.jpg,,4.990.000₫,Samsung Note 8 64G cũ (Đẹp 99%) ,0982351080,https://didongmango.com/samsung-note-8/samsung-galaxy-note-8-cu-dep-99-p738.html,5/5,179,SAMSUNG,"Tím,Đen,Xanh,Vàng",,7.1.2 Nougat,Đa ngôn ngữ,6.3 inches 2K Super AMOLED,"2 camera 12 MP Zoom quang học Camera kép, Chụp ảnh xóa phông, Tự động lấy nét, Chạm lấy nét, Nhận diện khuôn mặt, HDR, Panorama, Chống rung quang học OIS, Chế độ chụp chuyên nghiệp",8MP,"hụp ảnh xóa phông ảo diệu  Led Flash, Autofocus, HDR, Panorama  Quay phim 4K  Zoom quang học Camera kép",Quay phim 4K  Zoom quang học Camera kép,Qualcomm Snapdragon 835,6 GB,64 GB,"microSD, up to 512 GB",162.5 x 74.8 x 8.6 mm 6.40 x 2.94 x 0.34 in,195G,Li-Ion 3300 mAh,2G/ 3G/ 4G,1 SIM NANO,"Wi-Fi 802.11 a/b/g/n/ac, dual-band"
https://didongmango.com/images/products/2019/08/12/original/-samsung-galaxy-s10-plus-thietke_1565568798.jpg.jpg,,6.490.000₫,Samsung Galaxy S10 Plus cũ 99% ,0982351080,https://didongmango.com/samsung-s10/samsung-galaxy-s10-plus-my-cu-dep-99-p1081.html,5/5,121,SAMSUNG,"Xanh,Trắng,Đen",,9 Pie,Đa ngôn ngữ,Dynamic AMOLED 6.4\Quad HD+ 2K+,12MP + 12MP + 16MP,8MP + 10 MP,"LED flash, auto-HDR, panorama","2160p@60fps, 1080p@240fps, 720p@960fps, HDR, dual-video rec.",Snapdragon 855,8GB,128GB,"MicroSD, hỗ trợ tối đa 512 GB",175 g / 198 g ceramic,157.6 x 74.1 x 7.8 mm,4100 mAh,,1 SIM Nano,Wi-Fi 802.11 a/b/g/n/ac/ax
https://didongmango.com/images/products/2019/07/02/original/-samsung-galaxy-note-9-spen_1562055046.jpg.jpg,,5.590.000₫,Samsung Note 9 128G cũ (Đẹp 99%) ,0982351080,https://didongmango.com/samsung-note-9/samsung-note-9-my-128g-cu-dep-99-p979.html,5/5,172,SAMSUNG,"Xanh,Titan,Đen,Vàng,Tím",,8.1,Đa ngôn ngữ,"6.4 inch Quad HD+ 1440 x 2960 pixels, Super AMOLED",Dual 12 MP+12 MP,"8.MP Selfie bằng cử chỉ, Chế độ làm đẹp, Chụp bằng giọng nói, Camera góc rộng, Nhận diện khuôn mặt, Chống rung","Ảnh Raw, Tự động lấy nét, Chạm lấy nét, Nhận diện khuôn mặt, HDR, Panorama, Chống rung quang học OIS, chụp ảnh xoá phông, công nghệ AI",Quay phim 4K 2160p@30fps,Snapdragon 845 10 nm,6GB,128GB,128GB,Dài 161.9 mm - Ngang 76.4 mm - 8.8 mm,201g,4000mAh,"3G, 4G LTE Cat 16",1 SIM NANO,"Wi-Fi 802.11 a/b/g/n/ac, Dual-band, DLNA, Wi-Fi Direct, Wi-Fi hotspot"
"https://didongmango.com/images/products/2020/04/28/large/sony-xz2-premium_1588036751.jpg,https://didongmango.com/images/products/2020/06/03/original/sony-xz2-premium_1588036679_1591165951.jpg.jpg",,3.290.000₫,Sony XZ2 Premium cũ (Đẹp 99%) ,0982351080,https://didongmango.com/sony-xz2/sony-xz2-premium-99-p1339.html,5/5,136,SONY,"Đen,Titan",,8.0 Oreo,Có tiếng Việt,IPS HDR LCD 5.8 inches 4K 2160 x 3840 Pixels,19 MP và 12 MP 2 camera,13 MP,"Chụp ảnh xóa phông, Chế độ Slow Motion, Super Slow Motion quay siêu chậm, Lấy nét dự đoán, Chống rung kỹ thuật số EIS, Tự động lấy nét, Chạm lấy nét, Nhận diện khuôn mặt, HDR, Panorama, Chế độ chụp chuyên nghiệp Prov","Quay phim siêu chậm 960 fps, Quay phim 4K 2160p@30fps",Snapdragon 845 8 nhân,6 GB,64 GB,"MicroSD, hỗ trợ tối đa 400 GB",Dài 158 mm - Ngang 80 mm - Dày 11.9 mm,236 g,3540 mAh,2G/3G/4G,1 Sim,"Wi-Fi 802.11 a/b/g/n/ac, DLNA, Wi-Fi Direct, Wi-Fi hotspot"
https://didongmango.com/images/products/2019/10/30/original/-samsung-galaxy-s10-plus-thietke_1572406152.jpg.jpg,,7.390.000₫,Samsung Galaxy S10 Plus Mới ,0982351080,https://didongmango.com/samsung-s10/samsung-galaxy-s10-plus-moi-p1194.html,5/5,205,SAMSUNG,"Đen,Trắng,Xanh,Cam",,9 Pie,Đa ngôn ngữ,Dynamic AMOLED 6.4\Quad HD+ 2K+,12MP + 12MP + 16MP,8MP + 10 MP,"LED flash, auto-HDR, panorama","2160p@60fps, 1080p@240fps, 720p@960fps, HDR, dual-video rec.",Snapdragon 855,8GB,128GB,"MicroSD, hỗ trợ tối đa 512 GB",175 g / 198 g ceramic,157.6 x 74.1 x 7.8 mm,4100 mAh,,1 SIM Nano,Wi-Fi 802.11 a/b/g/n/ac/ax
https://didongmango.com/images/products/2019/07/02/original/-1-thietke-sony-xperia-xz2_1562058532.jpg.jpg,,2.690.000₫,Sony Xperia XZ2 cũ (Đẹp 99%) ,0982351080,https://didongmango.com/sony-xz2/sony-xperia-xz2-1-sim-cu-dep-99-p1008.html,5/5,523,SONY,"Trắng,Tím,Đen,Xanh",,8.0,Tiếng Việt,IPS 5.7 inches tỷ lệ 189,"19 MP, f/2.0","5 MP, f/2.2","LED flash, HDR, panorama","2160p@30fps, 1080p@60fps, 1080p@30fps gyro-EIS, 1080p@960fps",Snapdragon 845,4 GB RAM,64Gb,Có,153 x 72 x 11.1 mm,198 g,Li-Ion 3180 mAh,2G/3G/4G,1 Sim,Wi-Fi 802.11 a/b/g/n/ac
https://didongmango.com/images/products/2022/06/29/large/600_600_s10e_trang_800x800_min_1656495826.jpg,,4.690.000₫,Samsung Galaxy S10e cũ (Đẹp 99%) ,0982351080,https://didongmango.com/samsung-s10/samsung-galaxy-s10e-p1144.html,5/5,40,SAMSUNG,"Cam,Vàng,Xanh,Đen,Trắng",,9 Pie,Đa ngôn ngữ,5.8 inch Dynamic AMOLED,12MP + 16MP,"10 MP, f/1.9","LED flash, auto-HDR, panorama","2160p@60fps, 1080p@240fps, 720p@960fps, HDR, dual-video rec.",Snapdragon 855,6GB,128GB,"microSD, up to 512 GB",142.2 x 69.9 x 7.9 mm 5.60 x 2.75 x 0.31 in,150 g 5.29 oz,3100mAh,,1 SIM Nano,Wi-Fi 802.11 a/b/g/n/ac/ax
https://didongmango.com/images/products/2020/02/25/original/-samsung-galaxy-note-10-plus-ip68_1572404463jpg_1582620058.jpg.jpg,,9.590.000₫,Samsung Note 10 Plus 5G Mới ,0982351080,https://didongmango.com/samsung-note-10/samsung-note-10-plus-nobox-p1279.html,5/5,130,SAMSUNG,"Xanh,Aura,Đen,Trắng",,9 Pie One UI,Đa ngôn ngữ,Dynamic AMOLED 6.8 inches 1440 x 3040 pixels,12 MP + 12 MP + 16 MP,"10 MP, f/1.9","TOF 3D camera, LED flash, auto-HDR, panorama","2160p@60fps, 1080p@240fps, 720p@960fps, HDR, dual-video rec.",Snapdragon 855,12 GB RAM,256 GB,"microSD, up to 1 TB",162.3 x 77.1 x 7.9 mm,198 g,Li-Ion 4300 mAh,2G/ 3G/ 4G,1 SIM NANO,"Wi-Fi 802.11 a/b/g/n/ac, dual-band, Wi-Fi Direct, hotspot"
