pathImg,option,price,title,hot_line,url,point,rating_total,star_percent_list,producer,Màn hình,Camera sau,ram,memory,chip,Thẻ SIM,Dung lượng pin,Công nghệ màn hình,Độ phân giải,Màn hình rộng,Quay phim,Đèn Flash,Thẻ nhớ ngoài,Mạng di động,SIM,Wifi,Bluetooth,Cổng kết nối/sạc,Jack tai nghe,Thiết kế,Chất liệu,Kích thước,Trọng lượng,Loại pin,Ghi âm,Radio,Xem phim,Nghe nhạc,Thời điểm ra mắt
https://stcv4.hnammobile.com/uploads/products/colors/2/itel-it9210-4g-01652336860.jpg,,,Itel it9210 4G ,1800.6878,https://www.hnammobile.com/dien-thoai/itel-it9210-4g.24077.html,0/5,0 khách đã đánh giá,"0%,0%,0%,0%,0%",Itel,"LCD 2.4"", 256.000 màu",0.3 MP,64 MB,128 MB,"MicroSD, hỗ trợ tối đa 64 GB","2 Micro SIM, Hỗ trợ 4G",1900 mAh,LCD,0.3 MP,"2.4""",Có,Có,"MicroSD, hỗ trợ tối đa 64 GB",Hỗ trợ 4G,2 Micro SIM,Có,v4.2,Micro USB,3.5 mm,Pin rời,Khung &amp; Mặt lưng nhựa,Dài 128.8 mm - Ngang 52.5 mm - Dày 13.7 mm,95 g,Li-Po,Ghi âm mặc định,Có,3GP AVI FLV MP4,ADPCM Midi MP3,11/2021
https://stcv4.hnammobile.com/uploads/products/colors/4/apple-iphone-13-5g-512gb-vn-a-01631653800.jpg?v=165651895201,512GB,23.999.000đ,Apple iPhone 13 512GB VN/A,1800.6878,https://www.hnammobile.com/dien-thoai/apple-iphone-13-512gb-vn-a.22135.html,5/5,2 khách đã đánh giá,"100%,0%,0%,0%,0%",Apple iPhone,"OLED6.1"" Super Retina XDR",2 camera 12 MP,4 GB,512 GB,Không,1 Nano SIM &amp; 1 eSIM Hỗ trợ 5G,,OLED,12 MP,"6.1""","4K , FullHD , FullHD , HD ,",3 đèn LED 2 tông màu,,Hỗ trợ 5G,1 Nano SIM &amp; 1 eSIM,Dual-band (2.4 GHz/5 GHz) Wi-Fi 802.11 a/b/g/n/ac/ax Wi-Fi hotspot,A2DP v5.0 v5.1,Lightning,Lightning,Nguyên khối,Khung nhôm &amp; Mặt lưng kính cường lực,Dài 146.7 mm - Ngang 71.5 mm - Dày 7.65 mm,174 g,Li-Ion,Có (microphone chuyên dụng chống ồn),,H.264(MPEG4-AVC),AAC FLAC Lossless MP3,
,,,,1800.6878,https://www.hnammobile.com/kho-may-cu/dien-thoai/apple-iphone-8-plus-128gb-cu-99-ll.24342.html,,,,Điện thoại,,,,,,,,,,,,,,,,,,,,,,,,,,,,,
,,,,1800.6878,https://www.hnammobile.com/kho-may-cu/dien-thoai/apple-iphone-8-256gb-cu-99.12491.html,,,,Điện thoại,,,2 GB,256 GB,,,1821 mAh,LED-backlit IPS LCD,7 MP,"4.7""","Quay phim 4K ,",4 đèn LED (2 tông màu),Không,"3G, 4G LTE Cat 16",1 Nano SIM,"Wi-Fi 802.11 a/b/g/n/ac, Dual-band, Wi-Fi hotspot","EDR, A2DP, LE, v5.0",Lightning,Không,Nguyên khối,Khung kim loại &amp; Mặt lưng kính cường lực,Dài 138.4 mm - Ngang 67.3 mm - Dày 7.3 mm,148 g,Pin chuẩn Li-Ion,"Có, microphone chuyên dụng chống ồn",Không,"H.265, 3GP, MP4, AVI, WMV, H.263, H.264(MPEG4-AVC)","Midi, Lossless, MP3, WAV, WMA9, WMA, AAC, AAC+, AAC++, eAAC+",9/2017
,,,,1800.6878,https://www.hnammobile.com/kho-may-cu/dien-thoai/apple-iphone-8-plus-256gb-cu-99-ll.13086.html,,,,Điện thoại,,,3 GB,256 GB,,,2691 mAh,LED-backlit IPS LCD,7 MP,"5.5""","Quay phim 4K ,",4 đèn LED (2 tông màu),Không,"3G, 4G LTE Cat 16",1 Nano SIM,"Wi-Fi 802.11 a/b/g/n/ac, Dual-band, Wi-Fi hotspot","A2DP, LE, EDR, v5.0",Lightning,Lightning,Nguyên khối,Khung kim loại &amp; Mặt lưng kính cường lực,Dài 158.4 mm - Ngang 78.1 mm - Dày 7.5 mm,202 g,Pin chuẩn Li-Ion,"Có, microphone chuyên dụng chống ồn",Không,"H.265, 3GP, MP4, AVI, WMV, H.263, H.264(MPEG4-AVC)","Midi, Lossless, MP3, WAV, WMA, WMA9, AAC, AAC+, AAC++, eAAC+",09/2017
,,,,1800.6878,https://www.hnammobile.com/kho-may-cu/dien-thoai/apple-iphone-8-plus-256gb-cu-97.22647.html,,,,Điện thoại,,,3 GB,256 GB,,,2691 mAh,LED-backlit IPS LCD,7 MP,"5.5""","Quay phim 4K ,",4 đèn LED (2 tông màu),Không,"3G, 4G LTE Cat 16",1 Nano SIM,"Wi-Fi 802.11 a/b/g/n/ac, Dual-band, Wi-Fi hotspot","A2DP, LE, EDR, v5.0",Lightning,Lightning,Nguyên khối,Khung kim loại &amp; Mặt lưng kính cường lực,Dài 158.4 mm - Ngang 78.1 mm - Dày 7.5 mm,202 g,Pin chuẩn Li-Ion,"Có, microphone chuyên dụng chống ồn",Không,"H.265, 3GP, MP4, AVI, WMV, H.263, H.264(MPEG4-AVC)","Midi, Lossless, MP3, WAV, WMA, WMA9, AAC, AAC+, AAC++, eAAC+",09/2017
,,,,1800.6878,https://www.hnammobile.com/kho-may-cu/dien-thoai/apple-iphone-8-256gb-cu-97-ll.24191.html,,,,Điện thoại,,,2 GB,256 GB,,,1821 mAh,LED-backlit IPS LCD,7 MP,"4.7""","Quay phim 4K ,",4 đèn LED (2 tông màu),Không,"3G, 4G LTE Cat 16",1 Nano SIM,"Wi-Fi 802.11 a/b/g/n/ac, Dual-band, Wi-Fi hotspot","EDR, A2DP, LE, v5.0",Lightning,Không,Nguyên khối,Khung kim loại &amp; Mặt lưng kính cường lực,Dài 138.4 mm - Ngang 67.3 mm - Dày 7.3 mm,148 g,Pin chuẩn Li-Ion,"Có, microphone chuyên dụng chống ồn",Không,"H.265, 3GP, MP4, AVI, WMV, H.263, H.264(MPEG4-AVC)","Midi, Lossless, MP3, WAV, WMA9, WMA, AAC, AAC+, AAC++, eAAC+",9/2017
,,,,1800.6878,https://www.hnammobile.com/kho-may-cu/dien-thoai/apple-iphone-x-64gb-cu-99-ll.14719.html,,,,Điện thoại,,,3 GB,64 GB,,,2716 mAh,OLED,7 MP,"5.8""","Quay phim 4K ,",4 đèn LED (2 tông màu),Không,"3G, 4G LTE Cat 16",1 Nano SIM,"Wi-Fi 802.11 a/b/g/n/ac, Dual-band, Wi-Fi hotspot","EDR, LE, A2DP, v5.0",Lightning,Lightning,Nguyên khối,Khung kim loại + mặt kính cường lực,Dài 143.6 mm - Ngang 70.9 mm - Dày 7.7 mm,174 g,Pin chuẩn Li-Ion,"Có, microphone chuyên dụng chống ồn",Không,"H.265, 3GP, MP4, AVI, WMV, H.263, H.264(MPEG4-AVC)","Midi, Lossless, MP3, WAV, WMA, WMA9, AAC, AAC+, AAC++, eAAC+",09/2017
,,,,1800.6878,https://www.hnammobile.com/kho-may-cu/dien-thoai/apple-iphone-x-64gb-cu-99-kh.19533.html,,,,Điện thoại,,,3 GB,64 GB,,,2716 mAh,OLED,7 MP,"5.8""","Quay phim 4K ,",4 đèn LED (2 tông màu),Không,"3G, 4G LTE Cat 16",1 Nano SIM,"Wi-Fi 802.11 a/b/g/n/ac, Dual-band, Wi-Fi hotspot","A2DP, LE, EDR, v5.0",Lightning,Lightning,Nguyên khối,Khung kim loại &amp; Mặt lưng kính cường lực,Dài 143.6 mm - Ngang 70.9 mm - Dày 7.7 mm,174 g,Pin chuẩn Li-Ion,"Có, microphone chuyên dụng chống ồn",Không,"H.265, 3GP, MP4, AVI, WMV, H.263, H.264(MPEG4-AVC)","Midi, Lossless, MP3, WAV, WMA, WMA9, AAC, AAC+, AAC++, eAAC+",09/2017
,,,,1800.6878,https://www.hnammobile.com/kho-may-cu/dien-thoai/apple-iphone-xs-256gb-cu-99-kh-ja.19062.html,,,,Điện thoại,,,4 GB,256 GB,,,2658 mAh,OLED,7 MP,"5.8""","Quay phim FullHD ,, Quay phim FullHD ,, Quay phim FullHD ,, Quay phim FullHD ,, Quay phim 4K ,, Quay phim 4K ,, Quay phim 4K ,",4 đèn LED (2 tông màu),Không,Hỗ trợ 4G,1 Nano SIM,"Wi-Fi 802.11 a/b/g/n/ac, Dual-band, Wi-Fi hotspot","LE, A2DP, v5.0",Lightning,Lightning,Nguyên khối,Khung thép không gỉ &amp; Mặt lưng kính cường lực,Dài 143.6 mm - Ngang 70.9 mm - Dày 7.7 mm,177 g,Pin chuẩn Li-Ion,"Có, microphone chuyên dụng chống ồn",Không,"H.265, 3GP, MP4, AVI, WMV, H.263, H.264(MPEG4-AVC)","Lossless, Midi, MP3, WAV, WMA, WMA9, AAC, AAC+, AAC++, eAAC+",11/2018
,,,,1800.6878,https://www.hnammobile.com/kho-may-cu/dien-thoai/apple-iphone-xs-64gb-cu-99-kh-ja.18532.html,,,,Điện thoại,,,4 GB,64 GB,,,2658 mAh,OLED,7 MP,"5.8""","Quay phim FullHD ,, Quay phim FullHD ,, Quay phim FullHD ,, Quay phim FullHD ,, Quay phim 4K ,, Quay phim 4K ,, Quay phim 4K ,",4 đèn LED (2 tông màu),Không,Hỗ trợ 4G,Nano SIM &amp; eSIM,"Wi-Fi 802.11 a/b/g/n/ac, Dual-band, Wi-Fi hotspot","LE, A2DP, v5.0",Lightning,Lightning,Nguyên khối,Khung thép không gỉ &amp; Mặt lưng kính cường lực,Dài 143.6 mm - Ngang 70.9 mm - Dày 7.7 mm,177 g,Pin chuẩn Li-Ion,"Có, microphone chuyên dụng chống ồn",Không,"H.265, 3GP, MP4, AVI, WMV, H.263, H.264(MPEG4-AVC)","Midi, Lossless, MP3, WAV, WMA9, WMA, AAC, AAC+, AAC++, eAAC+",11/2018
,,,,1800.6878,https://www.hnammobile.com/kho-may-cu/dien-thoai/apple-iphone-xs-max-64gb-99.23617.html,,,,Điện thoại,,,4 GB,64 GB,,,3174 mAh,OLED,7 MP,"6.5""","Quay phim FullHD ,, Quay phim FullHD ,, Quay phim FullHD ,, Quay phim FullHD ,, Quay phim 4K ,, Quay phim 4K ,, Quay phim 4K ,",4 đèn LED (2 tông màu),Không,Hỗ trợ 4G,1 eSIM &amp; 1 Nano SIM,"Wi-Fi 802.11 a/b/g/n/ac, Dual-band, Wi-Fi hotspot","A2DP, v5.0",Lightning,Lightning,Nguyên khối,Khung thép không gỉ &amp; Mặt lưng kính cường lực,Dài 157.5 mm - Ngang 77.4 mm - Dày 7.7 mm,208 g,Pin chuẩn Li-Ion,"Có, microphone chuyên dụng chống ồn",Không,"H.265, 3GP, MP4, AVI, WMV, H.263, H.264(MPEG4-AVC)","Midi, Lossless, MP3, WAV, WMA9, WMA, AAC, AAC+, AAC++, eAAC+",11/2018
,,,,1800.6878,https://www.hnammobile.com/kho-may-cu/dien-thoai/apple-iphone-8-plus-128gb-cu-97-ll.24316.html,,,,Điện thoại,,,3 GB,128 GB,,,2691 mAh,LED-backlit IPS LCD,7 MP,"5.5""","Quay phim 4K ,",4 đèn LED (2 tông màu),Không,"3G, 4G LTE Cat 16",1 Nano SIM,"Wi-Fi 802.11 a/b/g/n/ac, Dual-band, Wi-Fi hotspot","EDR, LE, A2DP, v5.0",Lightning,Lightning,Nguyên khối,Khung kim loại + mặt kính cường lực,Dài 158.4 mm - Ngang 78.1 mm - Dày 7.5 mm,202 g,Pin chuẩn Li-Ion,"Có, microphone chuyên dụng chống ồn",Không,"H.265, 3GP, MP4, AVI, WMV, H.263, H.264(MPEG4-AVC)","Midi, Lossless, MP3, WAV, WMA9, WMA, AAC, AAC+, AAC++, eAAC+",09/2017
,,,,1800.6878,https://www.hnammobile.com/kho-may-cu/dien-thoai/oppo-reno6-z-5g.23687.html,,,,Điện thoại,,,,,,,,,,,,,,,,,,,,,,,,,,,,,
https://stcv4.hnammobile.com/uploads/products/colors/6/poco-m4-pro-5g-6gb-ram-128gb-01640331344.jpg?v=165651891001,,5.779.000đ,Xiaomi POCO M4 Pro 5G 6GB RAM 128GB,1800.6878,https://www.hnammobile.com/dien-thoai/xiaomi-poco-m4-pro-5g-6gb-ram-128gb.23208.html,4.7/5,15 khách đã đánh giá,"67%,33%,0%,0%,0%",Xiaomi,"IPS LCD, Full HD+ (1080 x 2400 Pixels)","Chính 50 MP &amp; Phụ 8 MP, 16 MP",6 GB,128 GB,,2 Nano SIM,5000 mAh,IPS LCD,16 MP,,,,,Hỗ trợ 5G,2 Nano SIM,Wi-Fi 802.11 a/b/g/n/ac Wi-Fi hotspot Dual-band (2.4 GHz/5 GHz) Wi-Fi Direct,LE A2DP v5.1,,3.5 mm,,,,,Li-Po,,,,,
,,,,1800.6878,https://www.hnammobile.com/kho-may-cu/dien-thoai/samsung-galaxy-s20-5g-g981-cu-99-chip-snapdragon.20701.html,,,,Điện thoại,,,12 GB,128 GB,,,4000 mAh,Dynamic AMOLED,"10 MP, f/2.2, 26mm (wide), 1/3.2"", 1.22µm, Dual Pixel PDAF",6.2 inches,",, ,/60fps, ,/60/240fps, HDR10+, dual-video rec., stereo sound rec., gyro-EIS &amp; OIS",,"MicroSD, hỗ trợ tối đa 400 GB",Hỗ trợ 4G,Nano SIM,"Dual-band, Wi-Fi 802.11 a/b/g/n/ac/ax, Wi-Fi Direct, Wi-Fi hotspot","A2DP, LE, apt-X, v5.0",2 đầu Type-C,USB Type-C,Nguyên khối,Khung kim loại &amp; Mặt lưng kính cường lực,151.7 x 69.1 x 7.9 mm (5.97 x 2.72 x 0.31 in),163 g,Pin chuẩn Li-Ion,"Có, microphone chuyên dụng chống ồn",Không,"H.265, 3GP, MP4, AVI, H.263, H.264(MPEG4-AVC), DivX, Xvid","Midi, AMR, MP3, WAV, AAC++, eAAC+, FLAC",08/2019
https://stcv4.hnammobile.com/uploads/products/colors/7/samsung-galaxy-a53-5g-a536-128gb-ram-8gb-preoder-01648190210.jpg,,,Samsung Galaxy A53 A536 5G 128GB Ram 8GB (New - BH12T),1800.6878,https://www.hnammobile.com/dien-thoai/samsung-galaxy-a53-a536-5g-128gb-ram-8gb.23803.html,0/5,0 khách đã đánh giá,"0%,0%,0%,0%,0%",Samsung,"6.5"" FHD+ Infinity-O Super AMOLED 120Hz",Sau 64MP với chế độ quay chụp OIS sắc nét + Chụp Góc Siêu Rộng 12MP + Xoá phông 5MP + Macro 5MP,8Gb,128GB,,,"5,000 mAh Sạc nhanh 25W",FHD+ Infinity-O Super AMOLED 120Hz,Trước 32.0MP,"6.5""",,,,,,,,,,,,,,,,,,,
,,,,1800.6878,https://www.hnammobile.com/kho-may-cu/dien-thoai/samsung-galaxy-a52s-5g-a528-128gb-ram-8gb-99-hang-trung-bay.23847.html,,,,Điện thoại,,,8 GB,128 GB,,,4500 mAh,Super AMOLED,32 MP,"6.5"" - Tần số quét 120 Hz","4K , FullHD , FullHD ,",Có,,Hỗ trợ 5G,2 Nano SIM (SIM 2 chung khe thẻ nhớ),Dual-band (2.4 GHz/5 GHz) Wi-Fi 802.11 a/b/g/n/ac Wi-Fi Direct Wi-Fi hotspot,A2DP LE v5.2,Type-C,3.5 mm,Nguyên khối,,Dài 159.9 mm - Ngang 75.1 mm - Dày 8.4 mm -,189 g,,,,Có,Có,8/2021
,,,,1800.6878,https://www.hnammobile.com/kho-may-cu/dien-thoai/apple-iphone-xs-64gb-cu-99-ll.20191.html,,,,Điện thoại,,,4 GB,64 GB,,,2658 mAh,OLED,7 MP,"5.8""","Quay phim FullHD ,, Quay phim FullHD ,, Quay phim FullHD ,, Quay phim FullHD ,, Quay phim 4K ,, Quay phim 4K ,, Quay phim 4K ,",4 đèn LED (2 tông màu),Không,Hỗ trợ 4G,1 Nano SIM,"Wi-Fi 802.11 a/b/g/n/ac, Dual-band (2.4 GHz/5 GHz), Wi-Fi hotspot","LE, v5.0",Lightning,Lightning,Nguyên khối,Khung thép không gỉ &amp; Mặt lưng kính cường lực,Dài 143.6 mm - Ngang 70.9 mm - Dày 7.7 mm,177 g,Pin chuẩn Li-Ion,"Có, microphone chuyên dụng chống ồn",Không,"H.265, 3GP, MP4, AVI, WMV, H.263, H.264(MPEG4-AVC)","Lossless, Midi, MP3, WAV, WMA, WMA9, AAC, AAC+, AAC++, eAAC+",11/2018
https://stcv4.hnammobile.com/uploads/products/colors/6/samsung-galaxy-a33-a336-128gb-ram-6gb-01651888228.jpg,,,Samsung Galaxy A33 A336 5G 128GB Ram 6GB (New - BH12T),1800.6878,https://www.hnammobile.com/dien-thoai/samsung-galaxy-a33-a336-5g-128gb-ram-6gb.24054.html,0/5,0 khách đã đánh giá,"0%,0%,0%,0%,0%",Samsung,"Super AMOLED, 90Hz 6.4 inch FullHD+, 1080 x 2400 pixels",48 MP + 8 MP + 5 MP + 2 MP,6 GB,128 GB,,,5000 mAh,,13MP,,,,,,,,,,,,,,,,,,,,
,,,,1800.6878,https://www.hnammobile.com/kho-may-cu/dien-thoai/samsung-galaxy-s20-plus-g986-5g-256gb-cu-99-chip-snapdragon.20343.html,,,,Điện thoại,,,12 GB,256 GB,,,4500 mAh,Dynamic AMOLED 2X,10 MP,"6.7""","Quay phim HD , phim FullHD , phim FullHD , phim FullHD , phim 4K , phim 4K , Quay phim 8K ,",Có,"MicroSD, hỗ trợ tối đa 1 TB",Hỗ trợ 5G,1 Nano SIM,Wi-Fi 802.11 a/b/g/n/acDual-band (2.4 GHz/5 GHz)Wi-Fi DirectWi-Fi hotspot,LEapt-Xv5.0,2 đầu Type-C,USB Type-C,Nguyên khối,Khung kim loại &amp; Mặt lưng kính cường lực,Dài 161.9 mm - Ngang 73.7 mm - Dày 7.8 mm,188 g,Pin chuẩn Li-Ion,Có (microphone chuyên dụng chống ồn),Không,H.2653GPMP4AVIWMVH.264(MPEG4-AVC)DivXWMV9Xvid,LosslessMidi APE AMRMP3WAVWMAAACAAC++eAAC+OGGAC3FLAC,02/2020
https://stcv4.hnammobile.com/uploads/products/colors/5/samsung-galaxy-a03-a035-32gb-ram-3gb-01644996313.jpg?v=165651940101,Galaxy A03,2.649.000đ,Samsung Galaxy A03 A035 32GB Ram 3GB,1800.6878,https://www.hnammobile.com/dien-thoai/samsung-galaxy-a03-a035-32gb-ram-3gb.22865.html,0/5,0 khách đã đánh giá,"0%,0%,0%,0%,0%",Samsung,,,3 GB,32 GB,,Hỗ trợ 4G,,,,,,,,Hỗ trợ 4G,,,,,,,,,,,,,,,
https://stcv4.hnammobile.com/uploads/products/colors/3/samsung-galaxy-a03-a035-32gb-ram-3gb-01644996319.jpg?v=165651892001,,2.549.000đ,Samsung Galaxy A03 A035 32GB Ram 3GB (New - BH12T),1800.6878,https://www.hnammobile.com/dien-thoai/samsung-galaxy-a03-a035-32gb-ram-3gb.23457.html,0/5,0 khách đã đánh giá,"0%,0%,0%,0%,0%",Samsung,,,3 GB,32 GB,,Hỗ trợ 4G,,,,,,,,Hỗ trợ 4G,,,,,,,,,,,,,,,
https://stcv4.hnammobile.com/uploads/products/colors/7/samsung-galaxy-a13-a135-128gb-ram-4gb-01647405629.jpg?v=165651942301,Galaxy A13,3.699.000đ,Samsung Galaxy A13 A135 128GB Ram 4GB,1800.6878,https://www.hnammobile.com/dien-thoai/samsung-galaxy-a13-a135-128gb-ram-4gb.23722.html,5/5,3 khách đã đánh giá,"100%,0%,0%,0%,0%",Samsung,"6.6” FHD+, Vô cực Infinity-V Pin - TFT LCD",Siêu rộng 5MP (F2.2) Rộng 50MP (F1.8) Xóa phông 2MP (F2.4) Cận cảnh 2MP (F2.4),4 GB,128 GB,,,5000 mAh - Sạc nhanh 15W,Vô cực Infinity-V Pin - TFT LCD,8MP (F2.2),6.6” FHD+,,,,Hỗ trợ 4G,,,,,,,,,,,,,,,
,,,,1800.6878,https://www.hnammobile.com/kho-may-cu/dien-thoai/samsung-galaxy-z-fold-2-5g-f916-cu-99.20702.html,,,,Điện thoại,,,12 GB,256 GB,,,4500 mAh,"Chính: Dynamic AMOLED, phụ: Super AMOLED",10 MP,"Chính 7.59"" &amp; Phụ 6.23""","Quay phim HD ,, Quay phim FullHD ,, Quay phim FullHD ,, Quay phim 4K ,",Có,Không,Hỗ trợ 5G,1 eSIM &amp; 1 Nano SIM,"Wi-Fi Direct, Wi-Fi hotspot","apt-X, LE, A2DP, v5.0",USB Type-C,USB Type-C,Nguyên khối,Khung nhôm &amp; Mặt lưng kính cường lực,Mở: Dài 159.2 mm - Ngang 128.2 mm - Dày 6.9 mm; Gập: Dài 159.2 mm - Ngang 68 mm - Dày 16.8 mm,279 g,Pin chuẩn Li-Po,Có,Không,"MP4, WMV, H.263, H.264(MPEG4-AVC), DivX, Xvid","MP3, WAV, WMA, eAAC+, FLAC",08/2020
https://stcv4.hnammobile.com/uploads/products/colors/8/samsung-galaxy-a23-a235-128gb-ram-4gb-01653529006.jpg?v=165651892501,,4.649.000đ,Samsung Galaxy A23 A235 128GB Ram 4GB (New -BH12T),1800.6878,https://www.hnammobile.com/dien-thoai/samsung-galaxy-a23-a235-128gb-ram-4gb.24155.html,0/5,0 khách đã đánh giá,"0%,0%,0%,0%,0%",Samsung,"6.6” Infinity-V, FHD+ (1200x2408), TFT LCD (20:9)",50MP OIS F2.2 (Rộng) 5MP F2.2 (Siêu rộng) 2MP F2.4 (Xóa phông) 2MP F2.4 (Cận cảnh,4 GB,128 GB,,,"5,000 mAh - Sạc nhanh 25W",Infinity-V,8MP (F2.2),"6.6”, TFT LCD (20:9)",,,Hỗ trợ thẻ nhớ ngoài lên đến 1TB,Hỗ trợ 5G,,,,,,,,,,,,,,,
https://stcv4.hnammobile.com/uploads/products/colors/1/samsung-galaxy-a12-a127-128gb-ram-4gb-01635225699.jpg?v=165651892001,Chưa Active,3.649.000đ,Samsung Galaxy A12 A127 128GB Ram 4GB,1800.6878,https://www.hnammobile.com/dien-thoai/samsung-galaxy-a12-a127-128gb-ram-4gb.22555.html,5/5,5 khách đã đánh giá,"100%,0%,0%,0%,0%",Samsung,"PLS TFT LCD, 6.5"", HD+ (720 x 1600 Pixels)","Chính 48 MP &amp; Phụ 5 MP, 2 MP, 2 MP",4 GB,128 GB,"MicroSD, hỗ trợ tối đa 1 TB",2 Nano SIM,5000 mAh,PLS TFT LCD,8 MP,"6.5""","FullHD ,",Có,"MicroSD, hỗ trợ tối đa 1 TB",Hỗ trợ 4G,2 Nano SIM,"Wi-Fi 802.11 a/b/g/n, Wi-Fi hotspot",v5.0,USB Type-C,3.5 mm,Nguyên khối,Khung &amp; Mặt lưng nhựa,Dài 164 mm - Ngang 75.8 mm - Dày 8.9 mm,205 g,Đang cập nhật,Đang cập nhật,Đang cập nhật,WMVAVI3GPMP4,"3GPP
MidiFLACAMROGGAACWMAWAVMP3",12/2020
https://stcv4.hnammobile.com/uploads/products/colors/4/samsung-galaxy-a13-a135-128gb-ram-4gb-01650506339.jpg?v=165651947601,,3.649.000đ,Samsung Galaxy A13 A135 128GB Ram 4GB (New - BH12T),1800.6878,https://www.hnammobile.com/dien-thoai/samsung-galaxy-a13-a135-128gb-ram-4gb.23971.html,0/5,0 khách đã đánh giá,"0%,0%,0%,0%,0%",Samsung,"6.6” FHD+, Vô cực Infinity-V Pin - TFT LCD",Siêu rộng 5MP (F2.2) Rộng 50MP (F1.8) Xóa phông 2MP (F2.4) Cận cảnh 2MP (F2.4),4 GB,128 GB,,,5000 mAh - Sạc nhanh 15W,Vô cực Infinity-V Pin - TFT LCD,8MP (F2.2),6.6” FHD+,,,,Hỗ trợ 4G,,,,,,,,,,,,,,,
https://stcv4.hnammobile.com/uploads/products/colors/8/samsung-galaxy-a33-a336-128gb-ram-6gb-01649056616.jpg?v=165651892601,Galaxy A33 5G,6.699.000đ,Samsung Galaxy A33 A336 5G 128GB Ram 6GB,1800.6878,https://www.hnammobile.com/dien-thoai/samsung-galaxy-a33-a336-5g-128gb-ram-6gb.23894.html,0/5,0 khách đã đánh giá,"0%,0%,0%,0%,0%",Samsung,"Super AMOLED, 90Hz 6.4 inch FullHD+, 1080 x 2400 pixels",48 MP + 8 MP + 5 MP + 2 MP,6 GB,128 GB,,,5000 mAh,,13MP,,,,,,,,,,,,,,,,,,,,
https://stcv4.hnammobile.com/uploads/products/colors/5/samsung-galaxy-s21-fe-5g-g990-256gb-ram-8gb-01644483047.jpg,,,Samsung Galaxy S21 FE 5G G990 256GB Ram 8GB (New - BH12T),1800.6878,https://www.hnammobile.com/dien-thoai/samsung-galaxy-s21-fe-5g-g990-256gb-ram-8gb.23495.html,0/5,0 khách đã đánh giá,"0%,0%,0%,0%,0%",Samsung,,,,,,,,,,,,,,,,,,,,,,,,,,,,,
https://stcv4.hnammobile.com/uploads/products/colors/1/samsung-galaxy-a73-a736-128gb-ram-8gb-01649063716.jpg?v=165651892301,Galaxy A73 5G,10.999.000đ,Samsung Galaxy A73 A736 5G 128GB Ram 8GB,1800.6878,https://www.hnammobile.com/dien-thoai/samsung-galaxy-a73-a736-5g-128gb-ram-8gb.23896.html,0/5,0 khách đã đánh giá,"0%,0%,0%,0%,0%",Samsung,"6.7"" FHD+ Infinity-O Super AMOLED 120Hz",108MP với chế độ quay chụp OIS sắc nét &amp; Zoom quang học 3x &amp; Zoom kĩ thuật số 10x + Chụp Góc Siêu Rộng 12MP + Xoá phông 5MP + Macro 5MP,8GB,128GB,microSDXC (uses shared SIM slot),Single SIM (Nano-SIM) or Hybri,"Li-Po 5000 mAh, non-removable","6.7"" FHD+ Infinity-O Super AMOLED 120Hz",32.0MP,,",, ,/60fps; gyro-EIS",,microSDXC (uses shared SIM slot),,Single SIM (Nano-SIM) or Hybri,"Wi-Fi 802.11 a/b/g/n/ac/6, dual-band, Wi-Fi Direct, hotspot","5.0, A2DP, LE",,,,,163.7 x 76.1 x 7.6 mm,181 g,,,,,,
https://stcv4.hnammobile.com/uploads/products/colors/5/samsung-galaxy-s22-5g-256gb-ram-8gb-01644461541.jpg,256GB,,Samsung Galaxy S22 5G S901 256GB Ram 8GB,1800.6878,https://www.hnammobile.com/dien-thoai/samsung-galaxy-s22-5g-s901-256gb-ram-8gb.23432.html,5/5,2 khách đã đánh giá,"100%,0%,0%,0%,0%",Samsung,"Dynamic AMOLED 2X, 6.1"", Full HD+","Chính 50 MP &amp; Phụ 12 MP, 10 MP",8 GB,256GB,,"1 Nano SIM &amp; 1 eSIM, Hỗ trợ 5G",3700 mAh,Dynamic AMOLED 2X,10 MP,"6.1""","8K , , FullHD ,",,,Hỗ trợ 5G,1 Nano SIM &amp; 1 eSIM,Wi-Fi 802.11 a/b/g/n/ac/ax Wi-Fi hotspot Dual-band (2.4 GHz/5 GHz) Wi-Fi Direct,v5.2,Type-C,Type-C,Nguyên khối,Khung kim loại &amp; Mặt lưng kính,146x70.6x7.6,167g,Li-Ion,,,FLV AVI MKV MP4 3GP,WAV MP3 AAC M4A AMR OGG,
https://stcv4.hnammobile.com/uploads/products/colors/7/samsung-galaxy-a53-5g-a536-128gb-ram-8gb-01648179169.jpg?v=165651950001,Galaxy A53 5G,8.099.000đ,Samsung Galaxy A53 A536 5G 128GB Ram 8GB,1800.6878,https://www.hnammobile.com/dien-thoai/samsung-galaxy-a53-a536-5g-128gb-ram-8gb.23713.html,5/5,2 khách đã đánh giá,"100%,0%,0%,0%,0%",Samsung,"6.5"" FHD+ Infinity-O Super AMOLED 120Hz",Sau 64MP với chế độ quay chụp OIS sắc nét + Chụp Góc Siêu Rộng 12MP + Xoá phông 5MP + Macro 5MP,8Gb,128GB,,,"5,000 mAh Sạc nhanh 25W",FHD+ Infinity-O Super AMOLED 120Hz,Trước 32.0MP,"6.5""",,,,,,,,,,,,,,,,,,,
https://stcv4.hnammobile.com/uploads/products/colors/4/samsung-galaxy-s21-fe-5g-g990-128gb-ram-8gb-01641452504.jpg?v=165651892501,128GB Ram 8GB,12.599.000đ,Samsung Galaxy S21 FE 5G G990 128GB Ram 8GB,1800.6878,https://www.hnammobile.com/dien-thoai/samsung-galaxy-s21-fe-5g-g990-128gb-ram-8gb.22801.html,0/5,0 khách đã đánh giá,"0%,0%,0%,0%,0%",Samsung,6.4 inches Super AMOLED 1080 x 2400 pixels (FullHD+),"Camera góc rộng: 12 MP, f/1.8, PDAF, OIS Camera tele: 8 MP, f/2.4, 3x optical zoom Camera góc siêu rộng: 12 MP, f/2.2",8 GB,128 GB,,2 SIM (Nano-SIM),4500mAh,Super AMOLED,"32 MP, f/2.2",6.4 inches,",/60fps, ,/60fps, gyro-EIS",,,5G,2 SIM (Nano-SIM),"Wi-Fi 802.11 a/b/g/n/ac/6, dual-band, Wi-Fi Direct, hotspot","5.2, A2DP, LE",,,Nguyên khối,,,,,,,,,
https://stcv4.hnammobile.com/uploads/products/colors/8/samsung-galaxy-s22-5g-s901-128gb-ram-8gb-01656467154.jpg?v=165651892501,,15.490.000đ,Samsung Galaxy S22 5G S901 128GB Ram 8GB (New - BH12T),1800.6878,https://www.hnammobile.com/dien-thoai/samsung-galaxy-s22-5g-s901-128gb-ram-8gb.24119.html,0/5,0 khách đã đánh giá,"0%,0%,0%,0%,0%",Samsung,"Dynamic AMOLED 2X, 6.1"", Full HD+","Chính 50 MP &amp; Phụ 12 MP, 10 MP",8 GB,128 GB,,"1 Nano SIM &amp; 1 eSIM, Hỗ trợ 5G",3700 mAh,Dynamic AMOLED 2X,10 MP,"6.1""","8K , , FullHD ,",,,Hỗ trợ 5G,1 Nano SIM &amp; 1 eSIM,Wi-Fi 802.11 a/b/g/n/ac/ax Wi-Fi hotspot Dual-band (2.4 GHz/5 GHz) Wi-Fi Direct,v5.2,Type-C,Type-C,Nguyên khối,Khung kim loại &amp; Mặt lưng kính,146x70.6x7.6,167g,Li-Ion,,,FLV AVI MKV MP4 3GP,WAV MP3 AAC M4A AMR OGG,
https://stcv4.hnammobile.com/uploads/products/colors/4/samsung-galaxy-s22-5g-s901-256gb-ram-8gb-01655949518.jpg?v=165651892501,,16.790.000đ,Samsung Galaxy S22 5G S901 256GB Ram 8GB (New - BH12T),1800.6878,https://www.hnammobile.com/dien-thoai/samsung-galaxy-s22-5g-s901-256gb-ram-8gb.24295.html,0/5,0 khách đã đánh giá,"0%,0%,0%,0%,0%",Samsung,"Dynamic AMOLED 2X, 6.1"", Full HD+","Chính 50 MP &amp; Phụ 12 MP, 10 MP",8 GB,256GB,,"1 Nano SIM &amp; 1 eSIM, Hỗ trợ 5G",3700 mAh,Dynamic AMOLED 2X,10 MP,"6.1""","8K , , FullHD ,",,,Hỗ trợ 5G,1 Nano SIM &amp; 1 eSIM,Wi-Fi 802.11 a/b/g/n/ac/ax Wi-Fi hotspot Dual-band (2.4 GHz/5 GHz) Wi-Fi Direct,v5.2,Type-C,Type-C,Nguyên khối,Khung kim loại &amp; Mặt lưng kính,146x70.6x7.6,167g,Li-Ion,,,FLV AVI MKV MP4 3GP,WAV MP3 AAC M4A AMR OGG,
https://stcv4.hnammobile.com/uploads/products/colors/4/samsung-galaxy-s22-5g-128gb-ram-8gb-01644461422.jpg?v=165651892801,128GB,17.490.000đ,Samsung Galaxy S22 5G S901 128GB Ram 8GB,1800.6878,https://www.hnammobile.com/dien-thoai/samsung-galaxy-s22-5g-s901-128gb-ram-8gb.23431.html,5/5,2 khách đã đánh giá,"100%,0%,0%,0%,0%",Samsung,"Dynamic AMOLED 2X, 6.1"", Full HD+","Chính 50 MP &amp; Phụ 12 MP, 10 MP",8 GB,128 GB,,"1 Nano SIM &amp; 1 eSIM, Hỗ trợ 5G",3700 mAh,Dynamic AMOLED 2X,10 MP,"6.1""","8K , , FullHD ,",,,Hỗ trợ 5G,1 Nano SIM &amp; 1 eSIM,Wi-Fi 802.11 a/b/g/n/ac/ax Wi-Fi hotspot Dual-band (2.4 GHz/5 GHz) Wi-Fi Direct,v5.2,Type-C,Type-C,Nguyên khối,Khung kim loại &amp; Mặt lưng kính,146x70.6x7.6,167g,Li-Ion,,,FLV AVI MKV MP4 3GP,WAV MP3 AAC M4A AMR OGG,
https://stcv4.hnammobile.com/uploads/products/colors/6/samsung-galaxy-s22-plus-5g-s906-128gb-ram-8gb-01647574247.jpg?v=165651892601,,18.250.000đ,Samsung Galaxy S22 Plus 5G S906 128GB Ram 8GB (New - BH12T),1800.6878,https://www.hnammobile.com/dien-thoai/samsung-galaxy-s22-plus-5g-s906-128gb-ram-8gb.23694.html,5/5,2 khách đã đánh giá,"100%,0%,0%,0%,0%",Samsung,"Dynamic AMOLED 2X, 6.1"", Full HD+","Chính 50 MP &amp; Phụ 12 MP, 10 MP",8 GB,128 GB,,"1 Nano SIM &amp; 1 eSIM, Hỗ trợ 5G",4500 mAh,Dynamic AMOLED 2X,10 MP,"6.6""","8K , , FullHD ,",,,Hỗ trợ 5G,1 Nano SIM &amp; 1 eSIM,Wi-Fi 802.11 a/b/g/n/ac/ax Wi-Fi hotspot Dual-band (2.4 GHz/5 GHz) Wi-Fi Direct,v5.2,Type-C,Type-C,Nguyên khối,Khung kim loại &amp; Mặt lưng kính,157.4x75.8x7.6,195g,Li-Ion,,,FLV AVI MKV MP4 3GP,WAV MP3 AAC M4A AMR OGG,
https://stcv4.hnammobile.com/uploads/products/colors/7/samsung-galaxy-s22-plus-5g-256gb-ram-8gb-01644462176.jpg?v=165651893001,256GB,22.490.000đ,Samsung Galaxy S22 Plus 5G S906 256GB Ram 8GB,1800.6878,https://www.hnammobile.com/dien-thoai/samsung-galaxy-s22-plus-5g-s906-256gb-ram-8gb.23434.html,5/5,2 khách đã đánh giá,"100%,0%,0%,0%,0%",Samsung,"Dynamic AMOLED 2X, 6.1"", Full HD+","Chính 50 MP &amp; Phụ 12 MP, 10 MP",8 GB,256GB,,"1 Nano SIM &amp; 1 eSIM, Hỗ trợ 5G",4500 mAh,Dynamic AMOLED 2X,10 MP,"6.6""","8K , , FullHD ,",,,Hỗ trợ 5G,1 Nano SIM &amp; 1 eSIM,Wi-Fi 802.11 a/b/g/n/ac/ax Wi-Fi hotspot Dual-band (2.4 GHz/5 GHz) Wi-Fi Direct,v5.2,Type-C,Type-C,Nguyên khối,Khung kim loại &amp; Mặt lưng kính,157.4x75.8x7.6,195g,Li-Ion,,,FLV AVI MKV MP4 3GP,WAV MP3 AAC M4A AMR OGG,
https://stcv4.hnammobile.com/uploads/products/colors/6/samsung-s22-plus-5g-128gb-ram-8gb-01644462064.jpg?v=165651892601,128GB,21.090.000đ,Samsung Galaxy S22 Plus 5G S906 128GB Ram 8GB,1800.6878,https://www.hnammobile.com/dien-thoai/samsung-galaxy-s22-plus-5g-s906-128gb-ram-8gb.23433.html,5/5,2 khách đã đánh giá,"100%,0%,0%,0%,0%",Samsung,"Dynamic AMOLED 2X, 6.1"", Full HD+","Chính 50 MP &amp; Phụ 12 MP, 10 MP",8 GB,128 GB,,"1 Nano SIM &amp; 1 eSIM, Hỗ trợ 5G",4500 mAh,Dynamic AMOLED 2X,10 MP,"6.6""","8K , , FullHD ,",,,Hỗ trợ 5G,1 Nano SIM &amp; 1 eSIM,Wi-Fi 802.11 a/b/g/n/ac/ax Wi-Fi hotspot Dual-band (2.4 GHz/5 GHz) Wi-Fi Direct,v5.2,Type-C,Type-C,Nguyên khối,Khung kim loại &amp; Mặt lưng kính,157.4x75.8x7.6,195g,Li-Ion,,,FLV AVI MKV MP4 3GP,WAV MP3 AAC M4A AMR OGG,
https://stcv4.hnammobile.com/uploads/products/colors/8/samsung-galaxy-a23-a235-128gb-ram-4gb-01650514264.jpg?v=165651892301,Galaxy A23,4.699.000đ,Samsung Galaxy A23 A235 128GB Ram 4GB,1800.6878,https://www.hnammobile.com/dien-thoai/samsung-galaxy-a23-a235-128gb-ram-4gb.23723.html,0/5,0 khách đã đánh giá,"0%,0%,0%,0%,0%",Samsung,"6.6” Infinity-V, FHD+ (1200x2408), TFT LCD (20:9)",50MP OIS F2.2 (Rộng) 5MP F2.2 (Siêu rộng) 2MP F2.4 (Xóa phông) 2MP F2.4 (Cận cảnh,4 GB,128 GB,,,"5,000 mAh - Sạc nhanh 25W",Infinity-V,8MP (F2.2),"6.6”, TFT LCD (20:9)",,,Hỗ trợ thẻ nhớ ngoài lên đến 1TB,Hỗ trợ 5G,,,,,,,,,,,,,,,
https://stcv4.hnammobile.com/uploads/products/colors/4/samsung-galaxy-s22-ultra-5g-s908-256gb-ram-12gb-01654565251.jpg?v=165651892701,,26.190.000đ,Samsung Galaxy S22 Ultra 5G S908 256GB Ram 12GB (New - BH12T),1800.6878,https://www.hnammobile.com/dien-thoai/samsung-galaxy-s22-ultra-5g-s908-256gb-ram-12gb.23890.html,0/5,0 khách đã đánh giá,"0%,0%,0%,0%,0%",Samsung,"Dynamic AMOLED 2X, 6.8"", Quad HD+ (2K+)","Chính 108 MP &amp; Phụ 12 MP, 10 MP, 10 MP",12GB,256GB,,"1 Nano SIM &amp; 1 eSIM, Hỗ trợ 5G",5000 mAh,Dynamic AMOLED 2X,40 MP,"6.8""","8K , , FullHD ,",Có,,Hỗ trợ 5G,1 Nano SIM &amp; 1 eSIM,Wi-Fi 802.11 a/b/g/n/ac/ax Wi-Fi hotspot Dual-band (2.4 GHz/5 GHz) Wi-Fi Direct,v5.2,Type-C,Type-C,Nguyên khối,Khung kim loại &amp; Mặt lưng kính,163.3x77.9x8.9,228g,Li-Ion,"Ghi âm mặc định , Ghi âm cuộc gọi",,FLV AVI MKV MP4 3GP,WAV MP3 AAC M4A AMR OGG,
https://stcv4.hnammobile.com/uploads/products/colors/1/samsung-galaxy-s22-ultra-5g-512gb-ram-12gb-01644474248.jpg?v=165651892901,512GB,30.990.000đ,Samsung Galaxy S22 Ultra 5G S908 512GB Ram 12GB,1800.6878,https://www.hnammobile.com/dien-thoai/samsung-galaxy-s22-ultra-5g-s908-512gb-ram-12gb.23437.html,5/5,3 khách đã đánh giá,"100%,0%,0%,0%,0%",Samsung,"Dynamic AMOLED 2X, 6.8"", Quad HD+ (2K+)","Chính 108 MP &amp; Phụ 12 MP, 10 MP, 10 MP",12GB,512GB,,"1 Nano SIM &amp; 1 eSIM, Hỗ trợ 5G",5000 mAh,Dynamic AMOLED 2X,40 MP,"6.8""","8K , , FullHD ,",Có,,Hỗ trợ 5G,1 Nano SIM &amp; 1 eSIM,Wi-Fi 802.11 a/b/g/n/ac/ax Wi-Fi hotspot Dual-band (2.4 GHz/5 GHz) Wi-Fi Direct,v5.2,Type-C,Type-C,Nguyên khối,Khung kim loại &amp; Mặt lưng kính,163.3x77.9x8.9,228g,Li-Ion,"Ghi âm mặc định , Ghi âm cuộc gọi",,FLV AVI MKV MP4 3GP,WAV MP3 AAC M4A AMR OGG,
https://stcv4.hnammobile.com/uploads/products/colors/8/samsung-galaxy-s22-ultra-5g-128gb-ram-8gb-01644543203.jpg?v=165651967501,128GB,25.690.000đ,Samsung Galaxy S22 Ultra 5G S908 128GB Ram 8GB,1800.6878,https://www.hnammobile.com/dien-thoai/samsung-galaxy-s22-ultra-5g-s908-128gb-ram-8gb.23435.html,5/5,2 khách đã đánh giá,"100%,0%,0%,0%,0%",Samsung,"Dynamic AMOLED 2X, 6.8"", Quad HD+ (2K+)","Chính 108 MP &amp; Phụ 12 MP, 10 MP, 10 MP",8GB,128GB,,"1 Nano SIM &amp; 1 eSIM, Hỗ trợ 5G",5000 mAh,Dynamic AMOLED 2X,40 MP,"6.8""","8K , , FullHD ,",Có,,Hỗ trợ 5G,1 Nano SIM &amp; 1 eSIM,Wi-Fi 802.11 a/b/g/n/ac/ax Wi-Fi hotspot Dual-band (2.4 GHz/5 GHz) Wi-Fi Direct,v5.2,Type-C,Type-C,Nguyên khối,Khung kim loại &amp; Mặt lưng kính,163.3x77.9x8.9,228g,Li-Ion,"Ghi âm mặc định , Ghi âm cuộc gọi",,FLV AVI MKV MP4 3GP,WAV MP3 AAC M4A AMR OGG,
https://stcv4.hnammobile.com/uploads/products/colors/0/samsung-galaxy-s22-ultra-5g-s908-512gb-ram-12gb-01647575086.jpg?v=165651917301,,28.790.000đ,Samsung Galaxy S22 Ultra 5G S908 512GB Ram 12GB (New - BH12T),1800.6878,https://www.hnammobile.com/dien-thoai/samsung-galaxy-s22-ultra-5g-s908-512gb-ram-12gb.23751.html,5/5,2 khách đã đánh giá,"100%,0%,0%,0%,0%",Samsung,"Dynamic AMOLED 2X, 6.8"", Quad HD+ (2K+)","Chính 108 MP &amp; Phụ 12 MP, 10 MP, 10 MP",12GB,512GB,,"1 Nano SIM &amp; 1 eSIM, Hỗ trợ 5G",5000 mAh,Dynamic AMOLED 2X,40 MP,"6.8""","8K , , FullHD ,",Có,,Hỗ trợ 5G,1 Nano SIM &amp; 1 eSIM,Wi-Fi 802.11 a/b/g/n/ac/ax Wi-Fi hotspot Dual-band (2.4 GHz/5 GHz) Wi-Fi Direct,v5.2,Type-C,Type-C,Nguyên khối,Khung kim loại &amp; Mặt lưng kính,163.3x77.9x8.9,228g,Li-Ion,"Ghi âm mặc định , Ghi âm cuộc gọi",,FLV AVI MKV MP4 3GP,WAV MP3 AAC M4A AMR OGG,
https://stcv4.hnammobile.com/uploads/products/colors/2/samsung-galaxy-z-fold3-5g-256gb-ram-12gb-01628733321.jpg,Fold3 5G 256GB,,Samsung Galaxy Z Fold3 5G F926 256GB Ram 12GB,1800.6878,https://www.hnammobile.com/dien-thoai/samsung-galaxy-z-fold3-5g-f926-256gb-ram-12gb.22025.html,4.8/5,6 khách đã đánh giá,"83%,17%,0%,0%,0%",Samsung,"Màn hình chính: Dynamic AMOLED 2X 7.6inch, độ phân giải 1.768 x 2.208 pixel; 120Hz Màn hình phụ: Dynamic AMOLED 2X 6.2inch; độ phân giải 832 x 2.260 pixel; 120Hz","12MP (f/1.8, OIS) + 12MP (tele, f/2.4, zoom 2x, OIS) + 12MP (ultra wide, f/2.2)",12GB,256GB,,,4400mAh,Màn hình chính: Dynamic AMOLED Màn hình phụ: Dynamic AMOLED,"4MP (bên trong), 10MP (bên ngoài)",Màn hình chính:7.6inch; 120Hz Màn hình phụ: 6.2inch,,,,,,,,,,,,,,,,,,,
https://stcv4.hnammobile.com/uploads/products/colors/0/samsung-galaxy-s22-ultra-5g-256gb-ram-12gb-01644474272.jpg?v=165651892801,256GB,28.490.000đ,Samsung Galaxy S22 Ultra 5G S908 256GB Ram 12GB,1800.6878,https://www.hnammobile.com/dien-thoai/samsung-galaxy-s22-ultra-5g-s908-256gb-ram-12gb.23436.html,5/5,2 khách đã đánh giá,"100%,0%,0%,0%,0%",Samsung,"Dynamic AMOLED 2X, 6.8"", Quad HD+ (2K+)","Chính 108 MP &amp; Phụ 12 MP, 10 MP, 10 MP",12GB,256GB,,"1 Nano SIM &amp; 1 eSIM, Hỗ trợ 5G",5000 mAh,Dynamic AMOLED 2X,40 MP,"6.8""","8K , , FullHD ,",Có,,Hỗ trợ 5G,1 Nano SIM &amp; 1 eSIM,Wi-Fi 802.11 a/b/g/n/ac/ax Wi-Fi hotspot Dual-band (2.4 GHz/5 GHz) Wi-Fi Direct,v5.2,Type-C,Type-C,Nguyên khối,Khung kim loại &amp; Mặt lưng kính,163.3x77.9x8.9,228g,Li-Ion,"Ghi âm mặc định , Ghi âm cuộc gọi",,FLV AVI MKV MP4 3GP,WAV MP3 AAC M4A AMR OGG,
https://stcv4.hnammobile.com/uploads/products/colors/1/samsung-galaxy-z-flip3-5g-f711-256gb-ram-8gb-01636786327.jpg?v=165651893001,,18.499.000đ,Samsung Galaxy Z Flip3 5G F711 256GB Ram 8GB,1800.6878,https://www.hnammobile.com/dien-thoai/samsung-galaxy-z-flip3-5g-f711-256gb-ram-8gb.22600.html,5/5,1 khách đã đánh giá,"100%,0%,0%,0%,0%",Samsung,"Màn hình chính :6.7"" Dynamic AMOLED 2X FHD+ (2640x180),120Hz  Màn hình phụ : 1.9"" Super AMOLED(260x512)",Camera siêu rông 12MP Camera góc rộng 12MP,8GB,256GB,,,3300mAh,Màn hình chính: Dynamic AMOLED 2X FHD+  Màn hình phụ:Super AMOLED,Camera siêu rông 12MP Camera góc rộng 12MP,"Màn hình chính :6.7""  Màn hình phụ",,,,,,,,,,,,Khi gập: 72.2x86.4x17.1-15.9mm Khi mở: 72.2x166.0x6.9mm,183g,,,,,,
https://stcv4.hnammobile.com/uploads/products/colors/2/samsung-galaxy-z-flip3-5g-f711-128gb-flex-your-way-limited-edition-01653101621.jpg?v=165651892901,Flip3 5G 128GB Flex your way,17.399.000đ,Samsung Galaxy Z Flip3 5G F711 128GB Flex Your Way Limited Edition,1800.6878,https://www.hnammobile.com/dien-thoai/samsung-galaxy-z-flip3-5g-f711-128gb-flex-your-way-limited-edition.24122.html,0/5,0 khách đã đánh giá,"0%,0%,0%,0%,0%",Samsung,"Màn hình chính :6.7"" Dynamic AMOLED 2X FHD+ (2640x180),120Hz  Màn hình phụ : 1.9"" Super AMOLED(260x512)",Camera siêu rông 12MP Camera góc rộng 12MP,8GB,128GB,,,3300mAh,Màn hình chính: Dynamic AMOLED 2X FHD+  Màn hình phụ:Super AMOLED,Camera siêu rông 12MP Camera góc rộng 12MP,"Màn hình chính :6.7""  Màn hình phụ",,,,,,,,,,,,Khi gập: 72.2x86.4x17.1-15.9mm Khi mở: 72.2x166.0x6.9mm,183g,,,,,,
https://stcv4.hnammobile.com/uploads/products/colors/7/samsung-galaxy-z-flip3-256gb-5g-ram-8gb-101628763714.jpg?v=165651946501,Flip3 5G 256GB,18.899.000đ,Samsung Galaxy Z Flip3 5G F711 256GB Ram 8GB,1800.6878,https://www.hnammobile.com/dien-thoai/samsung-galaxy-z-flip3-5g-f711-256gb-ram-8gb.22030.html,4.5/5,2 khách đã đánh giá,"50%,50%,0%,0%,0%",Samsung,"Màn hình chính :6.7"" Dynamic AMOLED 2X FHD+ (2640x180),120Hz  Màn hình phụ : 1.9"" Super AMOLED(260x512)",Camera siêu rông 12MP Camera góc rộng 12MP,8GB,256GB,,,3300mAh,Màn hình chính: Dynamic AMOLED 2X FHD+  Màn hình phụ:Super AMOLED,Camera siêu rông 12MP Camera góc rộng 12MP,"Màn hình chính :6.7""  Màn hình phụ",,,,,,,,,,,,Khi gập: 72.2x86.4x17.1-15.9mm Khi mở: 72.2x166.0x6.9mm,183g,,,,,,
,,,,1800.6878,https://www.hnammobile.com/dien-thoai/samsung-galaxy-s22-ultra-256gb-song-dam-chat-dem-limited-edition.24308.html?c=10,,,,Samsung,"Dynamic AMOLED 2X, 6.8"", Quad HD+ (2K+)","Chính 108 MP &amp; Phụ 12 MP, 10 MP, 10 MP",12GB,256GB,,"1 Nano SIM &amp; 1 eSIM, Hỗ trợ 5G",5000 mAh,Dynamic AMOLED 2X,40 MP,"6.8""","8K , , FullHD ,",Có,,Hỗ trợ 5G,1 Nano SIM &amp; 1 eSIM,Wi-Fi 802.11 a/b/g/n/ac/ax Wi-Fi hotspot Dual-band (2.4 GHz/5 GHz) Wi-Fi Direct,v5.2,Type-C,Type-C,Nguyên khối,Khung kim loại &amp; Mặt lưng kính,163.3x77.9x8.9,228g,Li-Ion,"Ghi âm mặc định , Ghi âm cuộc gọi",,FLV AVI MKV MP4 3GP,WAV MP3 AAC M4A AMR OGG,
https://stcv4.hnammobile.com/new-uploads/product-colors/medium/samsung-galaxy-z-fold-2-f916-1672684400.jpg?v=165651894501,,21.999.000đ,Samsung Galaxy Z Fold 2 F916,1800.6878,https://www.hnammobile.com/dien-thoai/samsung-galaxy-z-fold-2-f916.20510.html,5/5,2 khách đã đánh giá,"100%,0%,0%,0%,0%",Samsung,"Chính: Dynamic AMOLED, phụ: Super AMOLED, Full HD+ (2213 x 1689 Pixels), Chính 7.59"" &amp; Phụ 6.23""","Chính 12 MP &amp; Phụ 12 MP, 12 MP",12 GB,256 GB,Không,1 Nano SIM,4500 mAh,"Chính: Dynamic AMOLED, phụ: Super AMOLED",10 MP,"Chính 7.59"" &amp; Phụ 6.23""","Quay phim HD ,, Quay phim FullHD ,, Quay phim FullHD ,, Quay phim 4K ,",Có,Không,Hỗ trợ 5G,1 eSIM &amp; 1 Nano SIM,"Wi-Fi Direct, Wi-Fi hotspot","apt-X, LE, A2DP, v5.0",USB Type-C,USB Type-C,Nguyên khối,Khung nhôm &amp; Mặt lưng kính cường lực,Mở: Dài 159.2 mm - Ngang 128.2 mm - Dày 6.9 mm; Gập: Dài 159.2 mm - Ngang 68 mm - Dày 16.8 mm,279 g,Pin chuẩn Li-Po,Có,Không,"MP4, WMV, H.263, H.264(MPEG4-AVC), DivX, Xvid","MP3, WAV, WMA, eAAC+, FLAC",08/2020
,,,,1800.6878,https://www.hnammobile.com/kho-may-cu/dien-thoai/oppo-reno6-5g.23514.html,,,,Điện thoại,,,8 GB,128 GB,,,4300 mAh,AMOLED,32 MP,"6.43"" - Tần số quét 90 Hz","4K , FullHD , FullHD ,",Có,,Hỗ trợ 5G,2 Nano SIM,Dual-band (2.4 GHz/5 GHz) Wi-Fi 802.11 a/b/g/n/ac/ax Wi-Fi Direct Wi-Fi hotspot,A2DP LE v5.2,Type-C,Type-C,Nguyên khối,,Dài 156.8 mm - Ngang 72.1 mm - Dày 7.6 mm - Nặng 182 g,,Li-Po,,,Có,Có,05/2021
https://stcv4.hnammobile.com/uploads/products/colors/1/samsung-galaxy-z-flip3-128gb-5g-ram-8gb-101628763822.jpg?v=165651893901,Flip3 5G 128GB,17.099.000đ,Samsung Galaxy Z Flip3 5G F711 128GB Ram 8GB,1800.6878,https://www.hnammobile.com/dien-thoai/samsung-galaxy-z-flip3-5g-f711-128gb-ram-8gb.22024.html,4.5/5,8 khách đã đánh giá,"88%,0%,0%,0%,13%",Samsung,"Màn hình chính :6.7"" Dynamic AMOLED 2X FHD+ (2640x180),120Hz  Màn hình phụ : 1.9"" Super AMOLED(260x512)",Camera siêu rông 12MP Camera góc rộng 12MP,8GB,128GB,,,3300mAh,Màn hình chính: Dynamic AMOLED 2X FHD+  Màn hình phụ:Super AMOLED,Camera siêu rông 12MP Camera góc rộng 12MP,"Màn hình chính :6.7""  Màn hình phụ",,,,,,,,,,,,Khi gập: 72.2x86.4x17.1-15.9mm Khi mở: 72.2x166.0x6.9mm,183g,,,,,,
https://stcv4.hnammobile.com/uploads/products/colors/1/samsung-galaxy-z-flip3-5g-f711-256gb-ram-8gb-01644981811.jpg?v=165651893001,Flip3 256GB Đã kích,18.899.000đ,Samsung Galaxy Z Flip3 5G F711 256GB Ram 8GB (New - BH12T),1800.6878,https://www.hnammobile.com/dien-thoai/samsung-galaxy-z-flip3-5g-f711-256gb-ram-8gb.23464.html,0/5,0 khách đã đánh giá,"0%,0%,0%,0%,0%",Samsung,"Màn hình chính :6.7"" Dynamic AMOLED 2X FHD+ (2640x180),120Hz  Màn hình phụ : 1.9"" Super AMOLED(260x512)",Camera siêu rông 12MP Camera góc rộng 12MP,8GB,256GB,,,3300mAh,Màn hình chính: Dynamic AMOLED 2X FHD+  Màn hình phụ:Super AMOLED,Camera siêu rông 12MP Camera góc rộng 12MP,"Màn hình chính :6.7""  Màn hình phụ",,,,,,,,,,,,Khi gập: 72.2x86.4x17.1-15.9mm Khi mở: 72.2x166.0x6.9mm,183g,,,,,,
,,,,1800.6878,https://www.hnammobile.com/kho-may-cu/dien-thoai/oppo-reno6-5g.23873.html,,,,Điện thoại,,,8 GB,128 GB,,,4300 mAh,AMOLED,32 MP,"6.43"" - Tần số quét 90 Hz","4K , FullHD , FullHD ,",Có,,Hỗ trợ 5G,2 Nano SIM,Dual-band (2.4 GHz/5 GHz) Wi-Fi 802.11 a/b/g/n/ac/ax Wi-Fi Direct Wi-Fi hotspot,A2DP LE v5.2,Type-C,Type-C,Nguyên khối,,Dài 156.8 mm - Ngang 72.1 mm - Dày 7.6 mm - Nặng 182 g,,Li-Po,,,Có,Có,05/2021
,,,,1800.6878,https://www.hnammobile.com/kho-may-cu/dien-thoai/oppo-reno6-5g-99.23686.html,,,,Điện thoại,,,8 GB,128 GB,,,4300 mAh,AMOLED,32 MP,"6.43"" - Tần số quét 90 Hz","4K , FullHD , FullHD ,",Có,,Hỗ trợ 5G,2 Nano SIM,Dual-band (2.4 GHz/5 GHz) Wi-Fi 802.11 a/b/g/n/ac/ax Wi-Fi Direct Wi-Fi hotspot,A2DP LE v5.2,Type-C,Type-C,Nguyên khối,,Dài 156.8 mm - Ngang 72.1 mm - Dày 7.6 mm - Nặng 182 g,,Li-Po,,,Có,Có,05/2021
https://stcv4.hnammobile.com/uploads/products/colors/8/samsung-galaxy-z-fold3-5g-f926-512gb-ram-12gb-01638512048.jpg?v=165651893401,Fold3 512G đã kích,33.499.000đ,Samsung Galaxy Z Fold3 5G F926 512GB Ram 12GB (New - BH12T),1800.6878,https://www.hnammobile.com/dien-thoai/samsung-galaxy-z-fold3-5g-f926-512gb-ram-12gb.22940.html,5/5,1 khách đã đánh giá,"100%,0%,0%,0%,0%",Samsung,,,,,,,,,,,,,,,,,,,,,,,,,,,,,
https://stcv4.hnammobile.com/uploads/products/colors/6/samsung-galaxy-z-fold3-5g-512gb-ram-16gb-01628736278.jpg?v=165651893101,Fold3 5G 512GB,33.399.000đ,Samsung Galaxy Z Fold3 5G F926 512GB Ram 12GB,1800.6878,https://www.hnammobile.com/dien-thoai/samsung-galaxy-z-fold3-5g-f926-512gb-ram-12gb.22029.html,5/5,2 khách đã đánh giá,"100%,0%,0%,0%,0%",Samsung,"Màn hình chính: Dynamic AMOLED 2X 7.6inch, độ phân giải 1.768 x 2.208 pixel; 120Hz Màn hình phụ: Dynamic AMOLED 2X 6.2inch; độ phân giải 832 x 2.260 pixel; 120Hz","12MP (f/1.8, OIS) + 12MP (tele, f/2.4, zoom 2x, OIS) + 12MP (ultra wide, f/2.2)",12GB,512GB,,,4400mAh,Màn hình chính: Dynamic AMOLED Màn hình phụ: Dynamic AMOLED,"4MP (bên trong), 10MP (bên ngoài)",Màn hình chính:7.6inch; 120Hz Màn hình phụ: 6.2inch,,,,,,,,,,,,,,,,,,,
https://stcv4.hnammobile.com/uploads/products/colors/2/oppo-a16k-01637835961.jpg?v=165651955801,,2.989.000đ,OPPO A16K 32GB RAM 3GB,1800.6878,https://www.hnammobile.com/dien-thoai/oppo-a16k-32gb-ram-3gb.22556.html,5/5,2 khách đã đánh giá,"100%,0%,0%,0%,0%",Oppo,"IPS LCD, 6.52""",13 MP,3 GB,32 GB,,"2 Nano SIM, Hỗ trợ 4G",4230 mAh,IPS LCD,5 MP,"6.52"" - Tần số quét 60 Hz","FullHD , ,",Có,"MicroSD, hỗ trợ tối đa 1 TB",Hỗ trợ 4G,2 Nano SIM,"Dual-band (2.4 GHz/5 GHz), Wi-Fi 802.11 a/b/g/n/ac",v5.0,Micro USB,3.5 mm,Nguyên khối,Khung nhựa &amp; Mặt lưng thuỷ tinh hữu cơ,Dài 164 mm - Ngang 75.4 mm - Dày 7.85 mm,175 g,Li-Po,Có,Có,"AVI, MP4",FLAC Midi MP3 OGG,
https://stcv4.hnammobile.com/uploads/products/colors/0/oppo-a55-4g-64gb-ram-4gb-01634277386.jpg?v=165651939001,,4.090.000đ,OPPO A55 4G 64GB Ram 4GB,1800.6878,https://www.hnammobile.com/dien-thoai/oppo-a55-4g-64gb-ram-4gb.22446.html,5/5,6 khách đã đánh giá,"100%,0%,0%,0%,0%",Oppo,"IPS LCD6.51"", HD+","Chính 50 MP &amp; Phụ 2 MP, 2 MP",4 GB,64 GB,,"2 Nano SIM, Hỗ trợ 4G",5000 mAh,IPS LCD,16 MP,"6.51"" - Tần số quét 60 Hz","FullHD ,",Có,MicroSD,Hỗ trợ 4G,2 Nano SIM,Dual-band (2.4 GHz/5 GHz) Wi-Fi 802.11 a/b/g/n/ac Wi-Fi Direct Wi-Fi hotspot,A2DP LE v5.0,Type-C,Type-C,Nguyên khối,,Dài 163.6 mm - Ngang 75.7 mm - Dày 8.4 mm,193 g,,,,Có,Có,10/2021
https://stcv4.hnammobile.com/uploads/products/colors/8/oppo-a16-32gb-ram-3gb-01646117145.jpg?v=165651893201,,3.539.000đ,OPPO A16 32GB RAM 3GB,1800.6878,https://www.hnammobile.com/dien-thoai/oppo-a16-32gb-ram-3gb.23624.html,0/5,0 khách đã đánh giá,"0%,0%,0%,0%,0%",Oppo,"6.52 inch, màn hình giọt nước, LCD, 720 x 1600 (HD+)",13 MP (chính) + 2 MP (mono) + 2 MP (marco),3GB,32GB,,Dual nano-SIM hoặc 1 nano-SIM + 1 thẻ nhớ,5000mAh (Typ),,13 MP (chính) + 2 MP (mono) + 2 MP (marco),,,,,,Dual nano-SIM hoặc 1 nano-SIM + 1 thẻ nhớ,,,,,,,163.8 x 75.6 x 8.4 mm,,,,,,,
https://stcv4.hnammobile.com/uploads/products/colors/2/oppo-reno8-01654825796.jpg,,,OPPO Reno8,1800.6878,https://www.hnammobile.com/dien-thoai/oppo-reno8.24257.html,0/5,0 khách đã đánh giá,"0%,0%,0%,0%,0%",Oppo,"AMOLED, 6.43""","Chính 50 MP &amp; Phụ 2 MP, 2 MP",8 GB,128 GB,,"2 Nano SIM, Hỗ trợ 5G",4500 mAh,AMOLED,32 MP,"6.43"" - Tần số quét 90 Hz","4K , FullHD , FullHD , FullHD ,",Có,,Hỗ trợ 5G,2 Nano SIM,Dual-band (2.4 GHz/5 GHz) Wi-Fi 802.11 a/b/g/n/ac/ax Wi-Fi Direct Wi-Fi hotspot,A2DP apt-X LE v5.2,Type-C,,Nguyên khối,,Dài 160.6 mm - Ngang 73.4 mm - Dày 7.7 mm,179 g,Li-Po,,,Có,Có,
https://stcv4.hnammobile.com/uploads/products/colors/6/oppo-a16k-32gb-ram-3gb-01648730234.jpg?v=165651893201,,2.889.000đ,OPPO A16K 32GB RAM 3GB (Đã kích hoạt),1800.6878,https://www.hnammobile.com/dien-thoai/oppo-a16k-32gb-ram-3gb.23865.html,0/5,0 khách đã đánh giá,"0%,0%,0%,0%,0%",Oppo,"IPS LCD, 6.52""",13 MP,3 GB,32 GB,,"2 Nano SIM, Hỗ trợ 4G",4230 mAh,IPS LCD,5 MP,"6.52"" - Tần số quét 60 Hz","FullHD , ,",Có,"MicroSD, hỗ trợ tối đa 1 TB",Hỗ trợ 4G,2 Nano SIM,"Dual-band (2.4 GHz/5 GHz), Wi-Fi 802.11 a/b/g/n/ac",v5.0,Micro USB,3.5 mm,Nguyên khối,Khung nhựa &amp; Mặt lưng thuỷ tinh hữu cơ,Dài 164 mm - Ngang 75.4 mm - Dày 7.85 mm,175 g,Li-Po,Có,Có,"AVI, MP4",FLAC Midi MP3 OGG,
https://stcv4.hnammobile.com/uploads/products/colors/0/oppo-a72-01600058639.jpg,,, Oppo A72,1800.6878,https://www.hnammobile.com/dien-thoai/oppo-a72.20259.html,5/5,1 khách đã đánh giá,"100%,0%,0%,0%,0%",Oppo,"IPS LCD, Full HD+ (1080 x 2400 Pixels), 6.5""","Chính 48 MP &amp; Phụ 8 MP, 2 MP, 2 MP",4 GB,128 GB,"MicroSD, hỗ trợ tối đa 256 GB",2 Nano SIM,5000 mAh,IPS LCD,16 MP,"6.5""","Quay phim HD , phim FullHD , phim 4K ,",Có,"MicroSD, hỗ trợ tối đa 256 GB","3G, 4G LTE Cat 13",2 Nano SIM,Wi-Fi 802.11 a/b/g/n/acDLNAWi-Fi DirectWi-Fi hotspot,A2DPv5.0 v5.1,USB Type-C,3.5 mm,Nguyên khối,Khung &amp; Mặt lưng nhựa,Đang cập nhật,Đang cập nhật,Pin chuẩn Li-Po,Có,Có,MP4AVIWMVH.264(MPEG4-AVC),AMRMP3WAVeAAC+,Đang cập nhật
https://stcv4.hnammobile.com/uploads/products/colors/1/oppo-a55-4g-64gb-ram-4gb-01655258186.jpg?v=165651893301,,3.990.000đ,OPPO A55 4G 64GB Ram 4GB (New-BH12T),1800.6878,https://www.hnammobile.com/dien-thoai/oppo-a55-4g-64gb-ram-4gb.24274.html,0/5,0 khách đã đánh giá,"0%,0%,0%,0%,0%",Oppo,"IPS LCD6.51"", HD+","Chính 50 MP &amp; Phụ 2 MP, 2 MP",4 GB,64 GB,,"2 Nano SIM, Hỗ trợ 4G",5000 mAh,IPS LCD,16 MP,"6.51"" - Tần số quét 60 Hz","FullHD ,",Có,MicroSD,Hỗ trợ 4G,2 Nano SIM,Dual-band (2.4 GHz/5 GHz) Wi-Fi 802.11 a/b/g/n/ac Wi-Fi Direct Wi-Fi hotspot,A2DP LE v5.0,Type-C,Type-C,Nguyên khối,,Dài 163.6 mm - Ngang 75.7 mm - Dày 8.4 mm,193 g,,,,Có,Có,10/2021
https://stcv4.hnammobile.com/uploads/products/colors/4/oppo-reno7z-5g-01648537734.jpg?v=165651893401,Reno7Z 5G,9.369.000đ,OPPO Reno7Z 5G,1800.6878,https://www.hnammobile.com/dien-thoai/oppo-reno7z-5g.23611.html,5/5,2 khách đã đánh giá,"100%,0%,0%,0%,0%",Oppo,"Hole punch screen 6.43 2400 x 1080 FHD+, 60Hz AMOLED",,8 GB,128 GB up to 256GB,,2 Nano SIM + MicroSD,4500 mAh - Sạc nhanh VOOC 33W,,,,,,,,,,,,,,,,,,,,,,
https://stcv4.hnammobile.com/uploads/products/colors/2/oppo-reno7-4g-01650352026.jpg?v=165651898501,Reno7 4G,8.059.000đ,OPPO Reno7 4G ,1800.6878,https://www.hnammobile.com/dien-thoai/oppo-reno7-4g.23969.html,1/5,1 khách đã đánh giá,"0%,0%,0%,0%,100%",Oppo,"6.4 inch, màn hình đục lỗ, AMOLED, 1080 x 2400 (FHD+)","64MP (Chính) + 2MP (Marco) + 2MP (Bokeh), F/1.7 + F/3.3 + F/2.4",8GB,128GB,,Hỗ trợ thẻ nhớ tối đa 1TB,4500mAh (Typ),"AMOLED,","32MP , F/2.4","6.4 inch,",,,Hỗ trợ thẻ nhớ tối đa 1TB,,,,,,,,,,,,,,,,
https://stcv4.hnammobile.com/uploads/products/colors/5/oppo-find-n-01639621560.jpg,,,OPPO Find N,1800.6878,https://www.hnammobile.com/dien-thoai/oppo-find-n.23135.html,5/5,1 khách đã đánh giá,"100%,0%,0%,0%,0%",Oppo,"AMOLED, Chính 7.1"" &amp; Phụ 5.49""","Chính 50 MP &amp; Phụ 16 MP, 8 MP",12 GB,512 GB,,"2 Nano SIM, Hỗ trợ 5G",4500 mAh,AMOLED,32 MP,"Chính 7.1"" &amp; Phụ 5.49"" - Tần số quét 120 Hz &amp; 60 Hz","4K , 4K , FullHD , FullHD , FullHD , HD , HD , HD ,",,,Hỗ trợ 5G,2 Nano SIM,Dual-band (2.4 GHz/5 GHz) Wi-Fi 802.11 a/b/g/n Wi-Fi 802.11 a/b/g/n/ac/ax,v5.2,Type-C,Type-C,Nguyên khối,,Dài 132.6 mm - Ngang 73 mm,275 g,,,,,,
https://stcv4.hnammobile.com/uploads/products/colors/8/oppo-a76-4g-128gb-ram-6gb-01645424134.jpg?v=165651893301,,5.429.000đ,OPPO A76 4G 128GB Ram 6GB,1800.6878,https://www.hnammobile.com/dien-thoai/oppo-a76-4g-128gb-ram-6gb.23543.html,0/5,0 khách đã đánh giá,"0%,0%,0%,0%,0%",Oppo,"IPS LCD, 6.56""HD+",Chính 13 MP &amp; Phụ 2 MP,6 GB,128 GB,,"2 Nano SIM, Hỗ trợ 4G",5000 mAh,IPS LCD,8 MP,"6.56""","FullHD , ,",Có,"MicroSD, hỗ trợ tối đa 1 TB",Hỗ trợ 4G,2 Nano SIM,Dual-band (2.4 GHz/5 GHz) Wi-Fi 802.11 a/b/g/n/ac Wi-Fi Direct Wi-Fi hotspot,v5.0,Type-C,3.5 mm,Nguyên khối,Khung nhựa &amp; Mặt lưng thuỷ tinh hữu cơ,Dài 164.4 mm - Ngang 75.7 mm - Dày 8.4 mm,189 g,Li-Po,"Ghi âm cuộc gọi, Ghi âm mặc định",Có,"AVI, MP4",FLAC Midi MP3 OGG,
https://stcv4.hnammobile.com/uploads/products/colors/8/xiaomi-poco-x4-pro-5g-128gb-ram-6gb-01646203692.jpg?v=165651891201,,6.969.000đ,Xiaomi POCO X4 Pro 5G 128GB RAM 6GB,1800.6878,https://www.hnammobile.com/dien-thoai/xiaomi-poco-x4-pro-5g-128gb-ram-6gb.23642.html,0/5,0 khách đã đánh giá,"0%,0%,0%,0%,0%",Xiaomi,"6.67 inches, AMOLED 1080 x 2400 pixels","108 MP, f/1.9, 26mm (wide), 1/1.52"", 0.7µm, PDAF 8 MP, f/2.2, 118˚ (ultrawide) 2 MP, f/2.4, (macro)",6GB,128GB,,,Li-Po 5000 mAh,,,,,,,,,,,,,,,,,,,,,,
https://stcv4.hnammobile.com/uploads/products/colors/2/xiaomi-redmi-9a-32gb-ram-2gb-01608265910.jpg?v=165651891701,,2.139.000đ,Xiaomi Redmi 9A 32GB Ram 2GB,1800.6878,https://www.hnammobile.com/dien-thoai/xiaomi-redmi-9a-32gb-ram-2gb.19829.html,5/5,3 khách đã đánh giá,"100%,0%,0%,0%,0%",Xiaomi,"IPS LCD, HD+ (720 x 1520 Pixels), 6.53""",13 MP,2 GB,32 GB,"MicroSD, hỗ trợ tối đa 512 GB",2 Nano SIM,5000 mAh,IPS LCD,5 MP,"6.53""","Quay phim HD ,, Quay phim FullHD ,",Có,"MicroSD, hỗ trợ tối đa 512 GB",Hỗ trợ 4G,2 Nano SIM,"Wi-Fi 802.11 b/g/n, Wi-Fi Direct, Wi-Fi hotspot","A2DP, LE, v4.2",Micro USB,3.5 mm,Nguyên khối,Khung &amp; Mặt lưng nhựa,Dài 164.9 mm - Ngang 77.07 mm - Dày 9 mm,194 g,Pin chuẩn Li-Po,Có,Có,"3GP, MP4","MP3, AAC",
https://stcv4.hnammobile.com/uploads/products/colors/8/xiaomi-redmi-9c-128gb-ram-4gb-01629358724.jpg?v=165651929201,128GB Ram 4GB,3.039.000đ,Xiaomi Redmi 9C 128GB Ram 4GB,1800.6878,https://www.hnammobile.com/dien-thoai/xiaomi-redmi-9c-128gb-ram-4gb.22049.html,0/5,0 khách đã đánh giá,"0%,0%,0%,0%,0%",Xiaomi,"IPS LCD, HD+ (720 x 1600 Pixels), 6.53""","Chính 13 MP &amp; Phụ 2 MP, 2 MP",4 GB,128 GB,"MicroSD, hỗ trợ tối đa 512 GB",2 Nano SIM,5000 mAh,IPS LCD,5 MP,"6.53""","Quay phim HD ,, Quay phim FullHD ,",Có,"MicroSD, hỗ trợ tối đa 512 GB",Hỗ trợ 4G,2 Nano SIM,"Wi-Fi 802.11 b/g/n, Wi-Fi Direct, Wi-Fi hotspot","LE, A2DP, v4.2",Micro USB,3.5 mm,Nguyên khối,Khung &amp; Mặt lưng nhựa,Dài 164.9 mm - Ngang 77.07 mm - Dày 9.0 mm,196 g,Pin chuẩn Li-Ion,Có,Có,"3GP, MP4","MP3, AAC",07/2020
https://stcv4.hnammobile.com/uploads/products/colors/6/xiaomi-poco-f3-5g-128gb-ram-6gb-01627028369.jpg?v=165651891201,128GB Ram 6GB,8.259.000đ,Xiaomi POCO F3 5G 128GB Ram 6GB,1800.6878,https://www.hnammobile.com/dien-thoai/xiaomi-poco-f3-5g-128gb-ram-6gb.21903.html,5/5,2 khách đã đánh giá,"100%,0%,0%,0%,0%",Xiaomi,"AMOLED6.67""Full HD+","Chính 48 MP &amp; Phụ 8 MP, 5 MP",6 GB,128 GB,,2 Nano SIM Hỗ trợ 5G,4520 mAh,AMOLED,20 MP,"6.67""","4K , FullHD , FullHD , FullHD , FullHD ,",Có,,Hỗ trợ 5G,2 Nano SIM,Dual-band (2.4 GHz/5 GHz) Wi-Fi 802.11 a/b/g/n/ac/ax Wi-Fi Direct Wi-Fi hotspot,"A2DP, LE v5.1",Type-C,Type-C,Nguyên khối,,Dài 163.7 mm - Ngang 76.4 mm - Dày 7.8 mm,196 g,Li-Po,,,Có,Có,03/2021
https://stcv4.hnammobile.com/uploads/products/colors/6/xiaomi-redmi-note-11-64gb-ram-4gb-01643253672.jpg?v=165651900601,64GB RAM 4GB,4.219.000đ,Xiaomi Redmi Note 11 64GB RAM 4GB,1800.6878,https://www.hnammobile.com/dien-thoai/xiaomi-redmi-note-11-64gb-ram-4gb.22569.html,4.8/5,4 khách đã đánh giá,"75%,25%,0%,0%,0%",Xiaomi,6.43 inches AMOLED 1080 x 2400 pixels (FullHD+),"Camera góc rộng: 50 MP, f/1.8, PDAF Camera góc siêu rộng: 8 MP Camera Macro: 2MP f/2.4 Camera chân dung: 2MP",4 GB,64 GB,,2 SIM (Nano-SIM),5000 mAh,AMOLED,"13 MP, f/2.5",6.43 inches,",/60fps",,,4G,2 SIM (Nano-SIM),"Wi-Fi 802.11 a/b/g/n/ac, dual-band, Wi-Fi Direct, hotspot","5.0, A2DP, LE",,3.5,,,163.6 x 75.8 x 8.8 mm,195 g,Li-Po,,,,,
https://stcv4.hnammobile.com/uploads/products/colors/0/xiaomi-redmi-10c-128gb-ram-4gb-01647835611.jpg?v=165651963301,,3.559.000đ,Xiaomi Redmi 10C 128GB Ram 4GB,1800.6878,https://www.hnammobile.com/dien-thoai/xiaomi-redmi-10c-128gb-ram-4gb.23769.html,0/5,0 khách đã đánh giá,"0%,0%,0%,0%,0%",Xiaomi,6.71 inches IPS LCD 720 x 1600 pixel,"Camera chính: 50 MP, f/1.8, PDAF Camera chân dung: 2 MP, f/2.4, (depth)",4 GB,128 GB,,2 SIM (Nano-SIM),4x2.4 GHz Kryo 265 Gold &amp; 4x1.9 GHz Kryo 265 Silver,IPS LCD 720 x 1600 pixel,"2 MP, f/2.4",6.71 inches,",",,,,2 SIM (Nano-SIM),,,,,,,,,,,,,,
https://stcv4.hnammobile.com/uploads/products/colors/2/xiaomi-redmi-note-11-128gb-ram-4gb-01643253743.jpg?v=165651905601,128GB RAM 4GB,4.539.000đ,Xiaomi Redmi Note 11 128GB RAM 4GB,1800.6878,https://www.hnammobile.com/dien-thoai/xiaomi-redmi-note-11-128gb-ram-4gb.23456.html,3.5/5,2 khách đã đánh giá,"50%,0%,0%,50%,0%",Xiaomi,6.43 inches AMOLED 1080 x 2400 pixels (FullHD+),"Camera góc rộng: 50 MP, f/1.8, PDAF Camera góc siêu rộng: 8 MP Camera Macro: 2MP f/2.4 Camera chân dung: 2MP",4 GB,128 GB,,2 SIM (Nano-SIM),5000 mAh,AMOLED,"13 MP, f/2.5",6.43 inches,",/60fps",,,4G,2 SIM (Nano-SIM),"Wi-Fi 802.11 a/b/g/n/ac, dual-band, Wi-Fi Direct, hotspot","5.0, A2DP, LE",,3.5,,,163.6 x 75.8 x 8.8 mm,195 g,Li-Po,,,,,
https://stcv4.hnammobile.com/uploads/products/colors/7/xiaomi-redmi-note-11-pro-8gb-ram-128gb-01646291659.jpg?v=165651957101,,6.809.000đ,Xiaomi Redmi Note 11 Pro 8GB RAM 128GB,1800.6878,https://www.hnammobile.com/dien-thoai/xiaomi-redmi-note-11-pro-8gb-ram-128gb.22570.html,1/5,1 khách đã đánh giá,"0%,0%,0%,0%,100%",Xiaomi,6.67 inches AMOLED 1080 x 2400 pixels (FullHD+),"Camera góc rộng: 108 MP, f/1.9, PDAF Camera góc siêu rộng: 8 MP Camera Tele: 2 MP, f/2.4",8 GB,128 GB,,2 SIM (Nano-SIM),5000mAh (typ),AMOLED,16 MP,"6.67 inches 120Hz, HDR10",",, ,/60fps16 MP",,,Hỗ trợ 4G,2 SIM (Nano-SIM),"Wi-Fi 802.11 a/b/g/n/ac/6, dual-band, Wi-Fi Direct, hotspo","5.2, A2DP, LE",,3.5,,,163.7 x 76.2 x 8.3 mm,202g,,,,,,
https://stcv4.hnammobile.com/uploads/products/colors/4/xiaomi-redmi-10-128gb-ram-4gb-01652175316.jpg?v=165651891301,,3.919.000đ,Xiaomi Redmi 10 128GB RAM 4GB (2022),1800.6878,https://www.hnammobile.com/dien-thoai/xiaomi-redmi-10-128gb-ram-4gb.24070.html,0/5,0 khách đã đánh giá,"0%,0%,0%,0%,0%",Xiaomi,"IPS LCD6.5""Full HD+","Chính 50 MP &amp; Phụ 8 MP, 2 MP, 2 MP",4 GB,128 GB,Không sử dụng được thẻ nhớ,2 Nano SIMHỗ trợ 4G,5000 mAh,IPS LCD,8 MP,"6.5"" - Tần số quét 90 Hz","FullHD , ,",Có,Không sử dụng được thẻ nhớ,Hỗ trợ 4G,2 Nano SIM,Dual-band (2.4 GHz/5 GHz) Wi-Fi 802.11 a/b/g/n/ac Wi-Fi Direct Wi-Fi hotspot,v5.1,Type-C,3.5 mm,Nguyên khối,Khung &amp; Mặt lưng nhựa,Dài 161 mm - Ngang 75.53 mm - Dày 8.92 mm - Nặng 181 g,,Li-Po,,AVIMP4,,FLAC MP3 Midi OGG,08/2021
https://stcv4.hnammobile.com/uploads/products/colors/8/xiaomi-redmi-note-11-pro-5g-8gb-ram-128-01646291739.jpg?v=165651895201,,7.809.000đ,Xiaomi Redmi Note 11 Pro 5G 8GB RAM 128,1800.6878,https://www.hnammobile.com/dien-thoai/xiaomi-redmi-note-11-pro-5g-8gb-ram-128.22571.html,5/5,1 khách đã đánh giá,"100%,0%,0%,0%,0%",Xiaomi,6.67 inches AMOLED 1080 x 2400 pixels (FullHD+),"Camera góc rộng: 108 MP, f/1.9, PDAF Camera góc siêu rộng: 8 MP Camera tele: 2 MP, f/2.4",8 GB,128 GB,,2 SIM (Nano-SIM),5000mAh,AMOLED,"16MP, f/2.4",6.67 inches,1080p 1920x1080 | 30fps 720p 1280x720 | 30fps,,,5G,2 SIM (Nano-SIM),"Wi-Fi 802.11 a/b/g/n/ac/6, dual-band, Wi-Fi Direct, hotspot","5.2, A2DP, LE",,3.5,,,164.19 x 76.1 x 8.12mm,202g,,,,,,
https://stcv4.hnammobile.com/uploads/products/colors/2/tecno-pova-spark-8c-64gb-ram-4gb-01647415973.jpg?v=165651892101,,2.749.000đ,Tecno Pova Spark 8C 64GB Ram 4GB,1800.6878,https://www.hnammobile.com/dien-thoai/tecno-pova-spark-8c-64gb-ram-4gb.23726.html,0/5,0 khách đã đánh giá,"0%,0%,0%,0%,0%",Tecno,"IPS LCD, 90Hz, 6.6 inches 720 x 1612 pixels, 20:9 ratio (~267 ppi density)","Dual 13 MP, f/1.8, 27mm (wide) ,QVGA",4 GB,64 GB,,Dual SIM Nano,5000 mAh,"IPS LCD, 90Hz",8 MP,6.6 inches,",",,,Hỗ trợ 4G,Dual SIM Nano,"Wi-Fi 802.11 a/b/g/n/ac, Wi-Fi Direct, Wi-Fi hotspot","4.2, A2DP",,3.5 mm,,,164.6 x 76 x 9 mm (6.48 x 2.99 x 0.35 in),,Li-Po,,,,,
https://stcv4.hnammobile.com/uploads/products/colors/7/tecno-pova-2-64gb-ram-4gb-01626057410.jpg?v=165651943301,64GB Ram 4GB,3.499.000đ,Tecno Pova 2 64GB Ram 4GB,1800.6878,https://www.hnammobile.com/dien-thoai/tecno-pova-2-64gb-ram-4gb.22003.html,5/5,1 khách đã đánh giá,"100%,0%,0%,0%,0%",Tecno,"IPS LCD, 480 nits 6.9 inches, 113.1 cm2 1080 x 2400 pixels","48 MP, 8 MP, 2MP và 2MP (4 camera)",4 GB,64 GB,Không,2 Nano SIM,7000 mAh,"IPS LCD, 480 nits","8 MP, f/2.0","6.9 inches, 113.1 cm2",",/30/60fps, ,/60/120/240fps, HDR, Dolby Vision HDR (up to 30fps), stereo sound rec.",,Không,Hỗ trợ 4G,2 Nano SIM,"Wi-Fi 802.11 a/b/g/n/ac, Wi-Fi Direct, Wi-Fi hotspot","4.2, A2DP",Type-C,3.5 mm,,,173.3 x 78.8 x 9.6 mm (6.82 x 3.10 x 0.38 in),196 g,Li-Po,Có,Không,"H.265, 3GP, MP4, AVI, H.264(MPEG4-AVC), DivX, Xvid","H.265, 3GP, MP4, AVI, WMV, H.263, H.264(MPEG4-AVC), DivX, WMV9, Xvid",
https://stcv4.hnammobile.com/uploads/products/colors/7/xiaomi-redmi-10a-32gb-ram-2gb-01656493640.jpg,,,Xiaomi Redmi 10A 32GB RAM 2GB,1800.6878,https://www.hnammobile.com/dien-thoai/xiaomi-redmi-10a-32gb-ram-2gb.24343.html,0/5,0 khách đã đánh giá,"0%,0%,0%,0%,0%",Xiaomi,"6.53 inches, IPS LCD, 1600 x 720 pixels (HD+)","Camera chính: 13MP , f/2.2 Camera cảm biến độ sâu: 2MP, f/2.4",2 GB,32 GB,,2 SIM (Nano-SIM),5000mAh,IPS LCD,"5MP, f/2.2",6.53 inches,"1080p ,, 720p ,",,,4G,2 SIM (Nano-SIM),"2.4GHz Wi-Fi, 802.11 b/g/n",,,,,,164.9 x 77 x 9.0mm,194g,,,,,,
https://stcv4.hnammobile.com/uploads/products/colors/4/xiaomi-12-256gb-ram-8gb-01647584232.jpg?v=165651891001,,17.439.000đ,Xiaomi 12 256GB Ram 8GB,1800.6878,https://www.hnammobile.com/dien-thoai/xiaomi-12-256gb-ram-8gb.23242.html,0/5,0 khách đã đánh giá,"0%,0%,0%,0%,0%",Xiaomi,"OLED, 6.28"", Full HD+","Chính 50 MP &amp; Phụ 13 MP, 5 MP",8 GB,256 GB,,"2 Nano SIM, Hỗ trợ 5G",4500 mAh,OLED,32 MP,"6.28"" - Tần số quét 120 Hz","4K , 8K , FullHD ,",Có,,Hỗ trợ 5G,2 Nano SIM,Dual-band (2.4 GHz/5 GHz) Wi-Fi 802.11 a/b/g/n/ac/ax Wi-Fi Direct Wi-Fi hotspot,v5.2,Type-C,Type-C,Nguyên khối,,Dài 152.7 mm - Ngang 69.9 mm - Dày 8.2 mm,179 g,Li-Po,,,Có,Có,12/2021
https://stcv4.hnammobile.com/uploads/products/colors/8/xiaomi-redmi-note-11s-128gb-ram-8gb-01645080066.jpg?v=165651895201,128GB Ram 8GB,5.859.000đ,Xiaomi Redmi Note 11S 128GB Ram 8GB,1800.6878,https://www.hnammobile.com/dien-thoai/xiaomi-redmi-note-11s-128gb-ram-8gb.23534.html,0/5,0 khách đã đánh giá,"0%,0%,0%,0%,0%",Xiaomi,"6.43"", FHD+, AMOLED, 1080 x 2400 Pixel",108.0 MP + 8.0 MP + 2.0 MP + 2.0 MP,8 GB,128 GB,,2 Nano SIM,5000 mAh,AMOLED,16.0 MP,"6.43""",",, 60fps",,MicroSD 512 GB,4G,2 Nano SIM,2.4GHz / 5GHz,,,3.5 mm,,,"73.9 mmx 8,1 mmx 159.9 mm",179 g,Lithium polymer,,,,,
https://stcv4.hnammobile.com/uploads/products/colors/8/tecno-pova-2-128gb-ram-6gb-01626057470.jpg?v=165651951201,128GB Ram 6GB,3.789.000đ,Tecno Pova 2 128GB Ram 6GB,1800.6878,https://www.hnammobile.com/dien-thoai/tecno-pova-2-128gb-ram-6gb.22004.html,4.9/5,9 khách đã đánh giá,"89%,11%,0%,0%,0%",Tecno,"IPS LCD, 480 nits 6.9 inches, 113.1 cm2 1080 x 2400 pixels","48 MP, 8 MP, 2MP và 2MP (4 camera)",6 GB,128 GB,Không,2 Nano SIM,7000 mAh,"IPS LCD, 480 nits","8 MP, f/2.0","6.9 inches, 113.1 cm2",",/30/60fps, ,/60/120/240fps, HDR, Dolby Vision HDR (up to 30fps), stereo sound rec.",,Không,Hỗ trợ 4G,2 Nano SIM,"Wi-Fi 802.11 a/b/g/n/ac, Wi-Fi Direct, Wi-Fi hotspot","4.2, A2DP",Type-C,3.5 mm,,,173.3 x 78.8 x 9.6 mm (6.82 x 3.10 x 0.38 in),196 g,Li-Po,Có,Không,"H.265, 3GP, MP4, AVI, H.264(MPEG4-AVC), DivX, Xvid","H.265, 3GP, MP4, AVI, WMV, H.263, H.264(MPEG4-AVC), DivX, WMV9, Xvid",
https://stcv4.hnammobile.com/uploads/products/colors/4/nokia-g300-01634176647.jpg,,,Nokia G300,1800.6878,https://www.hnammobile.com/dien-thoai/nokia-g300.22441.html,0/5,0 khách đã đánh giá,"0%,0%,0%,0%,0%",Nokia - Microsoft,"720 x 1600 pixels, 20:9 ratio (~269 ppi density) HD+ , 6.52 inches","16 MP, f/1.8, 27mm 5 MP, f/2.2, 115˚ 2 MP, f/2.4,",4 GB,64 GB,,2 sim,4470 mAh,HD+,8 MP,", 6.52 inches",,,,Hỗ trợ 5G,2 sim,,,,,,,,,,,,,,
https://stcv4.hnammobile.com/uploads/products/colors/6/nokia-105-dual-01630668786.jpg?v=165651891801,,699.000đ,Nokia 105 Dual (2021),1800.6878,https://www.hnammobile.com/dien-thoai/nokia-105-dual.22074.html,0/5,0 khách đã đánh giá,"0%,0%,0%,0%,0%",Nokia - Microsoft,"TFT LCD1.8""65.536 màu",,,,,2 Nano SIMHỗ trợ 4G,1020 mAh,TFT LCD,Hỗ trợ 4G,,,,,Hỗ trợ 4G,2 Nano SIM,,,Micro USB,3.5 mm,Pin rời,Khung &amp; Mặt lưng nhựa,,,Li-Ion,,FM không cần tai nghe,,,
https://stcv4.hnammobile.com/uploads/products/colors/5/nokia-c21-plus-64gb-ram-2gb-01652175956.jpg?v=165651907001,,2.499.000đ,Nokia C21 Plus 64GB RAM 2GB,1800.6878,https://www.hnammobile.com/dien-thoai/nokia-c21-plus-64gb-ram-2gb.24071.html,0/5,0 khách đã đánh giá,"0%,0%,0%,0%,0%",Nokia - Microsoft,6.5”(6.517“) HD+ màn hình giọt nước | Tỉ lệ 20:9,13 MP AF + 2 MP độ sâu trường ảnh với đèn Flash,2GB,64GB,,Nano SIM + Nano SIM,5050 mAh,6.5”(6.517“) HD+ màn hình giọt nước | Tỉ lệ 20:9,5MP với đèn Flash,,HDR | Chế độ làm đẹp | Chế độ chụp toàn cảnh Panorama,,,,,802.11 b/g/n,4.2,,3.5mm,,,164.8 x 75.9 X 8.55 mm,191g,,,,,,
https://stcv4.hnammobile.com/uploads/products/colors/6/tecno-sprak-7t-64gb-ram-4gb-01634811967.jpg?v=165651892101,,2.809.000đ,Tecno Spark 7T 64GB Ram 4GB,1800.6878,https://www.hnammobile.com/dien-thoai/tecno-spark-7t-64gb-ram-4gb.22488.html,5/5,1 khách đã đánh giá,"100%,0%,0%,0%,0%",Tecno,"HD+ 6.5"" 720*1600",2 camera sau 48MP,4GB,64GB,,,6000mAh,HD+,8MP,"6.5""",,,,,,,,,,,,"164,82mm x 76,05mm x 9,52mm",,,,,,,
https://stcv4.hnammobile.com/uploads/products/colors/1/nokia-c30-32gb-ram-3gb-01630406009.jpg?v=165651891901,,2.549.000đ,Nokia C30 32GB RAM 3GB,1800.6878,https://www.hnammobile.com/dien-thoai/nokia-c30-32gb-ram-3gb.22069.html,0/5,0 khách đã đánh giá,"0%,0%,0%,0%,0%",Nokia - Microsoft,"IPS LCD6.82""HD+",Chính 13 MP &amp; Phụ 2 MP,3 GB,32 GB,,2 Nano SIMHỗ trợ 4G,6000 mAh,IPS LCD,5 MP,"6.82"" - Tần số quét 60 Hz","FullHD , ,",Có,"MicroSD, hỗ trợ tối đa 256 GB",Hỗ trợ 4G,2 Nano SIM,Wi-Fi 802.11 a/b/g/nWi-Fi hotspot,A2DPv4.2,Micro USB,3.5 mm,Pin liền,Khung &amp; Mặt lưng nhựa Polycarbonate,Dài 177.7 mm - Ngang 79.1 mm - Dày 9.9 mm - Nặng 237 g,,Li-Po,,Có,MP4,MP3WAV,
https://stcv4.hnammobile.com/uploads/products/colors/7/nokia-110-01630669698.jpg?v=165651891601,,789.000đ,Nokia 110 Dual (2021),1800.6878,https://www.hnammobile.com/dien-thoai/nokia-110-dual.22075.html,5/5,1 khách đã đánh giá,"100%,0%,0%,0%,0%",Nokia - Microsoft,"TFT LCD1.8""65.536 màu",0.08 MP,,"MicroSD, hỗ trợ tối đa 32 GB","MicroSD, hỗ trợ tối đa 32 GB",2 Nano SIMHỗ trợ,1020 mAh,TFT LCD,0.08 MP,,Có quay phim,,,Hỗ trợ 4G,2 Nano SIM,,,Micro USB,3.5 mm,Pin rời,Khung &amp; Mặt lưng nhựa,,,Li-Ion,Có,FM không cần tai nghe,AVI,AVI,
,,,,1800.6878,https://www.hnammobile.com/kho-may-cu/dien-thoai/apple-iphone-11-1-sim-64gb-cu-99-ll.20396.html,,,,Điện thoại,,,4 GB,64 GB,,,3110 mAh,IPS LCD,12 MP,"6.1""","Quay phim HD ,, Quay phim FullHD ,, Quay phim FullHD ,, Quay phim FullHD ,, Quay phim FullHD ,, Quay phim 4K ,, Quay phim 4K ,, Quay phim 4K ,",3 đèn LED 2 tông màu,Không,Hỗ trợ 4G,1 eSIM &amp; 1 Nano SIM,"Dual-band (2.4 GHz/5 GHz), Wi-Fi 802.11 a/b/g/n/ac/ax, Wi-Fi hotspot","LE, A2DP",Lightning,Lightning,Nguyên khối,Khung nhôm &amp; Mặt lưng kính cường lực,Dài 150.9 mm - Ngang 75.7 mm - Dày 8.3 mm,194 g,Pin chuẩn Li-Ion,"Có, microphone chuyên dụng chống ồn",Không,H.264(MPEG4-AVC),"Lossless, MP3, AAC, FLAC",11/2019
https://stcv4.hnammobile.com/uploads/products/colors/0/nokia-c20-01618911106.jpg?v=165651891801,,1.939.000đ,Nokia C20 32GB Ram 2GB,1800.6878,https://www.hnammobile.com/dien-thoai/nokia-c20-32gb-ram-2gb.21645.html,0/5,0 khách đã đánh giá,"0%,0%,0%,0%,0%",Nokia - Microsoft,"IPS LCD, 6.5"", HD+ (720 x 1600 Pixels)",5 MP,2 GB,32 GB,MicroSD,2 Nano SIM,2950 mAh,IPS LCD,5 MP,"6.5""","HD ,",Có,MicroSD,Hỗ trợ 4G,2 Nano SIM,"Wi-Fi 802.11 a/b/g/n, Wi-Fi hotspot","A2DP, v4.2",Micro USB,3.5 mm,Pin rời,Khung &amp; Mặt lưng nhựa Polycarbonate,Dài 169.9 mm - Ngang 77.9 mm - Dày 8.8 mm,191 g,Li-Ion,,Có,Có,Có,04/2021
https://stcv4.hnammobile.com/uploads/products/colors/0/nokia-g21-128gb-ram-4gb-01647411679.jpg?v=165651928301,,3.569.000đ,Nokia G21 128GB Ram 4GB ,1800.6878,https://www.hnammobile.com/dien-thoai/nokia-g21-128gb-ram-4gb.23724.html,5/5,2 khách đã đánh giá,"100%,0%,0%,0%,0%",Nokia - Microsoft,"TFT LCD, 6.5"", HD+","Chính 50 MP &amp; Phụ 2 MP, 2 MP",4 GB,128 GB,,"2 Nano SIM, Hỗ trợ 4G",5050 mAh,TFT LCD,8 MP,"6.5""","FullHD , ,",Có,"MicroSD, hỗ trợ tối đa 512 GB",Hỗ trợ 4G,2 Nano SIM,"Dual-band (2.4 GHz/5 GHz), Wi-Fi 802.11 a/b/g/n/ac",v5.0,Type-C,3.5 mm,Nguyên khối,Khung kim loại &amp; Mặt lưng nhựa,Dài 164.6 mm - Ngang 75.9 mm - Dày 8.5 mm,189 g,Li-Ion,Ghi âm cuộc gọi Hỗ trợ ứng dụng ghi âm,,"AVI, MP4",FLAC Midi MP3 OGG,
,,,,1800.6878,https://www.hnammobile.com/kho-may-cu/dien-thoai/apple-iphone-11-1-sim-64gb-cu-99-kh.18789.html,,,,Điện thoại,,,4 GB,64 GB,,,3110 mAh,IPS LCD,12 MP,"6.1""","Quay phim HD ,, Quay phim FullHD ,, Quay phim FullHD ,, Quay phim FullHD ,, Quay phim FullHD ,, Quay phim 4K ,, Quay phim 4K ,, Quay phim 4K ,",3 đèn LED 2 tông màu,Không,Hỗ trợ 4G,1 Nano SIM,"Dual-band, Wi-Fi 802.11 a/b/g/n/ac/ax, Wi-Fi hotspot","LE, A2DP, v5.0",Lightning,Lightning,Nguyên khối,Khung nhôm &amp; Mặt lưng kính cường lực,Dài 150.9 mm - Ngang 75.7 mm - Dày 8.3 mm,194 g,Pin chuẩn Li-Ion,"Có, microphone chuyên dụng chống ồn",Không,H.264(MPEG4-AVC),"Lossless, MP3, AAC, FLAC",11/2019
,,,,1800.6878,https://www.hnammobile.com/kho-may-cu/dien-thoai/apple-iphone-xs-max-64gb-cu-99-ll.17467.html,,,,Điện thoại,,,4 GB,64 GB,,,3174 mAh,OLED,7 MP,"6.5""","Quay phim FullHD ,, Quay phim FullHD ,, Quay phim FullHD ,, Quay phim FullHD ,, Quay phim 4K ,, Quay phim 4K ,, Quay phim 4K ,",4 đèn LED (2 tông màu),Không,Hỗ trợ 4G,Nano SIM,"Wi-Fi 802.11 a/b/g/n/ac, Dual-band, Wi-Fi hotspot","LE, A2DP, v5.0",Lightning,Lightning,Nguyên khối,Khung thép không gỉ + mặt kính cường lực,Dài 157.5 mm - Ngang 77.4 mm - Dày 7.7 mm,208 g,Pin chuẩn Li-Ion,"Có, microphone chuyên dụng chống ồn",Không,"H.265, 3GP, MP4, AVI, WMV, H.263, H.264(MPEG4-AVC)","Midi, Lossless, MP3, WAV, WMA9, WMA, AAC, AAC+, AAC++, eAAC+",11/2018
,,,,1800.6878,https://www.hnammobile.com/kho-may-cu/dien-thoai/apple-iphone-11-1-sim-128gb-cu-97-ll.24283.html,,,,Điện thoại,,,4 GB,128 GB,,,3110 mAh,IPS LCD,12 MP,"6.1""","Quay phim HD ,, Quay phim FullHD ,, Quay phim FullHD ,, Quay phim FullHD ,, Quay phim FullHD ,, Quay phim 4K ,, Quay phim 4K ,, Quay phim 4K ,",3 đèn LED 2 tông màu,Không,Hỗ trợ 4G,1 Nano SIM,"Dual-band, Wi-Fi 802.11 a/b/g/n/ac/ax, Wi-Fi hotspot","LE, A2DP, v5.0",Lightning,Lightning,Nguyên khối,Khung nhôm &amp; Mặt lưng kính cường lực,Dài 150.9 mm - Ngang 75.7 mm - Dày 8.3 mm,194 g,Pin chuẩn Li-Ion,"Có, microphone chuyên dụng chống ồn",Không,H.264(MPEG4-AVC),"Lossless, MP3, AAC, FLAC",11/2019
,,,,1800.6878,https://www.hnammobile.com/kho-may-cu/dien-thoai/apple-iphone-11-1-sim-128gb-cu-99-kh.19248.html,,,,Điện thoại,,,4 GB,128 GB,,,3110 mAh,IPS LCD,12 MP,"6.1""","Quay phim HD ,, Quay phim FullHD ,, Quay phim FullHD ,, Quay phim FullHD ,, Quay phim FullHD ,, Quay phim 4K ,, Quay phim 4K ,, Quay phim 4K ,",4 đèn LED (2 tông màu),Không,Hỗ trợ 4G,1 Nano SIM,"Wi-Fi 802.11 a/b/g/n/ac/ax, Dual-band, Wi-Fi hotspot","LE, A2DP, v5.0",Lightning,Lightning,Nguyên khối,Khung nhôm &amp; Mặt lưng kính cường lực,Dài 150.9 mm - Ngang 75.7 mm - Dày 8.3 mm,194 g,Pin chuẩn Li-Ion,"Có, microphone chuyên dụng chống ồn",Không,H.264(MPEG4-AVC),"Lossless, MP3, AAC, FLAC",11/2019
,,,,1800.6878,https://www.hnammobile.com/kho-may-cu/dien-thoai/apple-iphone-11-1-sim-128gb-cu.19075.html,,,,Điện thoại,,,4 GB,128 GB,,,3110 mAh,IPS LCD,12 MP,"6.1""","Quay phim HD ,, Quay phim FullHD ,, Quay phim FullHD ,, Quay phim FullHD ,, Quay phim FullHD ,, Quay phim 4K ,, Quay phim 4K ,, Quay phim 4K ,",3 đèn LED 2 tông màu,Không,Hỗ trợ 4G,1 Nano SIM,"Dual-band, Wi-Fi 802.11 a/b/g/n/ac/ax, Wi-Fi hotspot","LE, A2DP, v5.0",Lightning,Lightning,Nguyên khối,Khung nhôm &amp; Mặt lưng kính cường lực,Dài 150.9 mm - Ngang 75.7 mm - Dày 8.3 mm,194 g,Pin chuẩn Li-Ion,"Có, microphone chuyên dụng chống ồn",Không,H.264(MPEG4-AVC),"Lossless, MP3, AAC, FLAC",11/2019
,,,,1800.6878,https://www.hnammobile.com/kho-may-cu/dien-thoai/apple-iphone-11-1-sim-64gb-cu-97-ll.24176.html,,,,Điện thoại,,,,,,,,,,,,,,,,,,,,,,,,,,,,,
,,,,1800.6878,https://www.hnammobile.com/kho-may-cu/dien-thoai/apple-iphone-xs-max-64gb-cu-97-ll.19552.html,,,,Điện thoại,,,4 GB,64 GB,,,3174 mAh,OLED,7 MP,"6.5""","Quay phim FullHD ,, Quay phim FullHD ,, Quay phim FullHD ,, Quay phim FullHD ,, Quay phim 4K ,, Quay phim 4K ,, Quay phim 4K ,",4 đèn LED (2 tông màu),Không,Hỗ trợ 4G,1 Nano SIM,"Wi-Fi 802.11 a/b/g/n/ac, Dual-band, Wi-Fi hotspot","A2DP, LE, v5.0",Lightning,Lightning,Nguyên khối,Khung thép không gỉ &amp; Mặt lưng kính cường lực,Dài 157.5 mm - Ngang 77.4 mm - Dày 7.7 mm,208 g,Pin chuẩn Li-Ion,"Có, microphone chuyên dụng chống ồn",Không,"H.265, 3GP, MP4, AVI, WMV, H.263, H.264(MPEG4-AVC)","Midi, Lossless, MP3, WAV, WMA, WMA9, AAC, AAC+, AAC++, eAAC+",11/2018
,,,,1800.6878,https://www.hnammobile.com/kho-may-cu/dien-thoai/apple-iphone-11-pro-max-1-sim-64gb-cu-97.24256.html,,,,Điện thoại,,,4 GB,64 GB,,,3969 mAh,OLED,12 MP,"6.5""","Quay phim HD ,, Quay phim FullHD ,, Quay phim FullHD ,, Quay phim FullHD ,, Quay phim FullHD ,, Quay phim 4K ,, Quay phim 4K ,, Quay phim 4K ,",3 đèn LED 2 tông màu,Không,Hỗ trợ 4G,2 Nano SIM,"Dual-band, Wi-Fi 802.11 a/b/g/n/ac/ax, Wi-Fi hotspot","LE, A2DP, v5.0",Lightning,Lightning,Nguyên khối,Khung thép không gỉ + mặt kính cường lực,Dài 158 mm - Ngang 77.8 mm - Dày 8.1 mm,226 g,Pin chuẩn Li-Ion,"Có, microphone chuyên dụng chống ồn",Không,H.264(MPEG4-AVC),"Lossless, MP3, AAC, FLAC",11/2019
https://stcv4.hnammobile.com/new-uploads/product-colors/medium/apple-iphone-11-1-sim-64gb-vn-a-1625511706.jpg?v=165651933201,64GB,11.399.000đ,Apple iPhone 11 1 Sim 64GB VN/A,1800.6878,https://www.hnammobile.com/dien-thoai/apple-iphone-11-1-sim-64gb-vn-a.19735.html,5/5,2 khách đã đánh giá,"100%,0%,0%,0%,0%",Apple iPhone,"IPS LCD, 6.1"", 828 x 1792 Pixels",2 camera 12 MP,4 GB,64 GB,Không,1 Nano SIM &amp; 1 eSIM,3110 mAh,IPS LCD,12 MP,"6.1""","4K , , , , , , , ,",3 đèn LED 2 tông màu,Không,Hỗ trợ 4G,1 Nano SIM &amp; 1 eSIM,Dual-band (2.4 GHz/5 GHz)Wi-Fi 802.11 a/b/g/n/ac/axWi-Fi hotspot,"LE, A2DP",Lightning,Lightning,Nguyên khối,Khung nhôm &amp; Mặt lưng kính cường lực,Dài 150.9 mm - Ngang 75.7 mm - Dày 8.3 mm,194 g,Li-Ion,Có (microphone chuyên dụng chống ồn),Không,H.264(MPEG4-AVC),LosslessFLACAACMP3,11/2019
https://stcv4.hnammobile.com/uploads/products/colors/3/apple-iphone-14-pro-max-01653962214.jpg,,,Apple iPhone 14 Pro Max,1800.6878,https://www.hnammobile.com/dien-thoai/apple-iphone-14-pro-max.24168.html,0/5,0 khách đã đánh giá,"0%,0%,0%,0%,0%",Apple iPhone,,,,,,,,,,,,,,,,,,,,,,,,,,,,,
https://stcv4.hnammobile.com/new-uploads/product-colors/medium/apple-iphone-11-1-sim-128gb-vn-a-1671776095.jpg?v=165651965201,128GB,13.299.000đ,Apple iPhone 11 1 Sim 128GB VN/A,1800.6878,https://www.hnammobile.com/dien-thoai/apple-iphone-11-1-sim-128gb-vn-a.19736.html,5/5,1 khách đã đánh giá,"100%,0%,0%,0%,0%",Apple iPhone,"IPS LCD, 6.1"", 828 x 1792 Pixels",2 camera 12 MP,4 GB,128 GB,Không,1 Nano SIM &amp; 1 eSIM,3110 mAh,IPS LCD,12 MP,"6.1""","4K , , , , , , , ,",4 đèn LED 2 tông màu,Không,Hỗ trợ 4G,1 Nano SIM &amp; 1 eSIM,Dual-band (2.4 GHz/5 GHz)Wi-Fi 802.11 a/b/g/n/ac/axWi-Fi hotspot,"v5.0, A2DP",Lightning,Lightning,Nguyên khối,Khung nhôm &amp; Mặt lưng kính cường lực,Dài 150.9 mm - Ngang 75.7 mm - Dày 8.3 mm,194 g,Li-Ion,Có (microphone chuyên dụng chống ồn),Không,H.264(MPEG4-AVC),LosslessFLACAACMP3,11/2019
,,,,1800.6878,https://www.hnammobile.com/kho-may-cu/dien-thoai/apple-iphone-11-pro-max-1-sim-64gb-cu-99-ll.21167.html,,,,Điện thoại,,,4 GB,64 GB,,,3969 mAh,OLED,12 MP,"6.5""","Quay phim HD ,, Quay phim FullHD ,, Quay phim FullHD ,, Quay phim FullHD ,, Quay phim FullHD ,, Quay phim 4K ,, Quay phim 4K ,, Quay phim 4K ,",3 đèn LED 2 tông màu,Không,Hỗ trợ 4G,2 Nano SIM,"Dual-band, Wi-Fi 802.11 a/b/g/n/ac/ax, Wi-Fi hotspot","LE, A2DP, v5.0",Lightning,Lightning,Nguyên khối,Khung thép không gỉ + mặt kính cường lực,Dài 158 mm - Ngang 77.8 mm - Dày 8.1 mm,226 g,Pin chuẩn Li-Ion,"Có, microphone chuyên dụng chống ồn",Không,H.264(MPEG4-AVC),"Lossless, MP3, AAC, FLAC",11/2019
https://stcv4.hnammobile.com/uploads/products/colors/2/apple-iphone-14-pro-01653962204.jpg,,,Apple iPhone 14 Pro,1800.6878,https://www.hnammobile.com/dien-thoai/apple-iphone-14-pro.24167.html,0/5,0 khách đã đánh giá,"0%,0%,0%,0%,0%",Apple iPhone,,,,,,,,,,,,,,,,,,,,,,,,,,,,,
https://stcv4.hnammobile.com/uploads/products/colors/5/apple-iphone-14-01627907778.jpg,,,Apple iPhone 14 Mini,1800.6878,https://www.hnammobile.com/dien-thoai/apple-iphone-14-mini.22019.html,0/5,0 khách đã đánh giá,"0%,0%,0%,0%,0%",Apple iPhone,"Super Retina XDR OLED, HDR10, Dolby Vision, Wide color gamut, True-tone 6.7 inches","12 MP, f/1.6, 26mm (wide), 1.4µm, dual pixel PDAF, OIS 12 MP, f/2.0, 52mm (telephoto), 1/3.4"", 1.0µm, PDAF, OIS, 2x optical zoom 12 MP, f/2.4, 120˚, 13mm (ultrawide), 1/3.6"" TOF 3D LiDAR scanner (depth)",Đang cập nhật,256 GB,Không,2 SIM (nano‑SIM và eSIM),"Li-Ion, sạc nhanh 18W, sạc không dây 15W, USB Power Delivery 2.0",Super Retina,"12 MP, f/2.2, 23mm (wide), 1/3.6"" SL 3D, (depth/biometrics sensor)","6.7""",",/30/60fps",Đang cập nhật,Không,LTE-A (4CA) Cat16 1024/150 Mbps,2 SIM (nano‑SIM và eSIM),"Wi-Fi 802.11 a/b/g/n/ac/ax, Dual-band (2.4 GHz/5 GHz), Wi-Fi hotspot","LE, v5.0",Lightning,Lightning,Nguyên khối,Đang cập nhật,160.8 x 78.1 x 7.4 mm,228 g,Pin Li-Ion,"Có, microphone chuyên dụng chống ồn",Không,H.264(MPEG4-AVC),"Lossless, MP3, AAC, FLAC",
https://stcv4.hnammobile.com/uploads/products/colors/0/apple-iphone-11-pro-max-1-sim-64gb-01590982133.jpg,64 GB,,Apple iPhone 11 Pro Max 1 Sim 64GB,1800.6878,https://www.hnammobile.com/dien-thoai/apple-iphone-11-pro-max-1-sim-64gb.18045.html,0/5,0 khách đã đánh giá,"0%,0%,0%,0%,0%",Apple iPhone,"OLED, 1242 x 2688 Pixels, 6.5""",3 camera 12 MP,4 GB,64 GB,Không,Nano SIM,3969 mAh,OLED,12 MP,"6.5""","Quay phim HD ,, Quay phim FullHD ,, Quay phim FullHD ,, Quay phim FullHD ,, Quay phim FullHD ,, Quay phim 4K ,, Quay phim 4K ,, Quay phim 4K ,",3 đèn LED 2 tông màu,Không,Hỗ trợ 4G,Nano SIM,"Dual-band, Wi-Fi 802.11 a/b/g/n/ac/ax, Wi-Fi hotspot","LE, A2DP, v5.0",Lightning,Lightning,Nguyên khối,Khung thép không gỉ + mặt kính cường lực,Dài 158 mm - Ngang 77.8 mm - Dày 8.1 mm,226 g,Pin chuẩn Li-Ion,"Có, microphone chuyên dụng chống ồn",Không,H.264(MPEG4-AVC),"Lossless, MP3, AAC, FLAC",11/2019
https://stcv4.hnammobile.com/uploads/products/colors/6/apple-iphone-12-mini-256gb-vn-a-01634892448.jpg?v=165651894301,256GB,17.499.000đ,Apple iPhone 12 Mini 256Gb VN/A,1800.6878,https://www.hnammobile.com/dien-thoai/apple-iphone-12-mini-256gb-vn-a.20598.html,5/5,1 khách đã đánh giá,"100%,0%,0%,0%,0%",Apple iPhone,"Super Retina XDR OLED, HDR10, Dolby Vision, Wide color gamut, True-tone 5.4 inches","12 MP, f/1.6, 26mm (wide), 1.4µm, dual pixel PDAF, OIS 12 MP, f/2.4, 120˚, 13mm (ultrawide), 1/3.6""",Đang cập nhật,256 GB,Không,2 SIM (nano‑SIM và eSIM),"Li-Ion, sạc nhanh 18W, sạc không dây 15W, USB Power Delivery 2.0","Super Retina XDR OLED, HDR10, Dolby Vision, Wide color gamut, True-tone","12 MP, f/2.2, 23mm (wide), 1/3.6"" SL 3D, (depth/biometrics sensor)",5.4 inches,",/30/60fps, ,/60/120/240fps, HDR, Dolby Vision HDR (up to 30fps), stereo sound rec.",Đang cập nhật,Không,LTE-A (4CA) Cat16 1024/150 Mbps,2 SIM (nano‑SIM và eSIM),"Wi-Fi 802.11 a/b/g/n/ac/ax, Dual-band (2.4 GHz/5 GHz), Wi-Fi hotspot","LE, v5.0",Lightning,Lightning,Nguyên khối,Đang cập nhật,131.5 x 64.2 x 7.4 mm,135 g,Pin Li-Ion,"Có, microphone chuyên dụng chống ồn",Không,H.264(MPEG4-AVC),"Lossless, MP3, AAC, FLAC",
https://stcv4.hnammobile.com/uploads/products/colors/4/apple-iphone-12-64gb-vn-a-01620639931.jpg?v=165651894301,64GB,16.299.000đ,Apple iPhone 12 64GB VN/A,1800.6878,https://www.hnammobile.com/dien-thoai/apple-iphone-12-64gb-vn-a.20587.html,5/5,1 khách đã đánh giá,"100%,0%,0%,0%,0%",Apple iPhone,"Super Retina XDR OLED, HDR10, Dolby Vision, Wide color gamut, True-tone 6.1 inches","12 MP, f/1.6, 26mm (wide), 1.4µm, dual pixel PDAF, OIS 12 MP, f/2.4, 120˚, 13mm (ultrawide), 1/3.6""",Đang cập nhật,64 GB,Không,2 SIM (nano‑SIM và eSIM),"Li-Ion, sạc nhanh 18W, sạc không dây 15W, USB Power Delivery 2.0",Super Retina,"12 MP, f/2.2, 23mm (wide), 1/3.6"" SL 3D, (depth/biometrics sensor)","6.1""",",/30/60fps, ,/60/120/240fps, HDR, Dolby Vision HDR (up to 30fps), stereo sound rec.",Đang cập nhật,Không,LTE-A (4CA) Cat16 1024/150 Mbps,2 SIM (nano‑SIM và eSIM),"Wi-Fi 802.11 a/b/g/n/ac/ax, Dual-band (2.4 GHz/5 GHz), Wi-Fi hotspot","LE, v5.0",Lightning,Lightning,Nguyên khối,Đang cập nhật,146.7 x 71.5 x 7.4 mm,164 g,Pin Li-Ion,"Có, microphone chuyên dụng chống ồn",Không,H.264(MPEG4-AVC),"Lossless, MP3, AAC, FLAC",
https://stcv4.hnammobile.com/uploads/products/colors/4/apple-iphone-se-3-2022-256gb-01646964039.jpg,,,Apple iphone SE 3 2022 256GB VN/A,1800.6878,https://www.hnammobile.com/dien-thoai/apple-iphone-se-3-2022-256gb-vn-a.23692.html,0/5,0 khách đã đánh giá,"0%,0%,0%,0%,0%",Apple iPhone,,,,,,,,,,,,,,,,,,,,,,,,,,,,,
https://stcv4.hnammobile.com/uploads/products/colors/8/apple-iphone-12-pro-max-1-sim-256gb-01603707684.jpg,256 GB,,Apple iPhone 12 Pro Max 1 sim 256GB,1800.6878,https://www.hnammobile.com/dien-thoai/apple-iphone-12-pro-max-1-sim-256gb.20069.html,4.8/5,8 khách đã đánh giá,"75%,25%,0%,0%,0%",Apple iPhone,"Super Retina XDR OLED, HDR10, Dolby Vision, Wide color gamut, True-tone 6.7 inches","12 MP, f/1.6, 26mm (wide), 1.4µm, dual pixel PDAF, OIS 12 MP, f/2.0, 52mm (telephoto), 1/3.4"", 1.0µm, PDAF, OIS, 2x optical zoom 12 MP, f/2.4, 120˚, 13mm (ultrawide), 1/3.6"" TOF 3D LiDAR scanner (depth)",Đang cập nhật,256 GB,Không,1 Nano SIM,"Li-Ion, sạc nhanh 18W, sạc không dây 15W, USB Power Delivery 2.0",Super Retina,"12 MP, f/2.2, 23mm (wide), 1/3.6"" SL 3D, (depth/biometrics sensor)","6.1""",",/30/60fps",Đang cập nhật,Không,LTE-A (4CA) Cat16 1024/150 Mbps,1 Nano SIM,"Wi-Fi 802.11 a/b/g/n/ac/ax, Dual-band (2.4 GHz/5 GHz), Wi-Fi hotspot","LE, v5.0",Lightning,Lightning,Nguyên khối,Đang cập nhật,160.8 x 78.1 x 7.4 mm,228 g,Pin Li-Ion,"Có, microphone chuyên dụng chống ồn",Không,H.264(MPEG4-AVC),"Lossless, MP3, AAC, FLAC",
https://stcv4.hnammobile.com/uploads/products/colors/3/apple-iphone-se-3-2022-128gb-01646963980.jpg?v=165651894401,,12.799.000đ,Apple iphone SE 3 2022 128GB VN/A,1800.6878,https://www.hnammobile.com/dien-thoai/apple-iphone-se-3-2022-128gb-vn-a.23691.html,0/5,0 khách đã đánh giá,"0%,0%,0%,0%,0%",Apple iPhone,,,,,,,,,,,,,,,,,,,,,,,,,,,,,
https://stcv4.hnammobile.com/uploads/products/colors/6/apple-iphone-13-pro-max-1-sim-1t-01638237209.jpg,1T,,Apple iPhone 13 Pro Max 1 sim 1T,1800.6878,https://www.hnammobile.com/dien-thoai/apple-iphone-13-pro-max-1-sim-1t.22920.html,5/5,1 khách đã đánh giá,"100%,0%,0%,0%,0%",Apple iPhone,"OLED 6.7"" Super Retina XDR",3 camera 12 MP,6 GB,256 GB,Không,1 Nano SIM &amp; 1 eSIM Hỗ trợ 5G,20 W,OLED,12 MP,"6.7"" - Tần số quét 120 Hz","4K , 4K , 4K , FullHD , FullHD , HD ,",Có,,Hỗ trợ 5G,1 Nano SIM &amp; 1 eSIM,Dual-band (2.4 GHz/5 GHz) Wi-Fi 802.11 a/b/g/n/ac/ax Wi-Fi hotspot Wi-Fi MIMO,A2DP LE v5.0,Lightning,Lightning,Nguyên khối,,Dài 160.8 mm - Ngang 78.1 mm - Dày 7.65 mm,240 g,Li-Ion 20 W,Có (microphone chuyên dụng chống ồn),,H.264(MPEG4-AVC),AAC FLAC Lossless,09/2021
https://stcv4.hnammobile.com/uploads/products/colors/5/apple-iphone-13-pro-max-1-sim-512gb-01648341912.jpg?v=165651894801,512GB,32.999.000đ,Apple iPhone 13 Pro Max 1 sim 512GB,1800.6878,https://www.hnammobile.com/dien-thoai/apple-iphone-13-pro-max-1-sim-512gb.22919.html,5/5,9 khách đã đánh giá,"100%,0%,0%,0%,0%",Apple iPhone,"OLED 6.7"" Super Retina XDR",3 camera 12 MP,6 GB,512 GB,Không,1 Nano SIM &amp; 1 eSIM Hỗ trợ 5G,20 W,OLED,12 MP,"6.7"" - Tần số quét 120 Hz","4K , 4K , 4K , FullHD , FullHD , HD ,",Có,,Hỗ trợ 5G,1 Nano SIM &amp; 1 eSIM,Dual-band (2.4 GHz/5 GHz) Wi-Fi 802.11 a/b/g/n/ac/ax Wi-Fi hotspot Wi-Fi MIMO,A2DP LE v5.0,Lightning,Lightning,Nguyên khối,,Dài 160.8 mm - Ngang 78.1 mm - Dày 7.65 mm,240 g,Li-Ion 20 W,Có (microphone chuyên dụng chống ồn),,H.264(MPEG4-AVC),AAC FLAC Lossless,09/2021
https://stcv4.hnammobile.com/uploads/products/colors/6/apple-iphone-13-pro-max-256gb-01635387711.jpg?v=165651894801,256GB,29.499.000đ,Apple iPhone 13 Pro Max 1 sim 256GB,1800.6878,https://www.hnammobile.com/dien-thoai/apple-iphone-13-pro-max-1-sim-256gb.22587.html,5/5,6 khách đã đánh giá,"100%,0%,0%,0%,0%",Apple iPhone,"OLED 6.7"" Super Retina XDR",3 camera 12 MP,6 GB,256 GB,Không,"1 Nano SIM, Hỗ trợ 5G",20 W,OLED,12 MP,"6.7"" - Tần số quét 120 Hz","4K , 4K , 4K , FullHD , FullHD , HD ,",Có,,Hỗ trợ 5G,1 Nano SIM,Dual-band (2.4 GHz/5 GHz) Wi-Fi 802.11 a/b/g/n/ac/ax Wi-Fi hotspot Wi-Fi MIMO,A2DP LE v5.0,Lightning,Lightning,Nguyên khối,,Dài 160.8 mm - Ngang 78.1 mm - Dày 7.65 mm,240 g,Li-Ion 20 W,Có (microphone chuyên dụng chống ồn),,H.264(MPEG4-AVC),AAC FLAC Lossless,09/2021
https://stcv4.hnammobile.com/new-uploads/product-colors/medium/apple-iphone-12-128gb-vn-a-1674607955.jpg?v=165651894501,128GB,17.999.000đ,Apple iPhone 12 128GB VN/A,1800.6878,https://www.hnammobile.com/dien-thoai/apple-iphone-12-128gb-vn-a.20588.html,5/5,1 khách đã đánh giá,"100%,0%,0%,0%,0%",Apple iPhone,"Super Retina XDR OLED, HDR10, Dolby Vision, Wide color gamut, True-tone 6.1 inches","12 MP, f/1.6, 26mm (wide), 1.4µm, dual pixel PDAF, OIS 12 MP, f/2.4, 120˚, 13mm (ultrawide), 1/3.6""",Đang cập nhật,128 GB,Không,2 SIM (nano‑SIM và eSIM),"Li-Ion, sạc nhanh 18W, sạc không dây 15W, USB Power Delivery 2.0",Super Retina,"12 MP, f/2.2, 23mm (wide), 1/3.6"" SL 3D, (depth/biometrics sensor)","6.1""",",/30/60fps, ,/60/120/240fps, HDR, Dolby Vision HDR (up to 30fps), stereo sound rec.",Đang cập nhật,Không,LTE-A (4CA) Cat16 1024/150 Mbps,2 SIM (nano‑SIM và eSIM),"Wi-Fi 802.11 a/b/g/n/ac/ax, Dual-band (2.4 GHz/5 GHz), Wi-Fi hotspot","LE, v5.0",Lightning,Lightning,Nguyên khối,Đang cập nhật,146.7 x 71.5 x 7.4 mm,164 g,Pin Li-Ion,"Có, microphone chuyên dụng chống ồn",Không,H.264(MPEG4-AVC),"Lossless, MP3, AAC, FLAC",
https://stcv4.hnammobile.com/uploads/products/colors/5/apple-iphone-13-pro-max-128gb-01635387485.jpg?v=165651894501,128GB,26.999.000đ,Apple iPhone 13 Pro Max 1 sim 128GB,1800.6878,https://www.hnammobile.com/dien-thoai/apple-iphone-13-pro-max-1-sim-128gb.22586.html,4.9/5,37 khách đã đánh giá,"97%,0%,0%,0%,3%",Apple iPhone,"OLED 6.7"" Super Retina XDR",3 camera 12 MP,6 GB,128 GB,Không,"1 Nano SIM, Hỗ trợ 5G",20 W,OLED,12 MP,"6.7"" - Tần số quét 120 Hz","4K , 4K , 4K , FullHD , FullHD , HD ,",Có,,Hỗ trợ 5G,1 Nano SIM,Dual-band (2.4 GHz/5 GHz) Wi-Fi 802.11 a/b/g/n/ac/ax Wi-Fi hotspot Wi-Fi MIMO,A2DP LE v5.0,Lightning,Lightning,Nguyên khối,,Dài 160.8 mm - Ngang 78.1 mm - Dày 7.65 mm,240 g,Li-Ion 20 W,Có (microphone chuyên dụng chống ồn),,H.264(MPEG4-AVC),AAC FLAC Lossless,09/2021
https://stcv4.hnammobile.com/uploads/products/colors/8/apple-iphone-13-pro-max-5g-256gb-vn-a-01631652753.jpg?v=165651945101,256GB,29.999.000đ,Apple iPhone 13 Pro Max 256GB VN/A,1800.6878,https://www.hnammobile.com/dien-thoai/apple-iphone-13-pro-max-256gb-vn-a.22139.html,5/5,5 khách đã đánh giá,"100%,0%,0%,0%,0%",Apple iPhone,"OLED 6.7"" Super Retina XDR",3 camera 12 MP,6 GB,256 GB,Không,1 Nano SIM &amp; 1 eSIM Hỗ trợ 5G,20 W,OLED,12 MP,"6.7"" - Tần số quét 120 Hz","4K , 4K , 4K , FullHD , FullHD , HD ,",Có,,Hỗ trợ 5G,1 Nano SIM &amp; 1 eSIM,Dual-band (2.4 GHz/5 GHz) Wi-Fi 802.11 a/b/g/n/ac/ax Wi-Fi hotspot Wi-Fi MIMO,A2DP LE v5.0,Lightning,Lightning,Nguyên khối,,Dài 160.8 mm - Ngang 78.1 mm - Dày 7.65 mm,240 g,Li-Ion 20 W,Có (microphone chuyên dụng chống ồn),,H.264(MPEG4-AVC),AAC FLAC Lossless,09/2021
https://stcv4.hnammobile.com/uploads/products/colors/2/apple-iphone-se-3-2022-64gb-01646963913.jpg?v=165651911201,,11.399.000đ,Apple iphone SE 3 2022 64GB VN/A,1800.6878,https://www.hnammobile.com/dien-thoai/apple-iphone-se-3-2022-64gb-vn-a.23690.html,0/5,0 khách đã đánh giá,"0%,0%,0%,0%,0%",Apple iPhone,,,,,,,,,,,,,,,,,,,,,,,,,,,,,
https://stcv4.hnammobile.com/uploads/products/colors/8/apple-iphone-13-pro-1-sim-256gb-01637830045.jpg?v=165651894701,256GB,27.299.000đ,Apple iPhone 13 Pro 1 sim 256GB,1800.6878,https://www.hnammobile.com/dien-thoai/apple-iphone-13-pro-1-sim-256gb.22913.html,5/5,1 khách đã đánh giá,"100%,0%,0%,0%,0%",Apple iPhone,"OLED 6.1"" Super Retina XDR",3 camera 12 MP,6 GB,256 GB,Không,1 Nano SIM &amp; 1 eSIM Hỗ trợ 5G,20 W,OLED,12 MP,"6.1"" - Tần số quét 120 Hz","4K , 4K , 4K , FullHD , FullHD , HD ,",Có,,Hỗ trợ 5G,1 Nano SIM &amp; 1 eSIM,Dual-band (2.4 GHz/5 GHz) Wi-Fi hotspot Wi-Fi MIMO,A2DP LE v5.0,Lightning,Lightning,Nguyên khối,,Dài 146.7 mm - Ngang 71.5 mm - Dày 7.65 mm,204 g,Li-Ion,Có (microphone chuyên dụng chống ồn),,H.264(MPEG4-AVC),AAC Lossless MP3,09/2021
https://stcv4.hnammobile.com/uploads/products/colors/5/apple-iphone-13-pro-1-sim-512gb-01655438490.jpg?v=165651894901,512GB,30.499.000đ,Apple iPhone 13 Pro 1 sim 512GB,1800.6878,https://www.hnammobile.com/dien-thoai/apple-iphone-13-pro-1-sim-512gb.24278.html,0/5,0 khách đã đánh giá,"0%,0%,0%,0%,0%",Apple iPhone,"OLED 6.1"" Super Retina XDR",3 camera 12 MP,6 GB,512GB,Không,1 Nano SIM &amp; 1 eSIM Hỗ trợ 5G,20 W,OLED,12 MP,"6.1"" - Tần số quét 120 Hz","4K , 4K , 4K , FullHD , FullHD , HD ,",Có,,Hỗ trợ 5G,1 Nano SIM &amp; 1 eSIM,Dual-band (2.4 GHz/5 GHz) Wi-Fi hotspot Wi-Fi MIMO,A2DP LE v5.0,Lightning,Lightning,Nguyên khối,,Dài 146.7 mm - Ngang 71.5 mm - Dày 7.65 mm,204 g,Li-Ion,Có (microphone chuyên dụng chống ồn),,H.264(MPEG4-AVC),AAC Lossless MP3,09/2021
https://stcv4.hnammobile.com/uploads/products/colors/0/apple-iphone-13-pro-1-sim-128gb-01637829860.jpg?v=165651895301,128GB,24.799.000đ,Apple iPhone 13 Pro 1 sim 128GB,1800.6878,https://www.hnammobile.com/dien-thoai/apple-iphone-13-pro-1-sim-128gb.22914.html,5/5,2 khách đã đánh giá,"100%,0%,0%,0%,0%",Apple iPhone,"OLED 6.1"" Super Retina XDR",3 camera 12 MP,6 GB,128 GB,Không,1 Nano SIM,20 W,OLED,12 MP,"6.1"" - Tần số quét 120 Hz","4K , 4K , 4K , FullHD , FullHD , HD ,",Có,,Hỗ trợ 5G,1 Nano SIM,Dual-band (2.4 GHz/5 GHz) Wi-Fi hotspot Wi-Fi MIMO,A2DP LE v5.0,Lightning,Lightning,Nguyên khối,,Dài 146.7 mm - Ngang 71.5 mm - Dày 7.65 mm,204 g,Li-Ion,Có (microphone chuyên dụng chống ồn),,H.264(MPEG4-AVC),AAC Lossless MP3,09/2021
https://stcv4.hnammobile.com/uploads/products/colors/4/apple-iphone-13-mini-5g-128gb-vn-a-01631654047.jpg,128GB,,Apple iPhone 13 mini 128GB VN/A,1800.6878,https://www.hnammobile.com/dien-thoai/apple-iphone-13-mini-128gb-vn-a.22144.html,5/5,3 khách đã đánh giá,"100%,0%,0%,0%,0%",Apple iPhone,"OLED5.4"" Super Retina XDR",2 camera 12 MP,6 GB,256 GB,Không,Hỗ trợ 5G,20 W,OLED,12 MP,"5.4""","4K , 4K , 4K , FullHD , FullHD , FullHD , FullHD ,",Có,,Hỗ trợ 5G,,Dual-band (2.4 GHz/5 GHz) Wi-Fi 802.11 a/b/g/n/ac/ax Wi-Fi hotspot Wi-Fi MIMO,A2DP LE v5.0,Lightning,,Nguyên khối,,Dài 131.5 mm - Ngang 64.2 mm - Dày 7.65 mm,141 g,Li-Ion 20 W,,,H.264(MPEG4-AVC),AAC FLAC MP3,09/2021
https://stcv4.hnammobile.com/uploads/products/colors/0/apple-iphone-13-pro-max-5g-512gb-vn-a-01631653042.jpg,512GB,,Apple iPhone 13 Pro Max 512GB VN/A,1800.6878,https://www.hnammobile.com/dien-thoai/apple-iphone-13-pro-max-512gb-vn-a.22140.html,5/5,2 khách đã đánh giá,"100%,0%,0%,0%,0%",Apple iPhone,"OLED 6.7"" Super Retina XDR",3 camera 12 MP,6 GB,512 GB,Không,1 Nano SIM &amp; 1 eSIM Hỗ trợ 5G,20 W,OLED,12 MP,"6.7"" - Tần số quét 120 Hz","4K , 4K , 4K , FullHD , FullHD , HD ,",Có,,Hỗ trợ 5G,1 Nano SIM &amp; 1 eSIM,Dual-band (2.4 GHz/5 GHz) Wi-Fi 802.11 a/b/g/n/ac/ax Wi-Fi hotspot Wi-Fi MIMO,A2DP LE v5.0,Lightning,Lightning,Nguyên khối,,Dài 160.8 mm - Ngang 78.1 mm - Dày 7.65 mm,240 g,Li-Ion 20 W,Có (microphone chuyên dụng chống ồn),,H.264(MPEG4-AVC),AAC FLAC Lossless,09/2021
https://stcv4.hnammobile.com/uploads/products/colors/5/apple-iphone-13-pro-128gb-vn-a-01646964616.jpg?v=165651905901,128GB,24.999.000đ,Apple iPhone 13 Pro 128GB VN/A,1800.6878,https://www.hnammobile.com/dien-thoai/apple-iphone-13-pro-128gb-vn-a.22136.html,5/5,3 khách đã đánh giá,"100%,0%,0%,0%,0%",Apple iPhone,"OLED 6.1"" Super Retina XDR",3 camera 12 MP,6 GB,128 GB,Không,1 Nano SIM &amp; 1 eSIM Hỗ trợ 5G,20 W,OLED,12 MP,"6.1"" - Tần số quét 120 Hz","4K , 4K , 4K , FullHD , FullHD , HD ,",Có,,Hỗ trợ 5G,1 Nano SIM &amp; 1 eSIM,Dual-band (2.4 GHz/5 GHz) Wi-Fi hotspot Wi-Fi MIMO,A2DP LE v5.0,Lightning,Lightning,Nguyên khối,,Dài 146.7 mm - Ngang 71.5 mm - Dày 7.65 mm,204 g,Li-Ion,Có (microphone chuyên dụng chống ồn),,H.264(MPEG4-AVC),AAC Lossless MP3,09/2021
https://stcv4.hnammobile.com/uploads/products/colors/6/apple-iphone-13-pro-256gb-vn-a-01646964657.jpg?v=165651942901,256GB,26.999.000đ,Apple iPhone 13 Pro 256GB VN/A,1800.6878,https://www.hnammobile.com/dien-thoai/apple-iphone-13-pro-256gb-vn-a.22137.html,5/5,5 khách đã đánh giá,"100%,0%,0%,0%,0%",Apple iPhone,"OLED 6.1"" Super Retina XDR",3 camera 12 MP,6 GB,256 GB,Không,1 Nano SIM &amp; 1 eSIM Hỗ trợ 5G,20 W,OLED,12 MP,"6.1"" - Tần số quét 120 Hz","4K , 4K , 4K , FullHD , FullHD , HD ,",Có,,Hỗ trợ 5G,1 Nano SIM &amp; 1 eSIM,Dual-band (2.4 GHz/5 GHz) Wi-Fi hotspot Wi-Fi MIMO,A2DP LE v5.0,Lightning,Lightning,Nguyên khối,,Dài 146.7 mm - Ngang 71.5 mm - Dày 7.65 mm,204 g,Li-Ion,Có (microphone chuyên dụng chống ồn),,H.264(MPEG4-AVC),AAC Lossless MP3,09/2021
https://stcv4.hnammobile.com/uploads/products/colors/3/apple-iphone-13-mini-5g-256gb-vn-a-01631654102.jpg,256GB,,Apple iPhone 13 mini 256GB VN/A,1800.6878,https://www.hnammobile.com/dien-thoai/apple-iphone-13-mini-256gb-vn-a.22143.html,5/5,3 khách đã đánh giá,"100%,0%,0%,0%,0%",Apple iPhone,"OLED5.4"" Super Retina XDR",2 camera 12 MP,6 GB,256 GB,Không,Hỗ trợ 5G,20 W,OLED,12 MP,"5.4""","4K , 4K , 4K , FullHD , FullHD , FullHD , FullHD ,",Có,,Hỗ trợ 5G,,Dual-band (2.4 GHz/5 GHz) Wi-Fi 802.11 a/b/g/n/ac/ax Wi-Fi hotspot Wi-Fi MIMO,A2DP LE v5.0,Lightning,,Nguyên khối,,Dài 131.5 mm - Ngang 64.2 mm - Dày 7.65 mm,141 g,Li-Ion 20 W,,,H.264(MPEG4-AVC),AAC FLAC MP3,09/2021
https://stcv4.hnammobile.com/uploads/products/colors/8/apple-iphone-13-256gb-01635393012.jpg,256GB,,Apple iPhone 13 1 sim 256GB,1800.6878,https://www.hnammobile.com/dien-thoai/apple-iphone-13-1-sim-256gb.22589.html,4.8/5,6 khách đã đánh giá,"83%,17%,0%,0%,0%",Apple iPhone,"OLED6.1"" Super Retina XDR",2 camera 12 MP,4 GB,256 GB,Không,"1 Nano SIM, Hỗ trợ 5G",,OLED,12 MP,"6.1""","4K , FullHD , FullHD , HD ,",3 đèn LED 2 tông màu,,Hỗ trợ 5G,1 Nano SIM,Dual-band (2.4 GHz/5 GHz) Wi-Fi 802.11 a/b/g/n/ac/ax Wi-Fi hotspot,A2DP v5.0 v5.1,Lightning,Lightning,Nguyên khối,Khung nhôm &amp; Mặt lưng kính cường lực,Dài 146.7 mm - Ngang 71.5 mm - Dày 7.65 mm,174 g,Li-Ion,Có (microphone chuyên dụng chống ồn),,H.264(MPEG4-AVC),AAC FLAC Lossless MP3,
https://stcv4.hnammobile.com/uploads/products/colors/2/apple-iphone-13-mini-5g-512gb-vn-a-01631654158.jpg,512GB,,Apple iPhone 13 mini 512GB VN/A,1800.6878,https://www.hnammobile.com/dien-thoai/apple-iphone-13-mini-512gb-vn-a.22142.html,5/5,2 khách đã đánh giá,"100%,0%,0%,0%,0%",Apple iPhone,"OLED5.4"" Super Retina XDR",2 camera 12 MP,6 GB,512 GB,Không,Hỗ trợ 5G,20 W,OLED,12 MP,"5.4""","4K , 4K , 4K , FullHD , FullHD , FullHD , FullHD ,",Có,,Hỗ trợ 5G,,Dual-band (2.4 GHz/5 GHz) Wi-Fi 802.11 a/b/g/n/ac/ax Wi-Fi hotspot Wi-Fi MIMO,A2DP LE v5.0,Lightning,,Nguyên khối,,Dài 131.5 mm - Ngang 64.2 mm - Dày 7.65 mm,141 g,Li-Ion 20 W,,,H.264(MPEG4-AVC),AAC FLAC MP3,09/2021
https://stcv4.hnammobile.com/uploads/products/colors/1/apple-iphone-13-pro-max-5g-128gb-vn-a-01631653050.jpg?v=165651932201,128GB,26.999.000đ,Apple iPhone 13 Pro Max 128GB VN/A,1800.6878,https://www.hnammobile.com/dien-thoai/apple-iphone-13-pro-max-128gb-vn-a.22141.html,4.2/5,6 khách đã đánh giá,"67%,17%,0%,0%,17%",Apple iPhone,"OLED 6.7"" Super Retina XDR",3 camera 12 MP,6 GB,128 GB,Không,1 Nano SIM &amp; 1 eSIM Hỗ trợ 5G,20 W,OLED,12 MP,"6.7"" - Tần số quét 120 Hz","4K , 4K , 4K , FullHD , FullHD , HD ,",Có,,Hỗ trợ 5G,1 Nano SIM &amp; 1 eSIM,Dual-band (2.4 GHz/5 GHz) Wi-Fi 802.11 a/b/g/n/ac/ax Wi-Fi hotspot Wi-Fi MIMO,A2DP LE v5.0,Lightning,Lightning,Nguyên khối,,Dài 160.8 mm - Ngang 78.1 mm - Dày 7.65 mm,240 g,Li-Ion 20 W,Có (microphone chuyên dụng chống ồn),,H.264(MPEG4-AVC),AAC FLAC Lossless,09/2021
https://stcv4.hnammobile.com/uploads/products/colors/3/apple-iphone-13-5g-256gb-vn-a-01631653857.jpg?v=165651895101,256GB,22.290.000đ,Apple iPhone 13 256GB VN/A,1800.6878,https://www.hnammobile.com/dien-thoai/apple-iphone-13-256gb-vn-a.22134.html,5/5,9 khách đã đánh giá,"100%,0%,0%,0%,0%",Apple iPhone,"OLED6.1"" Super Retina XDR",2 camera 12 MP,4 GB,256 GB,Không,1 Nano SIM &amp; 1 eSIM Hỗ trợ 5G,,OLED,12 MP,"6.1""","4K , FullHD , FullHD , HD ,",3 đèn LED 2 tông màu,,Hỗ trợ 5G,1 Nano SIM &amp; 1 eSIM,Dual-band (2.4 GHz/5 GHz) Wi-Fi 802.11 a/b/g/n/ac/ax Wi-Fi hotspot,A2DP v5.0 v5.1,Lightning,Lightning,Nguyên khối,Khung nhôm &amp; Mặt lưng kính cường lực,Dài 146.7 mm - Ngang 71.5 mm - Dày 7.65 mm,174 g,Li-Ion,Có (microphone chuyên dụng chống ồn),,H.264(MPEG4-AVC),AAC FLAC Lossless MP3,
https://stcv4.hnammobile.com/uploads/products/colors/7/apple-iphone-13-128gb-01635392310.jpg?v=165651895101,128GB,19.899.000đ,Apple iPhone 13 1 sim 128GB,1800.6878,https://www.hnammobile.com/dien-thoai/apple-iphone-13-1-sim-128gb.22588.html,5/5,5 khách đã đánh giá,"100%,0%,0%,0%,0%",Apple iPhone,"OLED6.1"" Super Retina XDR",2 camera 12 MP,4 GB,128 GB,Không,"1 Nano SIM, Hỗ trợ 5G",,OLED,12 MP,"6.1""","4K , FullHD , FullHD , HD ,",3 đèn LED 2 tông màu,,Hỗ trợ 5G,1 Nano SIM,Dual-band (2.4 GHz/5 GHz) Wi-Fi 802.11 a/b/g/n/ac/ax Wi-Fi hotspot,A2DP v5.0 v5.1,Lightning,Lightning,Nguyên khối,Khung nhôm &amp; Mặt lưng kính cường lực,Dài 146.7 mm - Ngang 71.5 mm - Dày 7.65 mm,174 g,Li-Ion,Có (microphone chuyên dụng chống ồn),,H.264(MPEG4-AVC),AAC FLAC Lossless MP3,
https://stcv4.hnammobile.com/uploads/products/colors/2/apple-iphone-13-128gb-vn-a-01646964293.jpg?v=165651895301,128GB,19.999.000đ,Apple iPhone 13 128GB VN/A,1800.6878,https://www.hnammobile.com/dien-thoai/apple-iphone-13-128gb-vn-a.22133.html,4.9/5,13 khách đã đánh giá,"92%,8%,0%,0%,0%",Apple iPhone,"OLED6.1"" Super Retina XDR",2 camera 12 MP,4 GB,128 GB,Không,1 Nano SIM &amp; 1 eSIM Hỗ trợ 5G,,OLED,12 MP,"6.1""","4K , FullHD , FullHD , HD ,",3 đèn LED 2 tông màu,,Hỗ trợ 5G,1 Nano SIM &amp; 1 eSIM,Dual-band (2.4 GHz/5 GHz) Wi-Fi 802.11 a/b/g/n/ac/ax Wi-Fi hotspot,A2DP v5.0 v5.1,Lightning,Lightning,Nguyên khối,Khung nhôm &amp; Mặt lưng kính cường lực,Dài 146.7 mm - Ngang 71.5 mm - Dày 7.65 mm,174 g,Li-Ion,Có (microphone chuyên dụng chống ồn),,H.264(MPEG4-AVC),AAC FLAC Lossless MP3,
