images_intro,price,title,hot_line,link_source,rating_total,branch,RAM,CPU,Bộ nhớ,Màn hình,Màu sắc
https://cdn.mediamart.vn/images/product/apple-iphone-13-pro-max-128g-blue-Q8TaJN.jpg,26.990.000 ₫,Apple Iphone 13 Pro Max 128G Blue,1900.6788,https://mediamart.vn/smartphones/apple-iphone-13-pro-max-128g-blue,(1) ,Apple,6 GB,A15 Bionic,128 GB,6.7 inch,"Blue,Green,Gold,Gray,Silver"
https://cdn.mediamart.vn/images/product/apple-iphone-se-128g-5g-white-2022_9b53f908.jpg,13.990.000 ₫,Apple iphone SE 128G 5G White (2022),1900.6788,https://mediamart.vn/smartphones/apple-iphone-se-128g-5g-white-2022,(0) ,Apple,3 GB,A15 Bionic,128 GB,4.7 inch,
https://cdn.mediamart.vn/images/product/-ZYCpbR.jpg,26.490.000 ₫,APPLE iPhone 12 Pro 256G Silver (2020),1900.6788,https://mediamart.vn/smartphones/apple-iphone-12-pro-256g-2020,(1) ,Apple,6 GB,A14 Bionic,256 GB,6.1 inch,"Silver,Blue,Gray,Gold"
https://cdn.mediamart.vn/images/product/apple-iphone-13-128g-pink-Dc4VHr.jpg,19.990.000 ₫,Apple Iphone 13 128G Pink,1900.6788,https://mediamart.vn/smartphones/apple-iphone-13-128g-pink,(1) ,Apple,4 GB,A15 Bionic,128 GB,6.1 inch,"Pink,White,Black,Green,Blue,Red"
https://cdn.mediamart.vn/images/product/apple-iphone-13-pro-max-128g-green_fbd03c86.jpg,26.990.000 ₫,Apple iphone 13 Pro Max 128G Green,1900.6788,https://mediamart.vn/smartphones/apple-iphone-13-pro-max-128g-green,(0) ,Apple,6 GB,A15 Bionic,128 GB,6.7 inch,"Blue,Green,Gold,Gray,Silver"
https://cdn.mediamart.vn/images/product/apple-iphone-se-64g-5g-white-2022_063ae8a8.jpg,12.490.000 ₫,Apple iphone SE 64G 5G White (2022),1900.6788,https://mediamart.vn/smartphones/apple-iphone-se-64g-5g-white-2022,(0) ,Apple,3 GB,A15 Bionic,64 GB,4.7 inch,
https://cdn.mediamart.vn/images/product/-d6ol63.jpg,16.490.000 ₫,APPLE iPhone 12 64G Black (2020),1900.6788,https://mediamart.vn/smartphones/apple-iphone-12-64g-2020,(1) ,Apple,,A14 Bionic,64 GB,6.1 inch,"Black,Green,White,Purple,Red"
https://cdn.mediamart.vn/images/product/apple-iphone-se-64g-5g-red-2022_41ef8042.jpg,12.490.000 ₫,Apple iphone SE 64G 5G Red (2022),1900.6788,https://mediamart.vn/smartphones/apple-iphone-se-64g-5g-red-2022,(0) ,Apple,3 GB,A15 Bionic,64 GB,4.7 inch,
https://cdn.mediamart.vn/images/product/apple-iphone-se-128g-5g-black-2022_86d41eee.jpg,13.990.000 ₫,Apple iphone SE 128G 5G Black (2022),1900.6788,https://mediamart.vn/smartphones/apple-iphone-se-128g-5g-black-2022-,(0) ,Apple,3 GB,A15 Bionic,128 GB,4.7 inch,
https://cdn.mediamart.vn/images/product/dien-thoai-itel-it1516plus-calx-A04WkW.png,990.000 ₫,Điện thoại Itel IT1516 Plus Calx,1900.6788,https://mediamart.vn/smartphones/dien-thoai-itel-it1516plus-calx,(1) ,Itel,1 GB,,8 GB,5.0 inch,
https://cdn.mediamart.vn/images/product/30500_20407_dien-thoai-lenovo-a2010-black.jpg,690.000 ₫,Điện thoại Lenovo A2010 Black,1900.6788,https://mediamart.vn/smartphones/dien-thoai-lenovo-a2010-black,(1) ,Lenovo,1 GB,MT 6735,8 GB,4.5 inch,
https://cdn.mediamart.vn/images/product/din-thoi-masstel-4g-hapi-30-gold_a6f4e4c7.jpg,2.390.000 ₫,Điện thoại Masstel 4G Hapi 30 Gold,1900.6788,https://mediamart.vn/smartphones/dien-thoai-masstel-4g-hapi-30-gold,(0) ,Masstel,3 GB,SC9863A,32 GB,6.26 inch,"Gold,Blue,Black"
https://cdn.mediamart.vn/images/product/din-thoi-realme-c21-y-4-64-den_2f810b00.jpg,4.090.000 ₫,Điện thoại Realme C21-Y (4-64) Đen,1900.6788,https://mediamart.vn/smartphones/dien-thoai-realme-c21-y-4-64-den,(0) ,Realme,4 GB,Spreadtrum T610,64 GB,6.5 inch,"Đen (2-32),Xanh (2-32),Đen (4-64),Xanh (4-64)"
https://cdn.mediamart.vn/images/product/din-thoi-vivo-2120-y15s-332gb-mau-xanh-den_35776e73.jpg,2.990.000 ₫,Điện thoại Vivo 2120-Y15s (3+32GB) xanh đen,1900.6788,https://mediamart.vn/smartphones/dien-thoai-vivo-2120-y15s-3-32gb-mau-xanh-den,(0) ,Vivo,3 GB,Helio P35,32 GB,6.51 inch,"xanh đen,trắng xanh"
https://cdn.mediamart.vn/images/product/xiaomi-redmi-note-6-pro-UjsS9A.jpg,2.890.000 ₫,Điện thoại Xiaomi Redmi Note 6 Pro 32Gb Black,1900.6788,https://mediamart.vn/smartphones/dien-thoai-xiaomi-redmi-note-6-pro-32gb-black,(1) ,Xiaomi,3 GB,Snapdragon 636,32 GB,,
https://cdn.mediamart.vn/images/product/dien-thoai-oppo-cph2325-a55-den-manh-me-dY8mRN.jpg,4.390.000 ₫,Điện thoại OPPO CPH2325 - A55 Đen Mạnh Mẽ,1900.6788,https://mediamart.vn/smartphones/dien-thoai-oppo-cph2325-a55-den-manh-me,(1) ,Oppo,4 GB,Helio G35,64 GB,6.51 inch,"Đen,Xanh,Xanh lá"
https://cdn.mediamart.vn/images/product/-0Hr17L.jpg,20.990.000 ₫,Điện thoại Samsung Galaxy Z Flip 3 F711B 5G 128GB Cream(Beige) (DM),1900.6788,https://mediamart.vn/smartphones/dien-thoai-samsung-galaxy-z-flip-128gb-beige-dm,(1) ,Samsung,8 GB,Snapdragon 888,128 GB,Chính 6.7 / Phụ 1.9,
https://cdn.mediamart.vn/images/product/din-thoi-samsung-galaxy-s20-fe-8256-g780g-blue-dm_2ca2a500.jpg,9.990.000 ₫,Điện thoại Samsung Galaxy S20 FE (8+256) G780G Blue (DM),1900.6788,https://mediamart.vn/smartphones/dien-thoai-samsung-galaxy-s20-fe-8-256-g780g-blue-dm-,(0) ,Samsung,8 GB,Snapdragon 865,256 GB,6.5 inch,
https://cdn.mediamart.vn/images/product/din-thoi-samsung-galaxy-s22-s901e-5g-8128g-den-phantom_3f7b12da.jpg,17.490.000 ₫,Điện thoại Samsung Galaxy S22 S901E 5G (8+128G) Đen Phantom,1900.6788,https://mediamart.vn/smartphones/dien-thoai-samsung-galaxy-s22-s901e-5g-8-128g-den-phantom,(0) ,Samsung,8 GB,Snapdragon 8 Gen 1,128 GB,6.1 inch,"Đen,Xanh,Hồng,Trắng"
https://cdn.mediamart.vn/images/product/dien-thoai-samsung-galaxy-a12-sm-a127f-blue-exynos850-XElakD.png,3.390.000 ₫,Điện thoại Samsung Galaxy A12 SM A127F Blue (Exynos850),1900.6788,https://mediamart.vn/smartphones/dien-thoai-samsung-galaxy-a12-sm-a127f-blue-exynos850,(1) ,Samsung,4 GB,Exynos 850,128 GB,6.5 inch,"Blue 127,Black 127,White 127,Blue 125,Black 125,White 125"
https://cdn.mediamart.vn/images/product/din-thoi-samsung-galaxy-a33-a336e-5g-xanh_dce4664e.jpg,6.390.000 ₫,Điện thoại Samsung Galaxy A33 A336E 5G Xanh,1900.6788,https://mediamart.vn/smartphones/dien-thoai-samsung-galaxy-a33-a336e-5g-xanh,(0) ,Samsung,6 GB,Exynos 1280,128 GB,6.4 inch,"Xanh,Đen,Trắng,Cam"
https://cdn.mediamart.vn/images/product/-ggO05z.jpg,4.490.000 ₫,Samsung Galaxy A22 128G A225F Đen,1900.6788,https://mediamart.vn/smartphones/samsung-galaxy-a22-128g-a225f-den,(1) ,Samsung,6 GB,Helio G80,128 GB,6.4 inch,"Đen,Xanh,Tím"
https://cdn.mediamart.vn/images/product/din-thoi-samsung-galaxy-a53-5g-a536e-128g-xanh_5a717339.jpg,9.690.000 ₫,Điện thoại Samsung Galaxy A53 5G A536E 128G Xanh,1900.6788,https://mediamart.vn/smartphones/dien-thoai-samsung-galaxy-a53-5g-a536e-128g-xanh,(0) ,Samsung,8 GB,Exynos 1280,128 GB,6.5 inch,"Xanh,Đen,Trắng,Cam"
https://cdn.mediamart.vn/images/product/din-thoi-samsung-galaxy-s21-fe-5g-8128g-g990e-xam-graphite_c4afade8.jpg,12.990.000 ₫,Điện thoại Samsung Galaxy S21 FE 5G (8+128G) G990E Xám Graphite,1900.6788,https://mediamart.vn/smartphones/dien-thoai-samsung-galaxy-s21-fe-5g-8-128g-g990e-xam-graphite,(0) ,Samsung,8 GB,Exynos 2100,128 GB,6.4 inch,"Xám (8-128),Tím (8-128)"
https://cdn.mediamart.vn/images/product/dien-thoai-samsung-galaxy-m21-smm215f-64gb-blue-RW02RF.png,3.990.000 ₫,Điện thoại Samsung Galaxy M21 SM-M215F 64GB Blue,1900.6788,https://mediamart.vn/smartphones/dien-thoai-samsung-galaxy-m21-smm215f-64gb-blue,(1) ,Samsung,4 GB,Exynos 9611,64 GB,6.4 inch,"Blue,Black,DM"
https://cdn.mediamart.vn/images/product/-xT3a0f.jpg,30.990.000 ₫,Điện thoại Samsung Galaxy Z Fold 3 5G 256G Đen Phantom,1900.6788,https://mediamart.vn/smartphones/dien-thoai-samsung-galaxy-z-fold-3-5g-256g-den-phantom,(1) ,Samsung,12 GB,Snapdragon 888,256 GB,Chính 7.6 / Phụ 6.2,"Đen 256G,Xanh 256G,Bạc 256G,Đen 512G,Xanh 512G,Bạc 512G"
https://cdn.mediamart.vn/images/product/-t76bj5.jpg,6.490.000 ₫,Điện thoại Samsung Galaxy A52 128G A525F Đen,1900.6788,https://mediamart.vn/smartphones/dien-thoai-samsung-galaxy-a52-128g-a525f-den,(1) ,Samsung,8 GB,Snapdragon 720G,128 GB,6.5 inch,"Đen,Tím,Xanh"
https://cdn.mediamart.vn/images/product/-IdR59Q.jpg,30.990.000 ₫,Điện thoại Samsung Galaxy Fold 3 256GB Đen (DM),1900.6788,https://mediamart.vn/smartphones/dien-thoai-samsung-galaxy-fold-3-256gb-den-dm,(1) ,Samsung,12 GB,Snapdragon 888,256 GB,Chính 7.6 / Phụ 6.2,
https://cdn.mediamart.vn/images/product/dien-thoai-samsung-galaxy-a03s-sma037-64g-blue-BHgq0C.jpg,3.490.000 ₫,Điện thoại Samsung Galaxy A03s SM-A037 64G Xanh,1900.6788,https://mediamart.vn/smartphones/dien-thoai-samsung-galaxy-a03s-sma037-64g-xanh,(1) ,Samsung,4 GB,Helio P35,64 GB,6.5 inch,"Xanh,Đen,Trắng"
https://cdn.mediamart.vn/images/product/din-thoi-samsung-galaxy-a03-332gb-den_0dc00d50.jpg,2.890.000 ₫,Điện thoại Samsung Galaxy A03 3+32GB Đen,1900.6788,https://mediamart.vn/smartphones/dien-thoai-samsung-galaxy-a03-3-32gb-den,(0) ,Samsung,3 GB,Unisoc T606,32 GB,6.5 inch,"Đen,Đỏ,Xanh"
https://cdn.mediamart.vn/images/product/-38x5J9.jpg,25.990.000 ₫,Điện thoại Samsung Galaxy Z Fold 2 5G SM-F916 256G Brown,1900.6788,https://mediamart.vn/smartphones/dien-thoai-samsung-galaxy-fold-2-5g,(1) ,Samsung,12 GB,Snapdragon 865+,256 GB,Chính 7.59/ Phụ 6.23,"Brown,Black"
https://cdn.mediamart.vn/images/product/din-thoi-samsung-galaxy-s22-s906e-8128g-xanh-green_90e8eb29.jpg,25.990.000 ₫,Điện thoại Samsung Galaxy S22+ S906E (8+128G) Xanh Green (DM),1900.6788,https://mediamart.vn/smartphones/dien-thoai-samsung-galaxy-s22-s906e-8-128g-xanh-green-dm-,(0) ,Samsung,8 GB,Snapdragon 8 Gen 1,128 GB,6.6 inch,
https://cdn.mediamart.vn/images/product/din-thoi-samsung-galaxy-s22-ultra-5g-s908e-8128g-den-phantom_e4865b11.jpg,25.990.000 ₫,Điện thoại Samsung Galaxy S22 Ultra 5G S908E (8+128G) Đen Phantom,1900.6788,https://mediamart.vn/smartphones/dien-thoai-samsung-galaxy-s22-ultra-5g-s908e-8-128g-den-phantom,(0) ,Samsung,8 GB,Snapdragon 8 Gen 1,128 GB,6.8 inch,"Đen,Trắng,Đỏ,Xanh"
https://cdn.mediamart.vn/images/product/din-thoi-samsung-galaxy-s22-s906e-5g-8128g-den-phantom_1a5ef5db.jpg,20.990.000 ₫,Điện thoại Samsung Galaxy S22+ S906E 5G (8+128G) Đen Phantom,1900.6788,https://mediamart.vn/smartphones/dien-thoai-samsung-galaxy-s22-s906e-5g-8-128g-den-phantom,(0) ,Samsung,8 GB,Snapdragon 8 Gen 1,128 GB,6.6 inch,"Đen (8-128),Trắng (8-128),Hồng (8-128),Xanh (8-128),Hông (8-256),Trắng (8-256),Đen (8-256),Xanh (8-256)"
https://cdn.mediamart.vn/images/product/din-thoi-samsung-galaxy-a13-4g128g-a135f-den_02081736.jpg,4.490.000 ₫,Điện thoại Samsung Galaxy A13 (4G+128G) A135F Đen,1900.6788,https://mediamart.vn/smartphones/dien-thoai-galaxy-a13-4g-128g-a135f-den,(0) ,Samsung,4 GB,Exynos 850,128 GB,6.6 inch,"Đen,Xanh,Cam"
https://cdn.mediamart.vn/images/product/din-thoi-samsung-galaxy-a23-4g128g-a235f-xanh_8b38f575.jpg,5.190.000 ₫,Điện thoại Samsung Galaxy A23 (4G+128G) A235F Xanh,1900.6788,https://mediamart.vn/smartphones/dien-thoai-samsung-galaxy-a23-4g-128g-a235f-xanh,(0) ,Samsung,4 GB,Snapdragon 680,128 GB,6.6 inch,"Xanh,Đen,Cam"
https://cdn.mediamart.vn/images/product/-8KiktX.jpg,3.090.000 ₫,Điện thoại OPPO CPH2185-A15 3GB/32GB Đen,1900.6788,https://mediamart.vn/smartphones/dien-thoai-oppo-cph2185a15-3gb32gb-den,(1) ,Oppo,3 GB,Helio P35,32 GB,6.52 inch,"Đen,Trắng"
https://cdn.mediamart.vn/images/product/din-thoi-oppo-cph2375---a76-xanh-thi-thung_382ecd4c.jpg,5.490.000 ₫,Điện thoại OPPO CPH2375 - A76 Xanh Thời Thượng,1900.6788,https://mediamart.vn/smartphones/dien-thoai-oppo-cph2375-a76-xanh-thoi-thuong,(0) ,Oppo,6 GB,Snapdragon 680,128 GB,6.56 inch,"Xanh,Đen"
https://cdn.mediamart.vn/images/product/dien-thoai-oppo-a54-den-d7E8y7.jpg,3.990.000 ₫,Điện thoại OPPO CPH2239 - A54 Đen,1900.6788,https://mediamart.vn/smartphones/dien-thoai-oppo-a54,(1) ,Oppo,4 GB,Helio P35,128 GB,6.5 inch,"Đen,Xanh"
https://cdn.mediamart.vn/images/product/din-thoi-oppo-cph2365---a95-bc-pha-cach_60d34355.jpg,6.290.000 ₫,Điện thoại OPPO CPH2365 - A95 Bạc Phá Cách,1900.6788,https://mediamart.vn/smartphones/dien-thoai-oppo-cph2365-a95-bac-pha-cach,(0) ,Oppo,8 GB,Snapdragon 662,128 GB,6.43 inch,"Bạc,Đen"
https://cdn.mediamart.vn/images/product/dien-thoai-oppo-cph2043reno3-den-dm-8eD7eB.png,5.490.000 ₫,Điện thoại Oppo CPH2043-Reno 3 Đen (DM),1900.6788,https://mediamart.vn/smartphones/dien-thoai-oppo-cph2043reno3-den-dm,(1) ,Oppo,8 GB,Helio P90,128 GB,6.4 inch,
https://cdn.mediamart.vn/images/product/-6DsWdC.jpg,6.490.000 ₫,Điện thoại OPPO CPH2203 - A94 Đen,1900.6788,https://mediamart.vn/smartphones/dien-thoai-oppo-cph2203-a94-den,(1) ,Oppo,8 GB,Helio P95,128 GB,6.4 inch,"Đen,Tím"
https://cdn.mediamart.vn/images/product/din-thoi-oppo-cph2269---a16-3gb-den-mnh-m_0ce6a107.jpg,3.790.000 ₫,Điện thoại OPPO CPH2269 - A16 3GB Đen Mạnh Mẽ,1900.6788,https://mediamart.vn/smartphones/dien-thoai-oppo-cph2269-a16-3gb-den-manh-me,(0) ,Oppo,3 GB,Helio G35,32 GB,6.52 inch,"Đen,Bạc"
https://cdn.mediamart.vn/images/product/din-thoi-oppo-cph2363---reno7-4g-den_5d0f6088.jpg,8.490.000 ₫,Điện thoại OPPO CPH2363 - Reno7 4G Đen,1900.6788,https://mediamart.vn/smartphones/dien-thoai-oppo-cph2363-reno7-4g-den,(0) ,Oppo,8 GB,Snapdragon 680,128 GB,6.4 inch,"Đen,Cam"
https://cdn.mediamart.vn/images/product/-a7clWX.jpg,6.490.000 ₫,Điện thoại Oppo A93 (8G+128G) Đen,1900.6788,https://mediamart.vn/smartphones/dien-thoai-oppo-a93-8g-128g-den,(1) ,Oppo,8 GB,Helio P95,128 GB,6.43 inch,
https://cdn.mediamart.vn/images/product/-tyNMc8.png,5.990.000 ₫,Điện thoại OPPO CPH2159 Reno 5 Silver,1900.6788,https://mediamart.vn/smartphones/dien-thoai-oppo-cph2159-reno5-trang,(1) ,Oppo,8 GB,Snapdragon 720G,128 GB,6.43 inch,
https://cdn.mediamart.vn/images/product/dien-thoai-oppo-cph2219-a74-den-qO1726.jpg,5.590.000 ₫,Điện thoại Oppo CPH2219 - A74 Đen,1900.6788,https://mediamart.vn/smartphones/dien-thoai-oppo-cph2219-a74-den,(1) ,Oppo,8 GB,Snapdragon 662,128 GB,6.43 inch,"Đen,Xanh"
https://cdn.mediamart.vn/images/product/din-thoi-oppo-cph2387---a57-den_0d1b1a58.jpg,4.490.000 ₫,Điện thoại OPPO CPH2387 - A57 Đen,1900.6788,https://mediamart.vn/smartphones/dien-thoai-oppo-cph2387-a57-den,(0) ,Oppo,4 GB,,64 GB,6.56 inch,"Đen,Xanh"
https://cdn.mediamart.vn/images/product/dien-thoai-oppo-cph2113-reno4-tim-2v3cv4.jpg,5.990.000 ₫,Điện thoại OPPO CPH2113 Reno 4 Tím,1900.6788,https://mediamart.vn/smartphones/dien-thoai-oppo-cph2113-reno4-tim,(1) ,Oppo,8 GB,Snapdragon 720G,128 GB,6.4 inch,
https://cdn.mediamart.vn/images/product/din-thoi-oppo-cph2343---reno7-z-5g-den_ed63624c.jpg,9.690.000 ₫,Điện thoại OPPO CPH2343 - Reno7 Z 5G Đen,1900.6788,https://mediamart.vn/smartphones/dien-thoai-oppo-cph2343-reno7-z-5g-den,(0) ,Oppo,8 GB,Snapdragon 695,128 GB,6.43 inch,"7z Đen,7z Bạc"
https://cdn.mediamart.vn/images/product/din-thoi-oppo-cph2349---a16k-xanh-thi-thung_6a59751e.jpg,3.190.000 ₫,Điện thoại OPPO CPH2349 - A16k Xanh thời thượng,1900.6788,https://mediamart.vn/smartphones/dien-thoai-oppo-cph2349-a16k-xanh-thoi-thuong,(0) ,Oppo,3 GB,MT6765,32 GB,6.52 inch,"Xanh thời thượng,Đen mạnh mẽ,Đen bí ẩn"
https://cdn.mediamart.vn/images/product/-Boa3Ze.jpg,7.490.000 ₫,Điện thoại OPPO CPH2237 - Reno 6Z 5G Đen,1900.6788,https://mediamart.vn/smartphones/dien-thoai-oppo-cph2237-reno-6z-5g-den,(1) ,Oppo,8 GB,Dimensity 800U,128 GB,6.43 inch,"Đen,Bạc"
https://cdn.mediamart.vn/images/product/dien-thoai-xiaomi-redmi-note-6-pro-32gb-blue-yo0C3W.png,2.890.000 ₫,Điện thoại Xiaomi Redmi Note 6 Pro 32Gb Blue,1900.6788,https://mediamart.vn/smartphones/dien-thoai-xiaomi-redmi-note-6-pro-32gb-blue,(1) ,Xiaomi,3 GB,Snapdragon 636,32 GB,,
https://cdn.mediamart.vn/images/product/dien-thoai-xiaomi-redmi-10-464-xam-973iFJ.jpg,3.990.000 ₫,Điện thoại Xiaomi Redmi 10 (4+64) Xám,1900.6788,https://mediamart.vn/smartphones/dien-thoai-xiaomi-redmi-10-4-64-xam,(1) ,Xiaomi,4 GB,Helio G88,64 GB,6.5 inch,"Xám (4-64),Trắng (4-64),Xanh (4-128),Trắng (4-128)"
https://cdn.mediamart.vn/images/product/din-thoi-xiaomi-redmi-note-11-464-xam_6706cc42.jpg,4.590.000 ₫,Điện thoại Xiaomi Redmi Note 11 (4+64) Xám,1900.6788,https://mediamart.vn/smartphones/dien-thoai-xiaomi-redmi-note-11-4-64-xam,(0) ,Xiaomi,4 GB,Snapdragon 680,64 GB,6.43 inch,"Xám (4-64),Xanh (4-64),Xanh nhạt (4-64),Xám (4+128),Xanh (4+128),Xanh nhạt (4+128)"
https://cdn.mediamart.vn/images/product/din-thoi-xiaomi-redmi-10a-232-xanh_3866132a.jpg,2.890.000 ₫,Điện thoại Xiaomi Redmi 10A (2+32) Xanh,1900.6788,https://mediamart.vn/smartphones/dien-thoai-xiaomi-redmi-10a-2-32-xanh,(0) ,Xiaomi,2 GB,Helio G25,32 GB,6.53 inch,"Xanh,Xám,Bạc"
https://cdn.mediamart.vn/images/product/din-thoi-xiaomi-redmi-note-11-pro-5g-8128g-xanh-duong-dm_4031e687.jpg,8.990.000 ₫,Điện thoại Xiaomi Redmi Note 11 Pro 5G (8+128G) Xanh Dương (DM),1900.6788,https://mediamart.vn/smartphones/dien-thoai-xiaomi-redmi-note-11-pro-5g-8-128g-xanh-duong-dm-,(0) ,Xiaomi,8 GB,Snapdragon 695,128 GB,6.67 inch,
https://cdn.mediamart.vn/images/product/-n0A3jY.jpg,5.990.000 ₫,Điện thoại Xiaomi Redmi Note 10s (8+128) Xám,1900.6788,https://mediamart.vn/smartphones/dien-thoai-xiaomi-redmi-note-10s-8-128,(1) ,Xiaomi,8 GB,Helio G95,128 GB,6.43 inch,
https://cdn.mediamart.vn/images/product/-kJOAJK.jpg,3.990.000 ₫,Điện thoại Xiaomi Redmi 10 (4+64) Trắng DM,1900.6788,https://mediamart.vn/smartphones/dien-thoai-xiaomi-redmi-10-4-64-trang-dm,(1) ,Xiaomi,4 GB,Helio G88,64 GB,6.5 inch,
https://cdn.mediamart.vn/images/product/din-thoi-xiaomi-redmi-note-11-pro-5g-8128g-xam_e397cb65.jpg,8.990.000 ₫,Điện thoại Xiaomi Redmi Note 11 Pro 5G (8+128G) Xám,1900.6788,https://mediamart.vn/smartphones/dien-thoai-xiaomi-redmi-note-11-pro-5g-8-128g-xam,(0) ,Xiaomi,8 GB,Snapdragon 695,128 GB,6.67 inch,"Xám,Xanh"
https://cdn.mediamart.vn/images/product/dien-thoai-xiaomi-redmi-9c-364-xam-4f0546.jpg,2.990.000 ₫,Điện thoại Xiaomi REDMI 9C (3+64) Xám,1900.6788,https://mediamart.vn/smartphones/dien-thoai-xiaomi-redmi-9c-3-64-xam,(1) ,Xiaomi,3 GB,Helio G35,64 GB,6.53 inch,"Xám (3+64),Xanh (3+64),Xám (4+128),Tím (4+128)"
https://cdn.mediamart.vn/images/product/dien-thoai-xiaomi-redmi-9a-232-xanh-la-EbXAmv.jpg,2.190.000 ₫,Điện thoại Xiaomi REDMI 9A (2+32) Xanh lá,1900.6788,https://mediamart.vn/smartphones/dien-thoai-xiaomi-redmi-9a-2-32-xanh-la,(1) ,Xiaomi,2 GB,Helio G25,32 GB,6.53 inch,"Xanh lá,Xám,Xanh dương"
https://cdn.mediamart.vn/images/product/dien-thoai-xiaomi-redmi-9c-4128-xam-V9RSy6.jpg,3.290.000 ₫,Điện thoại Xiaomi Redmi 9C (4+128) Xám,1900.6788,https://mediamart.vn/smartphones/dien-thoai-xiaomi-redmi-9c-4-128-xam,(1) ,Xiaomi,4 GB,Helio G35,128 GB,6.53 inch,"Xám (3+64),Xanh (3+64),Xám (4+128),Tím (4+128)"
https://cdn.mediamart.vn/images/product/dien-thoai-xiaomi-redmi-10-464-xam-dm-r51b23.jpg,3.990.000 ₫,Điện thoại Xiaomi Redmi 10 (4+64) Xám DM,1900.6788,https://mediamart.vn/smartphones/dien-thoai-xiaomi-redmi-10-4-64-xam-dm,(1) ,Xiaomi,4 GB,Helio G88,64 GB,6.5 inch,
https://cdn.mediamart.vn/images/product/din-thoi-xiaomi-redmi-10-4128-xanh-duong_a6f0b79a.jpg,4.090.000 ₫,Điện thoại Xiaomi Redmi 10 (4+128) Xanh Dương,1900.6788,https://mediamart.vn/smartphones/dien-thoai-xiaomi-redmi-10-4-128-xanh-duong,(0) ,Xiaomi,4 GB,Helio G88,128 GB,6.5 inch,"Xám (4-64),Trắng (4-64),Xanh (4-128),Trắng (4-128)"
https://cdn.mediamart.vn/images/product/din-thoi-xiaomi-11-lite-5g-ne-den-8128_3520bc97.jpg,8.290.000 ₫,Điện thoại Xiaomi 11 Lite 5G NE Đen (8+128),1900.6788,https://mediamart.vn/smartphones/dien-thoai-xiaomi-11-lite-5g-ne-den,(1) ,Xiaomi,8 GB,Snapdragon 778G,128 GB,6.55 inch,"Đen,Hồng,Xanh"
https://cdn.mediamart.vn/images/product/din-thoi-xiaomi-redmi-note-11-4128-xam_24aed55b.jpg,4.890.000 ₫,Điện thoại Xiaomi Redmi Note 11 (4+128) Xám,1900.6788,https://mediamart.vn/smartphones/dien-thoai-xiaomi-redmi-note-11-4-128-xam,(0) ,Xiaomi,4 GB,Snapdragon 680,128 GB,6.43 inch,"Xám (4-64),Xanh (4-64),Xanh nhạt (4-64),Xám (4+128),Xanh (4+128),Xanh nhạt (4+128)"
https://cdn.mediamart.vn/images/product/-WFPwT1.jpg,2.490.000 ₫,Điện thoại Vivo V2027-Y20 (4+64GB) Xanh (DM),1900.6788,https://mediamart.vn/smartphones/dien-thoai-vivo-v2027y20-4-64gb-xanh-dm,(1) ,Vivo,4 GB,Snapdragon 460,64 GB,6.51 inch,
https://cdn.mediamart.vn/images/product/din-thoi-vivo-v2111---y21-464gb-xanh-tim_df87fafb.jpg,3.790.000 ₫,Điện thoại Vivo V2111 - Y21 (4+64Gb) Xanh Tím,1900.6788,https://mediamart.vn/smartphones/dien-thoai-vivo-v2111-y21-4-64gb-xanh-tim,(0) ,Vivo,4 GB,Helio P35,64 GB,6.51 inch,"Xanh,Trắng"
https://cdn.mediamart.vn/images/product/dien-thoai-vivo-1933v19-8128gb-bac-EljtjO.png,5.490.000 ₫,Điện thoại Vivo 1933-V19 (8+128GB) Bạc,1900.6788,https://mediamart.vn/smartphones/dien-thoai-vivo-1933v19-8-128gb-bac,(1) ,Vivo,8 GB,Snapdragon 712,128 GB,6.4 inch,"Bạc,Đen"
https://cdn.mediamart.vn/images/product/dien-thoai-vivo-1938y30-4128gb-trang-dm-A3eaYx.jpg,2.790.000 ₫,Điện thoại Vivo 1938-Y30 (4+128Gb) Trắng (DM),1900.6788,https://mediamart.vn/smartphones/dien-thoai-vivo-1938y30-4-128gb-trang-dm,(1) ,Vivo,4 GB,Helio P35,128 GB,,
https://cdn.mediamart.vn/images/product/-jR5b8g.jpg,2.990.000 ₫,Điện thoại Vivo 1915-Y19 (6+126GB)(Đen) (DM),1900.6788,https://mediamart.vn/smartphones/dien-thoai-vivo-1915y19-6-126gb-black-dm,(1) ,Vivo,6 GB,,128 GB,6.53 inch,
https://cdn.mediamart.vn/images/product/dien-thoai-vivo-1935y50-8128gb-den-ppRjD5.png,4.290.000 ₫,Điện thoại Vivo 1935-Y50 (8+128GB) Đen,1900.6788,https://mediamart.vn/smartphones/dien-thoai-vivo-1935y50-8-128gb-den,(1) ,Vivo,8 GB,Snapdragon 665,128 GB,6.53 inch,"Đen,Xanh,DM"
https://cdn.mediamart.vn/images/product/dtdd-vivo-1920s1-pro-8128gb-den-dm-qO9j80.png,4.990.000 ₫,Điện thoại Vivo 1920-S1 Pro (8+128GB) Đen (DM),1900.6788,https://mediamart.vn/smartphones/dtdd-vivo-1920s1-pro-8-128gb-den-dm,(1) ,Vivo,8 GB,Snapdragon 665,128 GB,6.4 inch,
https://cdn.mediamart.vn/images/product/din-thoi-realme-c11-2021-2-32-xanh_1833db42.jpg,2.690.000 ₫,Điện thoại Realme C11 2021 (2-32) Xanh,1900.6788,https://mediamart.vn/smartphones/dien-thoai-realme-c11-2021-2-32-xanh,(0) ,Realme,2 GB,Spreadtrum SC9863A,32 GB,6.5 inch,"Xanh (2-32),Xám (2-32),Xanh (4-64),Xám (4-64)"
https://cdn.mediamart.vn/images/product/dien-thoai-realme-5i-464gb-rmx2032-xanh-la-dm-g05j2L.jpg,3.490.000 ₫,Điện Thoại Realme 5i (4+64Gb) - RMX2032 Xanh lá (DM),1900.6788,https://mediamart.vn/smartphones/dien-thoai-realme-5i-4-64gb-rmx2032-xanh-la-dm,(1) ,Realme,4 GB,Snapdragon 665,64 GB,6.52 inch,
https://cdn.mediamart.vn/images/product/din-thoi-realme-rmx3269---realme-c25y-4-128-xanh_502f474b.jpg,4.990.000 ₫,Điện thoại Realme RMX3269 - Realme C25Y (4-128) Xanh,1900.6788,https://mediamart.vn/smartphones/dien-thoai-realme-rmx3269-realme-c25y-4-128-xanh,(0) ,Realme,4 GB,Unisoc T618,128 GB,6.5 inch,"Xanh,Xám"
https://cdn.mediamart.vn/images/product/din-thoi-realme-c11-2021-4-64-xanh_462ffcf0.jpg,3.790.000 ₫,Điện thoại Realme C11 2021 (4-64) Xanh,1900.6788,https://mediamart.vn/smartphones/dien-thoai-realme-c11-2021-4-64-xanh,(0) ,Realme,4 GB,Spreadtrum SC9863A,64 GB,6.5 inch,"Xanh (2-32),Xám (2-32),Xanh (4-64),Xám (4-64)"
https://cdn.mediamart.vn/images/product/din-thoi-realme-c21-y-3-32-den_e70f26ba.jpg,3.490.000 ₫,Điện thoại Realme C21-Y (3-32) Đen,1900.6788,https://mediamart.vn/smartphones/dien-thoai-realme-c21-y-3-32-den,(0) ,Realme,3 GB,Spreadtrum T610,32 GB,6.5 inch,"Đen (2-32),Xanh (2-32),Đen (4-64),Xanh (4-64)"
https://cdn.mediamart.vn/images/product/dien-thoai-realme-5-pro-4128-xanh-dai-duong-dm-0Dx2D4.jpg,3.990.000 ₫,Điện thoại Realme 5 pro (4+128) - Xanh đại dương (DM),1900.6788,https://mediamart.vn/smartphones/dien-thoai-realme-5-pro-4-128-xanh-dai-duong-dm,(1) ,Realme,4 GB,Snapdragon 712,128 GB,6.3 inch,
https://cdn.mediamart.vn/images/product/dien-thoai-itel-it1508-plus-dark-blue-o5JC5m.png,790.000 ₫,Điện thoại Itel it1508 Plus Dark Blue,1900.6788,https://mediamart.vn/smartphones/dien-thoai-itel-it1508-plus-dark-blue,(1) ,Itel,1 GB,,8 GB,5.0 inch,
https://cdn.mediamart.vn/images/product/dien-thoai-itel-it1508-plus-champagne-gold-N0b674.png,790.000 ₫,Điện thoại Itel it1508 Plus Champagne Gold,1900.6788,https://mediamart.vn/smartphones/dien-thoai-itel-it1508-plus-champagne-gold,(1) ,Itel,1 GB,,8 GB,5.0 inch,
https://cdn.mediamart.vn/images/product/dien-thoai-itel-it1516plus-silver-8Oy56S.png,990.000 ₫,Điện thoại Itel IT1516Plus silver,1900.6788,https://mediamart.vn/smartphones/dien-thoai-itel-it1516plus-silver,(1) ,Itel,1 GB,,8 GB,5.0 inch,
https://cdn.mediamart.vn/images/product/-03h359.png,690.000 ₫,Điện thoại Itel A13 CALX,1900.6788,https://mediamart.vn/smartphones/dien-thoai-itel-a13-calx,(1) ,Itel,,,,5.0 inch,
https://cdn.mediamart.vn/images/product/dien-thoai-itel-it1508-plus-calx-0ltxeo.jpg,790.000 ₫,Điện thoại  Itel it1508 Plus Calx,1900.6788,https://mediamart.vn/smartphones/dien-thoai-itel-it1508-plus-calx,(1) ,Itel,1 GB,,8 GB,5.0 inch,
https://cdn.mediamart.vn/images/product/dien-thoai-itel-s12-champagne-gold-faPTMG.png,990.000 ₫,Điện thoại Itel S12 Champagne Gold,1900.6788,https://mediamart.vn/smartphones/dien-thoai-itel-s12-champagne-gold,(1) ,Itel,1 GB,,8 GB,5.0 inch,
https://cdn.mediamart.vn/images/product/dien-thoai-itel-p11-gold-7g9rj1.jpg,1.550.000 ₫,Điện thoại Itel P11 Gold,1900.6788,https://mediamart.vn/smartphones/dien-thoai-itel-p11-gold,(1) ,Itel,1 GB,SC7731C,8 GB,5.0 inch,
https://cdn.mediamart.vn/images/product/dien-thoai-itel-a32f-blue-6tdA8i.jpg,1.350.000 ₫,Điện thoại Itel A32F Blue,1900.6788,https://mediamart.vn/smartphones/dien-thoai-itel-a32f-blue,(1) ,Itel,1 GB,MT6737,8 GB,5.0 inch,
https://cdn.mediamart.vn/images/product/dien-thoai-itel-a32f-black-cSr9de.jpg,1.350.000 ₫,Điện thoại Itel A32F Black,1900.6788,https://mediamart.vn/smartphones/dien-thoai-itel-a32f-black,(1) ,Itel,1 GB,MT6737,8 GB,5.0 inch,
https://cdn.mediamart.vn/images/product/dien-thoai-itel-a32f-rose-gold-Y3O25Z.jpg,1.350.000 ₫,Điện thoại Itel A32F Rose Gold,1900.6788,https://mediamart.vn/smartphones/dien-thoai-itel-a32f-rose-gold,(1) ,Itel,1 GB,MT6737,8 GB,5.0 inch,
https://cdn.mediamart.vn/images/product/dien-thoai-itel-p11-calx-l3OAak.jpg,1.550.000 ₫,Điện thoại Itel P11 Calx,1900.6788,https://mediamart.vn/smartphones/dien-thoai-itel-p11-calx,(1) ,Itel,1 GB,SC7731C,8 GB,5.0 inch,
https://cdn.mediamart.vn/images/product/-37ymCg.jpg,6.990.000 ₫,Apple Iphone 6S Plus 32G Gold (VN/A),1900.6788,https://mediamart.vn/smartphones/apple-iphone-6s-plus-32g-gold-vna,(1) ,Apple,2 GB,A9,32 GB,5.5 inch,
https://cdn.mediamart.vn/images/product/apple-iphone-13-pro-max-512g-blue-Z6BJGr.jpg,34.990.000 ₫,Apple Iphone 13 Pro Max 512G Blue,1900.6788,https://mediamart.vn/smartphones/apple-iphone-13-pro-max-512g-blue,(1) ,Apple,6 GB,A15 Bionic,512 GB,6.7 inch,"Blue,Green,Silver,Gold,Gray"
https://cdn.mediamart.vn/images/product/apple-iphone-13-256g-black-XpQHLz.jpg,21.990.000 ₫,Apple Iphone 13 256G Black,1900.6788,https://mediamart.vn/smartphones/apple-iphone-13-256g-black,(1) ,Apple,4 GB,A15 Bionic,256 GB,6.1 inch,"Black,Pink,White,Green,Blue,Red"
https://cdn.mediamart.vn/images/product/apple-iphone-13-pro-128g-silver-ThXqdD.jpg,24.990.000 ₫,Apple Iphone 13 Pro 128G Silver,1900.6788,https://mediamart.vn/smartphones/apple-iphone-13-pro-128g-silver,(1) ,Apple,6 GB,A15 Bionic,128 GB,6.1 inch,"Silver,Green,Blue,Gold,Gray"
https://cdn.mediamart.vn/images/product/-CpB7DW.jpg,11.490.000 ₫,Apple Iphone 11 64G White,1900.6788,https://mediamart.vn/smartphones/apple-iphone-11-64gb-white,(1) ,Apple,4 GB,A13 Bionic,64 GB,6.1 inch,"White,Black,Red,Purple,Green"
https://cdn.mediamart.vn/images/product/apple-iphone-13-512g-blue_aca6e6dd.jpg,32.990.000 ₫,Apple Iphone 13 512G Blue,1900.6788,https://mediamart.vn/smartphones/apple-iphone-13-512g-blue,(1) ,Apple,4 GB,A15 Bionic,512 GB,6.1 inch,"Blue,Green,Pink,Black,White,Red"
https://cdn.mediamart.vn/images/product/apple-iphone-se-64g-5g-black-2022_8a02dfc6.jpg,12.490.000 ₫,Apple iphone SE 64G 5G Black (2022),1900.6788,https://mediamart.vn/smartphones/apple-iphone-se-64g-5g-black-2022-,(0) ,Apple,3 GB,A15 Bionic,64 GB,4.7 inch,
https://cdn.mediamart.vn/images/product/-8zUD9g.jpg,12.990.000 ₫,Apple iphone 11 128G Black,1900.6788,https://mediamart.vn/smartphones/apple-iphone-11-128g-black,(1) ,Apple,4 GB,A13 Bionic,128 GB,6.1 inch,"Black,White,Red,Purple,Green"
https://cdn.mediamart.vn/images/product/-IUJC6L.jpg,20.990.000 ₫,APPLE iPhone 12 128G Green (2020),1900.6788,https://mediamart.vn/smartphones/apple-iphone-12-128g-green-2020,(1) ,Apple,4 GB,A14 Bionic,128 GB,6.1 inch,"Green,Purple,White"
https://cdn.mediamart.vn/images/product/apple-iphone-13-pro-max-256g-blue-lH4dGm.jpg,29.990.000 ₫,Apple Iphone 13 Pro Max 256G Blue,1900.6788,https://mediamart.vn/smartphones/apple-iphone-13-pro-max-256g-blue,(1) ,Apple,6 GB,A15 Bionic,256 GB,6.7 inch,"Blue,Green,Gray,Silver,Gold"
https://cdn.mediamart.vn/images/product/apple-iphone-se-128g-5g-red-2022_59c72fa2.jpg,13.990.000 ₫,Apple iphone SE 128G 5G Red (2022),1900.6788,https://mediamart.vn/smartphones/apple-iphone-se-128g-5g-red-2022,(0) ,Apple,3 GB,A15 Bionic,128 GB,4.7 inch,
