url,title,pathImg,price,model,producer,origin,year,hdh,chip,ram,memory,size
https://www.nguyenkim.com/dien-thoai-xiaomi-redmi-9a-2gb-32gb-xanh-duong.html,Điện thoại Xiaomi Redmi 9A 2GB/32GB Xanh dương,https://cdn.nguyenkimmall.com/images/thumbnails/600/336/detailed/691/10046547-dien-thoai-xiaomi-redmi-9a-2gb-32gb-xanh-duong-1.jpg,2.290.000đ, REDMI 9A , Xiaomi , Trung Quốc , 2020 , Android 10 , MediaTek Helio G25 8 nhân , 2 GB , 32 GB , Dài 164.9 mm - Ngang 77.07 mm - Dày 9 mm 
https://www.nguyenkim.com/dien-thoai-samsung-galaxy-a52-4g-8gb-128gb-xanh.html,Điện thoại Samsung Galaxy A52 4G 8GB/128GB Xanh,https://cdn.nguyenkimmall.com/images/detailed/716/10048676-dien-thoai-samsung-galaxy-a52-4g-128gb-xanh-1.jpg,6.290.000đ, SM-A525F/DS , Samsung , Việt Nam ,,, Vi xử lý 8 nhân Snapdragon 720G , 8GB , 128GB ,
https://www.nguyenkim.com/dien-thoai-samsung-galaxy-a32-4g-6gb-128gb-xanh.html,Điện thoại Samsung Galaxy A32 4G 6GB/128GB Xanh,https://cdn.nguyenkimmall.com/images/thumbnails/600/336/detailed/717/10048673-dien-thoai-samsung-galaxy-a32-4g-128gb-xanh-1_7t44-z0.jpg,5.650.000đ, SM-A325F/DS , Samsung , Việt Nam ,,," Vi xử lý Helio G80 (12nm), Octa-core 2.0GHz ", 6GB , 128GB ,
https://www.nguyenkim.com/dien-thoai-samsung-galaxy-a52-4g-8gb-128gb-den.html,Điện thoại Samsung Galaxy A52 4G 8GB/128GB Đen,https://cdn.nguyenkimmall.com/images/thumbnails/600/336/detailed/716/10048677-dien-thoai-samsung-galaxy-a52-4g-128gb-den-1.jpg,6.290.000đ, SM-A525F/DS , Samsung , Việt Nam ,,, Vi xử lý 8 nhân Snapdragon 720G , 8GB , 128GB ,
https://www.nguyenkim.com/samsung-galaxy-a32-4g-6gb-128gb-tim.html,Điện thoại Samsung Galaxy A32 4G 6GB/128GB Tím,https://cdn.nguyenkimmall.com/images/thumbnails/600/336/detailed/717/10048672-dien-thoai-samsung-galaxy-a32-4g-128gb-tim-1.jpg,5.650.000đ, SM-A325F/DS , Samsung , Việt Nam , 2021 , 	Android ," Vi xử lý Helio G80 (12nm), Octa-core 2.0GHz ", 6GB , 128GB ,
https://www.nguyenkim.com/dien-thoai-samsung-galaxy-s20-fe-8gb-256gb-xanh.html,Điện thoại Samsung Galaxy S20 FE 8GB/256GB Xanh,https://cdn.nguyenkimmall.com/images/detailed/728/10049352-dien-thoai-samsung-galaxy-s20-fe-8gb-256gb-xanh.jpg,10.290.000đ, GALAXYS20F (SM-G780F/DS) , Samsung , Việt Nam ,,,, 8 GB , 256 GB ,
https://www.nguyenkim.com/dien-thoai-samsung-galaxy-a72-4g-8gb-256gb-den.html,Điện thoại Samsung Galaxy A72 4G 8GB/256GB Đen,https://cdn.nguyenkimmall.com/images/thumbnails/600/336/detailed/716/10048740-dien-thoai-samsung-galaxy-a72-4g-256gb-den-1.jpg,11.490.000đ, SM-A725F/DS , Samsung , Việt Nam ,,, Vi xử lý 8 nhân Snapdragon 720G , 8GB , 256GB ,
https://www.nguyenkim.com/dien-thoai-samsung-galaxy-a32-4g-6gb-128gb-den.html,Điện thoại Samsung Galaxy A32 4G 6GB/128GB Đen,https://cdn.nguyenkimmall.com/images/thumbnails/600/336/detailed/716/10048674-dien-thoai-samsung-galaxy-a32-4g-128gb-den-1.jpg,5.650.000đ, SM-A325F/DS , Samsung , Việt Nam ,,," Vi xử lý Helio G80 (12nm), Octa-core 2.0GHz ", 6GB , 128GB ,
https://www.nguyenkim.com/dien-thoai-samsung-galaxy-a72-4g-8gb-256gb-tim.html,Điện thoại Samsung Galaxy A72 4G 8GB/256GB Tím,https://cdn.nguyenkimmall.com/images/thumbnails/600/336/detailed/716/10048738-dien-thoai-samsung-galaxy-a72-4g-256gb-tim-1.jpg,11.490.000đ, SM-A725F/DS , Samsung , Việt Nam ,,, Vi xử lý 8 nhân Snapdragon 720G , 8GB , 256GB ,
https://www.nguyenkim.com/dien-thoai-xiaomi-redmi-9c-3gb-64gb-xam.html,Điện thoại Xiaomi Redmi 9C 3GB/64GB Xám,https://cdn.nguyenkimmall.com/images/thumbnails/600/336/detailed/691/10047323-dien-thoai-xiaomi-redmi-9c-3gb-64gb-xam-1.jpg,2.790.000đ, REDMI 9C , Xiaomi , Trung Quốc , 2020 , Android 10 , MediaTek Helio G35 8 nhân , 3 GB , 64 GB , Dài 164.9 mm - Ngang 77.07 mm - Dày 9.0 mm 
https://www.nguyenkim.com/dien-thoai-samsung-galaxy-s21-ultra-5g-12gb-128gb-bac.html,Điện thoại Samsung Galaxy S21 Ultra 5G 12GB/128GB Bạc,https://cdn.nguyenkimmall.com/images/thumbnails/600/336/detailed/711/10048468-dien-thoai-samsung-galaxy-s21-ultra-12gb-128gb-bac-1.jpg,19.990.000đ, SM-G998B/DS , Samsung , Việt Nam ,,, Vi xử lý Exynos 2100 (5nm) , 12GB , 128GB ,
https://www.nguyenkim.com/dien-thoai-samsung-galaxy-a72-4g-8gb-256gb-xanh.html,Điện thoại Samsung Galaxy A72 4G 8GB/256GB Xanh,https://cdn.nguyenkimmall.com/images/thumbnails/600/336/detailed/716/10048739-dien-thoai-samsung-galaxy-a72-4g-256gb-xanh-1.jpg,9.192.000đ, SM-A725F/DS , Samsung , Việt Nam ,,, Vi xử lý 8 nhân Snapdragon 720G , 8GB , 256GB ,
https://www.nguyenkim.com/dien-thoai-xiaomi-redmi-9a-2gb-32gb-xam.html,Điện thoại Xiaomi Redmi 9A 2GB/32GB Xám,https://cdn.nguyenkimmall.com/images/thumbnails/600/336/detailed/691/10046546-dien-thoai-xiaomi-redmi-9a-2gb-32-gb-xam-1.jpg,2.290.000đ, REDMI 9A , Xiaomi , Trung Quốc , 2020 , Android 10 , MediaTek Helio G25 8 nhân , 2 GB , 32 GB , Dài 164.9 mm - Ngang 77.07 mm - Dày 9 mm 
https://www.nguyenkim.com/samsung-galaxy-s20-ultra.html,Điện thoại Samsung Galaxy S20 Ultra Xám,https://cdn.nguyenkimmall.com/images/detailed/631/10044955-1.jpg,29.990.000đ, SM-G988B/DS , Samsung , Việt Nam , 2020 ," Android 10, One UI 2.1 ", Exynos 990 , 12 GB , 128 GB ,
https://www.nguyenkim.com/dien-thoai-oppo-reno4-xanh-thien-ha.html,Điện thoại OPPO Reno4 Xanh thiên hà,https://www.nguyenkim.com/images/companies/_1/Content/video/10046909%2C%2010046910-oppo-reno4.jpg,6.792.000đ, CPH2113 , OPPO , Trung Quốc , 2020 ," ColorOS 7.2, nền tảng Android 10 ", Qualcomm Snapdragon 720G , 8 GB , 128 GB , 160.3 x 73.9 x 7.7 mm 
https://www.nguyenkim.com/dien-thoai-samsung-galaxy-a22-6gb-128gb-xanh.html,Điện thoại Samsung Galaxy A22 6GB/128GB Xanh,https://cdn.nguyenkimmall.com/images/thumbnails/600/336/detailed/738/10049549-dien-thoai-samsung-galaxy-a22-6gb-128gb-xanh-1.jpg,4.790.000đ, A22 (SM-A225F/DS) , Samsung , Việt Nam ,,," Bộ vi xử lí tám nhân, xung nhịp tối đa 2GHz ", 6GB , 128GB ,
https://www.nguyenkim.com/dien-thoai-samsung-galaxy-a72-4g-8gb-256gb-trang.html,Điện thoại Samsung Galaxy A72 4G 8GB/256GB Trắng,https://cdn.nguyenkimmall.com/images/thumbnails/600/336/detailed/723/10048938-dien-thoai-samsung-galaxy-a72-4g-8gb-256gb-trang-1.jpg,11.490.000đ, SM-A725F/DS , Samsung , Việt Nam ,,, Vi xử lý 8 nhân Snapdragon 720G , 8GB , 256GB ,
https://www.nguyenkim.com/dien-thoai-samsung-galaxy-a22-6gb-128gb-den.html,Điện thoại Samsung Galaxy A22 6GB/128GB Đen,https://cdn.nguyenkimmall.com/images/thumbnails/600/336/detailed/738/10049550-dien-thoai-samsung-galaxy-a22-6gb-128gb-den-1.jpg,4.790.000đ, A22 (SM-A225F/DS) , Samsung , Việt Nam ,,," Bộ vi xử lí tám nhân, xung nhịp tối đa 2GHz ", 6GB , 128GB ,
https://www.nguyenkim.com/dien-thoai-xiaomi-redmi-9c-3gb-64gb-cam.html,Điện thoại Xiaomi Redmi 9C 3GB/64GB Cam,https://cdn.nguyenkimmall.com/images/thumbnails/600/336/detailed/691/10047322-dien-thoai-xiaomi-redmi-9c-3gb-64gb-cam-1.jpg,2.790.000đ, REDMI 9C , Xiaomi , Trung Quốc , 2020 , Android 10 , MediaTek Helio G35 8 nhân , 3 GB , 64 GB , Dài 164.9 mm - Ngang 77.07 mm - Dày 9.0 mm 
https://www.nguyenkim.com/dien-thoai-nokia-c20-2gb-32gb-xanh.html,Điện thoại Nokia C20 2GB/32GB Xanh,https://cdn.nguyenkimmall.com/images/thumbnails/600/336/detailed/728/10049232-dien-thoai-nokia-c20-2gb-32gb-xanh-1.jpg,2.040.000đ, NOKIAC20 , Nokia , Trung Quốc ,, Android 11 (phiên bản Go) , SC9863A 8 nhân | 1.6GHz , 2 GB DDR3 DRAM ," 32 GB e-MMC 5.1, hỗ trợ thẻ nhớ ngoài 64GB ", 169.9 x 77.9 X 8.8 mm 
https://www.nguyenkim.com/dien-thoai-samsung-galaxy-a13-4gb-128gb-den.html,Điện thoại Samsung Galaxy A13 4GB/128GB Đen,https://cdn.nguyenkimmall.com/images/thumbnails/600/336/detailed/789/10051526-dien-thoai-samsung-galaxy-a13-4gb-128gb-den-1.jpg,3.890.000đ, SM-A135F/DS , Samsung , Việt Nam ,,, Exynos850 (8 nhân) , 4GB , 128GB ,
https://www.nguyenkim.com/dien-thoai-samsung-a33-5g-6gb-128gb-xanh.html,Điện thoại Samsung A33 5G 6GB/128GB Xanh,https://cdn.nguyenkimmall.com/images/detailed/796/10051579-dien-thoai-samsung-a33-5g-6gb-128gb-xanh-1.jpg,8.090.000đ, SM-A336E/DS , Samsung , Việt Nam ,, 	Android ,, 6GB , 128GB ," Cao 159,7 x Rộng 74,0 x Dày 8,1 mm "
https://www.nguyenkim.com/dien-thoai-samsung-galaxy-a03-32gb-den.html,Điện thoại Samsung Galaxy A03 32GB Đen,https://cdn.nguyenkimmall.com/images/thumbnails/600/336/detailed/776/10051129-dien-thoai-samsung-galaxy-a03-32gb-den-1.jpg,2.790.000đ, A03 (SM-A035F/DS) , Samsung , Việt Nam ,,,,, 32GB ,
https://www.nguyenkim.com/dien-thoai-samsung-galaxy-a13-4gb-128gb-xanh.html,Điện thoại Samsung Galaxy A13 4GB/128GB Xanh,https://cdn.nguyenkimmall.com/images/thumbnails/600/336/detailed/790/10051525-dien-thoai-samsung-galaxy-a13-4gb-128gb-xanh-1.jpg,3.890.000đ, SM-A135F/DS , Samsung , Việt Nam ,,, Exynos850 (8 nhân) , 4GB , 128GB ,
https://www.nguyenkim.com/dien-thoai-samsung-galaxy-a23-4gb-128gb-den.html,Điện thoại Samsung Galaxy A23 4GB/128GB Đen,https://cdn.nguyenkimmall.com/images/thumbnails/600/336/detailed/790/10051573-dien-thoai-samsung-galaxy-a23-4gb-128gb-den-1.jpg,4.890.000đ, SM-A235F/DS , Samsung , Việt Nam ,,, Snapdragon 680 (SM6225) (8 nhân) , 4GB , 128GB ,
https://www.nguyenkim.com/dien-thoai-samsung-a33-5g-6gb-128gb-den.html,Điện thoại Samsung A33 5G 6GB/128GB Đen,https://cdn.nguyenkimmall.com/images/thumbnails/600/336/detailed/796/10051580-dien-thoai-samsung-a33-5g-6gb-128gb-den-1.jpg,8.090.000đ, SM-A336E/DS , Samsung , Việt Nam ,, 	Android ,, 6GB , 128GB ," Cao 159,7 x Rộng 74,0 x Dày 8,1 mm "
https://www.nguyenkim.com/dien-thoai-samsung-galaxy-a03-32gb-xanh.html,Điện thoại Samsung Galaxy A03 32GB Xanh,https://cdn.nguyenkimmall.com/images/thumbnails/600/336/detailed/776/10051128-dien-thoai-samsung-galaxy-a03-32gb-xanh-1.jpg,2.790.000đ, A03 (SM-A035F/DS) , Samsung , Việt Nam ,,,,, 32GB ,
https://www.nguyenkim.com/dien-thoai-samsung-galaxy-a03s-64gb-den.html,Điện thoại Samsung Galaxy A03s 64GB Đen,https://cdn.nguyenkimmall.com/images/thumbnails/600/336/detailed/745/10049870-dien-thoai-samsung-galaxy-a03s-64gb-den-1.jpg,3.190.000đ, A03s (SM-A037F/DS) , Samsung , Việt Nam ,, Android , MediaTek MT6765 , 4GB , 64GB , 164.2 x 75.9 x 9.1 mm 
https://www.nguyenkim.com/dien-thoai-samsung-galaxy-a03s-64gb-xanh.html,Điện thoại Samsung Galaxy A03s 64GB Xanh,https://cdn.nguyenkimmall.com/images/thumbnails/600/336/detailed/745/10049869-dien-thoai-samsung-galaxy-a03s-64gb-xanh-1.jpg,3.190.000đ, A03s (SM-A037F/DS) , Samsung , Việt Nam ,,, MediaTek MT6765 , 4GB , 64GB , 164.2 x 75.9 x 9.1 mm 
https://www.nguyenkim.com/dien-thoai-iphone-11-64gb-trang-vi-2.html,Điện thoại iPhone 11 64GB Trắng,https://cdn.nguyenkimmall.com/images/companies/_1/Data_Price/Pic_Tags/2022/Badge/badge-top-left_200K.png,11.690.000đ, IPHONE1164GB , Apple , Trung Quốc , 2019 , iOS 13 , Apple A13 Bionic 6 nhân , 4 GB , 64 GB ,
https://www.nguyenkim.com/dien-thoai-samsung-a53-5g-128gb-cam.html,Điện thoại Samsung A53 5G 128GB Cam,https://cdn.nguyenkimmall.com/images/thumbnails/600/336/detailed/790/10051585-dien-thoai-samsung-a53-5g-128gb-cam-1.jpg,8.990.000đ, SM-A536E/DS , Samsung , Việt Nam ,,, Exynos 1280 (8 nhân) , 8GB , 128GB ,
https://www.nguyenkim.com/dien-thoai-samsung-galaxy-a23-4gb-128gb-xanh.html,Điện thoại Samsung Galaxy A23 4GB/128GB Xanh,https://cdn.nguyenkimmall.com/images/thumbnails/600/336/detailed/790/10051572-dien-thoai-samsung-galaxy-a23-4gb-128gb-xanh-1.jpg,4.890.000đ, SM-A235F/DS , Samsung , Việt Nam ,,, Snapdragon 680 (SM6225) (8 nhân) , 4GB , 128GB ,
https://www.nguyenkim.com/dien-thoai-vivo-y15s-3gb-32gb-xanh-den.html,Điện thoại Vivo Y15s 3GB/32GB Xanh Đen,https://cdn.nguyenkimmall.com/images/thumbnails/600/336/detailed/755/10050442-dien-thoai-vivo-y15s-3gb-32gb-xanh-den-1.jpg,2.750.000đ, Y15s (V2120) , Vivo , Trung Quốc ,, Funtouch OS 11.1 (Tùy biến trên Android 11 (Go Edition) , MediaTek Helio P35  , 3GB	 , 32GB  , 163.96 x 75.2 x 8.28 mm 
https://www.nguyenkim.com/dien-thoai-samsung-a53-5g-128gb-xanh.html,Điện thoại Samsung A53 5G 128GB Xanh,https://cdn.nguyenkimmall.com/images/thumbnails/600/336/detailed/790/10051583-dien-thoai-samsung-a53-5g-128gb-xanh-1.jpg,8.990.000đ, SM-A536E/DS , Samsung , Việt Nam ,,, Exynos 1280 (8 nhân) , 8GB , 128GB ,
https://www.nguyenkim.com/dien-thoai-samsung-a73-8gb-128gb-xanh.html,Điện thoại Samsung A73 8GB/128GB Xanh,https://cdn.nguyenkimmall.com/images/thumbnails/600/336/detailed/796/10051820-dien-thoai-samsung-a73-6gb-128gb-xanh-1.jpg,11.190.000đ, A336 A736 , Samsung , Việt Nam ,, Android 12 , Snapdragon 778G (8 nhân) , 8GB , 128GB , 7.6 x 163.7 x 76.1 mm 
https://www.nguyenkim.com/dien-thoai-samsung-a53-5g-128gb-den.html,Điện thoại Samsung A53 5G 128GB Đen,https://cdn.nguyenkimmall.com/images/detailed/788/10051584-dien-thoai-samsung-a53-5g-128gb-den-1.jpg,8.990.000đ, SM-A536E/DS , Samsung , Việt Nam ,,, Exynos 1280 (8 nhân) , 8GB , 128GB ,
https://www.nguyenkim.com/dien-thoai-iphone-11-64gb-tim-vi-2.html,Điện thoại iPhone 11 64GB Tím,https://cdn.nguyenkimmall.com/images/companies/_1/Data_Price/Pic_Tags/2022/Badge/badge-top-left_200K.png,11.690.000đ, IPHONE1164GB , Apple , Trung Quốc , 2019 , iOS 13 , Apple A13 Bionic 6 nhân , 4 GB , 64 GB ,
https://www.nguyenkim.com/dien-thoai-vivo-y15s-3gb-32gb-trang-xanh.html,Điện thoại Vivo Y15s 3GB/32GB Trắng Xanh,https://cdn.nguyenkimmall.com/images/thumbnails/600/336/detailed/755/10050441-dien-thoai-vivo-y15s-3gb-32gb-trang-xanh-1.jpg,2.750.000đ, Y15s (V2120) , Vivo , Trung Quốc ,, Funtouch OS 11.1 (Tùy biến trên Android 11 (Go Edition) , MediaTek Helio P35  , 3GB	 , 32GB  , 163.96 x 75.2 x 8.28 mm 
https://www.nguyenkim.com/dien-thoai-samsung-a73-8gb-128gb-xam.html,Điện thoại Samsung A73 8GB/128GB Xám,https://cdn.nguyenkimmall.com/images/thumbnails/600/336/detailed/796/10051821-dien-thoai-samsung-a73-6gb-128gb-xam-1.jpg,11.190.000đ, A336 A736 , Samsung , Việt Nam ,, Android 12 ,, 8 GB , 128 GB ,
https://www.nguyenkim.com/dien-thoai-oppo-a16k-xanh.html,Điện thoại OPPO A16K 3GB/32GB Xanh,https://cdn.nguyenkimmall.com/images/thumbnails/600/336/detailed/771/10050851-dien-thoai-oppo-a16k-3gb-32gb-xanh-1.jpg,3.150.000đ, A16K (CPH2349) , OPPO , Trung Quốc , 2021 ," ColorOS 11, nền tảng Android 11 "," Helio G35 8 nhân, tối đa 2.3GHz ", 3GB , 32GB , 164 x 75.4 x 7.85 mm 
https://www.nguyenkim.com/dien-thoai-oppo-a55-4gb-64gb-den.html,Điện thoại OPPO A55 4GB/64GB Đen,https://cdn.nguyenkimmall.com/images/thumbnails/600/336/detailed/755/10050417-dien-thoai-oppo-a55-4gb-64gb-den-1.jpg,4.190.000đ, A55 (CPH2325) , OPPO , Trung Quốc ,," ColorOS 11.1, nền tảng Android 11 "," Helio G35, tối đa 2.3GHz ", 4GB , 64GB , 163.6 x 75.7 x 8.4 mm 
https://www.nguyenkim.com/dien-thoai-samsung-galaxy-a23-4gb-128gb-cam.html,Điện thoại Samsung Galaxy A23 4GB/128GB Cam,https://cdn.nguyenkimmall.com/images/thumbnails/600/336/detailed/790/10051574-dien-thoai-samsung-galaxy-a23-4gb-128gb-cam-1.jpg,4.890.000đ, SM-A235F/DS , Samsung , Việt Nam ,,, Snapdragon 680 (SM6225) (8 nhân) , 4GB , 128GB ,
https://www.nguyenkim.com/dien-thoai-oppo-a55-4gb-64gb-xanh.html,Điện thoại OPPO A55 4GB/64GB Xanh,https://cdn.nguyenkimmall.com/images/thumbnails/600/336/detailed/755/10050438-dien-thoai-oppo-a55-4gb-64gb-xanh-1.jpg,4.190.000đ, A55 (CPH2325) , OPPO , Trung Quốc ,," ColorOS 11.1, nền tảng Android 11 "," Helio G35, tối đa 2.3GHz ", 4GB , 64GB , 163.6 x 75.7 x 8.4 mm 
https://www.nguyenkim.com/dien-thoai-nokia-c30-3gb-32gb-xanh-luc.html,Điện thoại Nokia C30 3GB/32GB Xanh Lục,https://cdn.nguyenkimmall.com/images/detailed/782/10051279-dien-thoai-nokia-c30-3gb-32gb-xanh-luc-1.jpg,2.650.000đ, NOKIAC30 , Nokia , Trung Quốc ,, Android 11 (Go Edition) ,, 3GB , 32 GB , Dài 177.7 mm - Ngang 79.1 mm - Dày 9.9 mm mm 
https://www.nguyenkim.com/dien-thoai-oppo-a95-bac.html,Điện thoại Oppo A95 8GB/128GB Bạc,https://cdn.nguyenkimmall.com/images/detailed/770/10050754-dien-thoai-oppo-a95-8gb-128gb-bac-1.jpg,5.990.000đ, A95 (CPH2365) , OPPO , Trung Quốc ,," ColorOS 11.1, nền tảng Android 11 "," Qualcomm Snapdragon 662, tối đa 2.0GHz ", 8GB , 128GB , 160.3 x 73.8 x 7.95 mm 
https://www.nguyenkim.com/dien-thoai-samsung-galaxy-a03-32gb-do.html,Điện thoại Samsung Galaxy A03 32GB Đỏ,https://cdn.nguyenkimmall.com/images/thumbnails/600/336/detailed/776/10051130-dien-thoai-samsung-galaxy-a03-32gb-do-1.jpg,2.790.000đ, A03 (SM-A035F/DS) , Samsung , Việt Nam ,,,,, 32GB ,
https://www.nguyenkim.com/dien-thoai-xiaomi-redmi-note-11pro-8gb-128gb-xam.html,Điện thoại Xiaomi Redmi Note 11 Pro 8GB/128GB Xám,https://cdn.nguyenkimmall.com/images/companies/_1/Data_Price/Pic_Tags/2022/Badge/300k.png,6.590.000đ, REDMINOTE11PRO5G , Xiaomi , Trung Quốc ,, Android 11 ,, 8GB , 128GB ,
https://www.nguyenkim.com/dien-thoai-oppo-a76-6gb-128gb-den.html,Điện thoại OPPO A76 6GB/128GB Đen,https://cdn.nguyenkimmall.com/images/thumbnails/600/336/detailed/785/10051456-dien-thoai-oppo-a76-6gb-128gb-den-1.jpg,5.490.000đ, CPH2375 - A76 , OPPO , Trung Quốc ,," ColorOS 11.1, nền tảng Android 11 "," Qualcomm Snapdragon 680, tối đa 2.4GHz ", 6GB , 128GB , 164.4 x 75.7 x 8.4 mm 
https://www.nguyenkim.com/dien-thoai-oppo-a76-6gb-128gb-xanh.html,Điện thoại OPPO A76 6GB/128GB Xanh,https://cdn.nguyenkimmall.com/images/detailed/785/10051457-dien-thoai-oppo-a76-6gb-128gb-xanh-1.jpg,5.490.000đ, CPH2375 - A76 , OPPO , Trung Quốc ,," ColorOS 11.1, nền tảng Android 11 "," Qualcomm Snapdragon 680, tối đa 2.4GHz ", 6GB , 128GB , 164.4 x 75.7 x 8.4 mm 
https://www.nguyenkim.com/dien-thoai-samsung-galaxy-a13-4gb-128gb-cam.html,Điện thoại Samsung Galaxy A13 4GB/128GB Cam,https://cdn.nguyenkimmall.com/images/thumbnails/600/336/detailed/790/10051527-dien-thoai-samsung-galaxy-a13-4gb-128gb-cam-1.jpg,3.890.000đ, SM-A135F/DS , Samsung , Việt Nam ,,, Exynos850 (8 nhân) , 4GB , 128GB ,
https://www.nguyenkim.com/dien-thoai-oppo-reno7-z-5g-bac.html,Điện thoại OPPO Reno7 Z 5G Bạc,https://cdn.nguyenkimmall.com/images/detailed/788/10051589-dien-thoai-oppo-reno7-z-5g-bac-1.jpg,9.490.000đ, CPH2343 - RENO7Z 5G , OPPO , Trung Quốc ,," ColorOS 12, nền tảng Android 11 "," Qualcomm Snapdragon 695 5G, tối đa 2.2GHz ", 8GB , 128GB , 159.9 x 73.2 x 7.49 mm 
https://www.nguyenkim.com/dien-thoai-samsung-galaxy-a52s-5g-8gb-128gb-tim.html,Điện thoại Samsung Galaxy A52s 5G 8GB/128GB Tím,https://cdn.nguyenkimmall.com/images/detailed/748/10049943-dien-thoai-samsung-galaxy-a52s-5g-8gb-128gb-tim-1.jpg,10.990.000đ, SM-A528B/DS , Samsung , Việt Nam ,, Android 11 , Qualcomm Snapdragon 778G 5G (6 nm) , 8GB , 128GB ,
https://www.nguyenkim.com/dien-thoai-vivo-y33s-8gb-128gb-den.html,Điện thoại Vivo Y33s 8GB/128GB Đen,https://cdn.nguyenkimmall.com/images/companies/_1/Data_Price/Pic_Tags/2022/Badge/300k.png,4.890.000đ, V2109 - Y33S , Vivo , Trung Quốc ,, Funtouch OS 11.1 (Tuỳ biến trên Android 11) , MediaTek Helio G80 , 8GB , 128GB , 164.26x76.08x8.00 mm 
https://www.nguyenkim.com/dien-thoai-oppo-reno7-z-5g-den.html,Điện thoại OPPO Reno7 Z 5G Đen,https://cdn.nguyenkimmall.com/images/thumbnails/600/336/detailed/788/10051588-dien-thoai-oppo-reno7-z-5g-den-1.jpg,9.490.000đ, CPH2343 - RENO7Z 5G , OPPO , Trung Quốc ,," ColorOS 12, nền tảng Android 11 "," Qualcomm Snapdragon 695 5G, tối đa 2.2GHz ", 8GB , 128GB , 159.9 x 73.2 x 7.49 mm 
https://www.nguyenkim.com/dien-thoai-oppo-a95-den.html,Điện thoại Oppo A95 8GB/128GB Đen,https://cdn.nguyenkimmall.com/images/detailed/770/10050753-dien-thoai-oppo-a95-8gb-128gb-den-1.jpg,5.990.000đ, A95 (CPH2365) , OPPO , Trung Quốc ,," ColorOS 11.1, nền tảng Android 11 "," Qualcomm Snapdragon 662, tối đa 2.0GHz ", 8GB , 128GB , 160.3 x 73.8 x 7.95 mm 
https://www.nguyenkim.com/dien-thoai-vivo-v23e-8gb-128gb-den.html,Điện thoại Vivo V23e 8GB/128GB Đen,https://cdn.nguyenkimmall.com/images/thumbnails/600/336/detailed/766/10050700-dien-thoai-vivo-v23e-8gb-128gb-den-1.jpg,6.490.000đ, V23e (V2116) , Vivo , Trung Quốc ,, Funtouch OS 12 (Tùy biến trên Android 11) , MediaTek Helio G96 , 8GB , 128GB , 160.87 x 74.28 x 7.36 mm 
https://www.nguyenkim.com/dien-thoai-vivo-y21s-4gb-128gb-trang.html,Điện thoại Vivo Y21s 4GB/128GB Trắng,https://cdn.nguyenkimmall.com/images/thumbnails/600/336/detailed/751/10049935-dien-thoai-vivo-y21s-4gb-128gb-trắng-1.jpg,4.150.000đ, Y21s (V2110) , Vivo , Trung Quốc ,, Funtouch OS 11.1 (Tuỳ biến trên Android 11) , Mediatek Helio G80  , 4GB , 128GB , 164.26 x 76.08 x 8.00 mm 
https://www.nguyenkim.com/dien-thoai-vivo-y33s-8gb-128gb-xanh-hong.html,Điện thoại Vivo Y33s 8GB/128GB Xanh Hồng,https://cdn.nguyenkimmall.com/images/companies/_1/Data_Price/Pic_Tags/2022/Badge/300k.png,4.890.000đ, V2109 - Y33S , Vivo , Trung Quốc ,, Funtouch OS 11.1 (Tuỳ biến trên Android 11) , MediaTek Helio G80 , 8GB , 128GB , 164.26x76.08x8.00 mm 
https://www.nguyenkim.com/dien-thoai-samsung-a33-5g-6gb-128gb-cam.html,Điện thoại Samsung A33 5G 6GB/128GB Cam,https://cdn.nguyenkimmall.com/images/thumbnails/600/336/detailed/796/10051581-dien-thoai-samsung-a33-5g-6gb-128gb-cam-1.jpg,8.090.000đ, SM-A336E/DS , Samsung , Việt Nam ,, 	Android ,, 6GB , 128GB ," Cao 159,7 x Rộng 74,0 x Dày 8,1 mm "
https://www.nguyenkim.com/dien-thoai-oppo-reno7-4g-8gb-128gb-den.html,Điện thoại OPPO Reno7 4G 8GB/128GB Đen,https://cdn.nguyenkimmall.com/images/thumbnails/600/336/detailed/803/10052320-dien-thoai-oppo-reno7-4g-8gb-128gb-den-1.jpg,7.690.000đ, RENO74G , OPPO , Trung Quốc , 2022 ," Android 12, ColorOS 12.1 "," Qualcomm Snapdragon 680, tối đa 2.4GHz ", 	8GB , 	128GB ,
https://www.nguyenkim.com/dien-thoai-samsung-a53-5g-128gb-trang.html,Điện thoại Samsung A53 5G 128GB Trắng,https://cdn.nguyenkimmall.com/images/thumbnails/600/336/detailed/788/10051586-dien-thoai-samsung-a53-5g-128gb-trang-1.jpg,8.990.000đ, SM-A536E/DS , Samsung , Việt Nam ,,, Exynos 1280 (8 nhân) , 8GB , 128GB ,
https://www.nguyenkim.com/dien-thoai-vivo-y21-4gb-64gb-trang.html,Điện thoại Vivo Y21 4GB/64GB Trắng,https://cdn.nguyenkimmall.com/images/thumbnails/600/336/detailed/770/10050029-dien-thoai-vivo-y21-4gb-64gb-trang-1.jpg,3.690.000đ, Y21 (V2111) , Vivo , Trung Quốc ,,, Mediatek Helio P35  , 4GB  , 64GB  , 164.26 x 76.08 x 8.00  mm 
https://www.nguyenkim.com/dien-thoai-iphone-13-pro-max-128gb-vang-dong-vi.html,Điện thoại iPhone 13 Pro Max 128GB Vàng Đồng,https://cdn.nguyenkimmall.com/images/thumbnails/600/336/detailed/760/dien-thoai-iphone-13-pro-max-128gb-vang-dong-1.jpg,29.990.000đ, iPhone 13 Pro Max 128GB , Apple , Trung Quốc , 2021 , iOS 15 , Apple A15 Bionic , 6GB , 128GB ,
https://www.nguyenkim.com/dien-thoai-vivo-v23e-8gb-128gb-xanh-hong.html,Điện thoại Vivo V23e 8GB/128GB Xanh Hồng,https://cdn.nguyenkimmall.com/images/thumbnails/600/336/detailed/766/10050701-dien-thoai-vivo-v23e-8gb-128gb-xanh-hong-1.jpg,6.490.000đ, V23e (V2116) , Vivo , Trung Quốc ,, Funtouch OS 12 (Tùy biến trên Android 11) , MediaTek Helio G96 , 8GB , 128GB , 160.87 x 74.28 x 7.41 mm 
https://www.nguyenkim.com/dien-thoai-xiaomi-redmi-note-11-4gb-64gb-xanh-duong-dam.html,Điện thoại Xiaomi Redmi Note 11 4GB/64GB Xanh Dương Đậm,https://cdn.nguyenkimmall.com/images/thumbnails/600/336/detailed/794/10051505-dien-thoai-xiaomi-remi-note-11-4-gb-64-gb-xanh-duong-dam.jpg,3.990.000đ, Redmi Note 11 , Xiaomi , Trung Quốc , 2022 , Android 11 , Snapdragon 680 8 nhân , 4 GB , 64 GB , Dài 159.8 mm - Ngang 73.87 mm - Dày 8.09 mm 
https://www.nguyenkim.com/dien-thoai-samsung-a33-5g-6gb-128gb-trang.html,Điện thoại Samsung A33 5G 6GB/128GB Trắng,https://cdn.nguyenkimmall.com/images/thumbnails/600/336/detailed/796/10051582-dien-thoai-samsung-a33-5g-6gb-128gb-trang-1.jpg,8.090.000đ, SM-A336E/DS , Samsung , Việt Nam ,, 	Android ,, 6GB , 128GB ," Cao 159,7 x Rộng 74,0 x Dày 8,1 mm "
https://www.nguyenkim.com/dien-thoai-xiaomi-redmi-note-11pro-8gb-128gb-xanh-duong.html,Điện thoại Xiaomi Redmi Note 11 Pro 8GB/128GB Xanh Dương,https://cdn.nguyenkimmall.com/images/companies/_1/Data_Price/Pic_Tags/2022/Badge/300k.png,6.590.000đ, REDMINOTE11PRO5G , Xiaomi , Trung Quốc ,, Android 11 ,, 8GB , 128GB ,
https://www.nguyenkim.com/dien-thoai-oppo-reno7-4g-8gb-128gb-cam.html,Điện thoại OPPO Reno7 4G 8GB/128GB Cam,https://cdn.nguyenkimmall.com/images/thumbnails/600/336/detailed/803/10052322-dien-thoai-oppo-reno7-4g-8gb-128gb-cam-1.jpg,7.690.000đ, RENO74G , OPPO , Trung Quốc , 2022 ," Android 12, ColorOS 12.1 "," Qualcomm Snapdragon 680, tối đa 2.4GHz ", 	8GB , 	128GB ,
https://www.nguyenkim.com/dien-thoai-oppo-a16k-den.html,Điện thoại OPPO A16K 3GB/32GB Đen,https://cdn.nguyenkimmall.com/images/thumbnails/600/336/detailed/771/10050850-dien-thoai-oppo-a16k-3gb-32gb-den-1.jpg,3.150.000đ, A16K (CPH2349) , OPPO , Trung Quốc , 2021 ," ColorOS 11, nền tảng Android 11 "," Helio G35 8 nhân, tối đa 2.3GHz ", 3GB , 32GB , 164 x 75.4 x 7.85 mm 
https://www.nguyenkim.com/dien-thoai-vivo-y21-4gb-64gb-xanh-tim.html,Điện thoại Vivo Y21 4GB/64GB Xanh Tím,https://cdn.nguyenkimmall.com/images/thumbnails/600/336/detailed/770/10050030-dien-thoai-vivo-y21-4gb-64gb-xanh-tim-1.jpg,3.690.000đ, Y21 (V2111) , Vivo , Trung Quốc ,,, Mediatek Helio P35  , 4GB  , 64GB  , 164.26 x 76.08 x 8.00  mm 
https://www.nguyenkim.com/dien-thoai-vivo-y21s-6gb-128gb-trang.html,Điện thoại Vivo Y21s 6GB/128GB Trắng,https://cdn.nguyenkimmall.com/images/thumbnails/600/336/detailed/751/10049937-dien-thoai-vivo-y21s-6gb-128gb-trắng-1.jpg,4.490.000đ, Y21s (V2110) , Vivo , Trung Quốc ,, Funtouch OS 11.1 (Tuỳ biến trên Android 11) , Mediatek Helio G80  , 6GB , 128GB , 164.26 x 76.08 x 8.00 mm 
https://www.nguyenkim.com/dien-thoai-vivo-y21s-4gb-128gb-xanh.html,Điện thoại Vivo Y21s 4GB/128GB Xanh,https://cdn.nguyenkimmall.com/images/thumbnails/600/336/detailed/751/10049936-dien-thoai-vivo-y21s-4gb-128gb-xanh-1.jpg,4.150.000đ, Y21s (V2110) , Vivo , Trung Quốc ,, Funtouch OS 11.1 (Tuỳ biến trên Android 11) , Mediatek Helio G80  , 4GB , 128GB , 164.26 x 76.08 x 8.00 mm 
https://www.nguyenkim.com/dien-thoai-samsung-a73-8gb-128gb-trang.html,Điện thoại Samsung A73 8GB/128GB Trắng,https://cdn.nguyenkimmall.com/images/detailed/796/10051822-dien-thoai-samsung-a73-6gb-128gb-trang-1.jpg,11.190.000đ, A336 A736 , Samsung , Việt Nam ,, Android 12 , Snapdragon 778G (8 nhân) , 8 GB , 128 GB ,
https://www.nguyenkim.com/dien-thoai-nokia-c21-plus-2gb-64gb-xam-anh-kim.html,Điện thoại Nokia C21 Plus 2GB/64GB Xám Ánh Kim,https://cdn.nguyenkimmall.com/images/detailed/803/10052223-dien-thoai-nokia-c21-plus-2gb-64gb-xam-anh-kim-1.jpg,2.490.000đ, NOKIAC21PLUS2/64 , Nokia , Trung Quốc ,, Android 11 (Go Edition) ,, 2 GB , 64 GB , 164.8 x 75.9 X 8.55 mm 
https://www.nguyenkim.com/dien-thoai-nokia-c21-plus-2gb-64gb-xanh-thien-thach.html,Điện thoại Nokia C21 Plus 2GB/64GB Xanh Thiên Thạch,https://cdn.nguyenkimmall.com/images/thumbnails/600/336/detailed/803/10052242-dien-thoai-nokia-c21-plus-2gb-64gb-xanh-thien-thach-1.jpg,2.490.000đ, NOKIAC21PLUS2/64 , Nokia , Trung Quốc ,, Android 11 (Go Edition) ,, 2 GB , 64 GB , 164.8 x 75.9 X 8.55 mm 
https://www.nguyenkim.com/dien-thoai-samsung-s22-ultra-12gb-256gb-den.html,Điện thoại Samsung S22 Ultra 12GB/256GB Đen,https://cdn.nguyenkimmall.com/images/companies/_1/Data_Price/Pic_Tags/2022/Badge/NH-500k.png,29.490.000đ, G908 , Samsung , Việt Nam ,,, Qualcomm Snapdragon 8 Gen 1 , 12GB , 256GB ,
https://www.nguyenkim.com/dien-thoai-xiaomi-redmi-note-11s-8gb-128gb-trang.html,Điện thoại Xiaomi Redmi Note 11S 8GB/128GB Trắng,https://cdn.nguyenkimmall.com/images/companies/_1/Data_Price/Pic_Tags/2022/Badge/300k.png,5.790.000đ, REDMINOTE11S , Xiaomi , Trung Quốc ,, Android 11 , Mediatek Helio G96 (12 nm) , 8GB , 128GB ,
https://www.nguyenkim.com/dien-thoai-iphone-11-64gb-xanh-la-vi-3.html,Điện thoại iPhone 11 64GB Xanh Lá,https://cdn.nguyenkimmall.com/images/companies/_1/Data_Price/Pic_Tags/2022/Badge/badge-top-left_200K.png,11.690.000đ, IPHONE1164GB , Apple , Trung Quốc ,,, Apple A13 Bionic , 4GB , 64GB , Dài 150.9 mm - Ngang 75.7 mm - Dày 8.3 mm 
https://www.nguyenkim.com/iphone-13-pro-128gb-bac.html,Điện thoại iPhone 13 Pro 128GB Bạc,https://cdn.nguyenkimmall.com/images/detailed/756/dien-thoai-iphone-13-pro-128gb-bac-1.jpg,27.490.000đ, iPhone 13 Pro 128GB , Apple , Trung Quốc ,, iOS 15 , Apple A15 Bionic , 6GB , 128GB ,
https://www.nguyenkim.com/dien-thoai-iphone-11-64gb-den-vi-3.html,Điện thoại iPhone 11 64GB Đen,https://cdn.nguyenkimmall.com/images/companies/_1/Data_Price/Pic_Tags/2022/Badge/badge-top-left_200K.png,11.690.000đ, IPHONE1164GB , Apple , Trung Quốc , 2019 , iOS 13 , Apple A13 Bionic 6 nhân , 4 GB , 64 GB ,
https://www.nguyenkim.com/dien-thoai-xiaomi-redmi-note-11s-8gb-128gb-xanh-duong.html,Điện thoại Xiaomi Redmi Note 11S 8GB/128GB Xanh Dương,https://cdn.nguyenkimmall.com/images/companies/_1/Data_Price/Pic_Tags/2022/Badge/300k.png,5.790.000đ, REDMINOTE11S , Xiaomi , Trung Quốc ,, Android 11 , Mediatek Helio G96 (12 nm) , 8GB , 128GB ,
https://www.nguyenkim.com/dien-thoai-vivo-y21s-6gb-128gb-xanh.html,Điện thoại Vivo Y21s 6GB/128GB Xanh,https://cdn.nguyenkimmall.com/images/detailed/751/10050018-dien-thoai-vivo-y21s-6gb-128gb-xanh-1.jpg,4.490.000đ, Y21s (V2110) , Vivo , Trung Quốc ,, Funtouch OS 11.1 (Tuỳ biến trên Android 11) , Mediatek Helio G80  , 6GB , 128GB , 164.26 x 76.08 x 8.00 mm 
https://www.nguyenkim.com/dien-thoai-samsung-s22-ultra-12gb-512gb-xanh-la.html,Điện thoại Samsung S22 Ultra 12GB/512GB Xanh Lá,https://cdn.nguyenkimmall.com/images/companies/_1/Data_Price/Pic_Tags/2022/Badge/NH-500k.png,32.490.000đ, G908 , Samsung , Việt Nam ,,, Qualcomm Snapdragon 8 Gen 1 , 12GB , 512GB ,
https://www.nguyenkim.com/dien-thoai-samsung-s22-ultra-8gb-128gb-den.html,Điện thoại Samsung S22 Ultra 8GB/128GB Đen,https://cdn.nguyenkimmall.com/images/companies/_1/Data_Price/Pic_Tags/2022/Badge/NH-500k.png,26.490.000đ, G908 , Samsung , Việt Nam ,,, Qualcomm Snapdragon 8 Gen 1 , 8GB , 128GB ,
https://www.nguyenkim.com/dien-thoai-samsung-s21-fe-5g-8gb-128gb-tim.html,Điện thoại Samsung S21 FE 5G 8GB/128GB Tím,https://cdn.nguyenkimmall.com/images/thumbnails/600/336/detailed/779/10050968-dien-thoai-samsung-s21-fe-5g-8gb-128gb-tim-1.jpg,16.990.000đ, SM-G990E/DS , Samsung , Việt Nam ,,, Exynos 2100 , 8GB , 128GB , 155.7 x 74.5 x 7.9 mm 
https://www.nguyenkim.com/dien-thoai-xiaomi-redmi-note-11s-8gb-128gb-xam.html,Điện thoại Xiaomi Redmi Note 11S 8GB/128GB Xám,https://cdn.nguyenkimmall.com/images/companies/_1/Data_Price/Pic_Tags/2022/Badge/300k.png,5.790.000đ, REDMINOTE11S , Xiaomi , Trung Quốc ,, Android 11 , Mediatek Helio G96 (12 nm) , 8GB , 128GB ,
https://www.nguyenkim.com/dien-thoai-samsung-s22-ultra-12gb-256gb-trang.html,Điện thoại Samsung S22 Ultra 12GB/256GB Trắng,https://cdn.nguyenkimmall.com/images/companies/_1/Data_Price/Pic_Tags/2022/Badge/NH-500k.png,29.490.000đ, G908 , Samsung , Việt Nam ,,, Qualcomm Snapdragon 8 Gen 1 , 12GB , 256GB ,
https://www.nguyenkim.com/dien-thoai-xiaomi-redmi-note-11pro-8gb-128gb-trang.html,Điện thoại Xiaomi Redmi Note 11 Pro 8GB/128GB Trắng,https://cdn.nguyenkimmall.com/images/companies/_1/Data_Price/Pic_Tags/2022/Badge/300k.png,6.590.000đ, REDMINOTE11PRO5G , Xiaomi , Trung Quốc ,, Android 11 ,, 8GB , 128GB ,
https://www.nguyenkim.com/dien-thoai-samsung-s22-ultra-8gb-128gb-trang.html,Điện thoại Samsung S22 Ultra 8GB/128GB Trắng,https://cdn.nguyenkimmall.com/images/companies/_1/Data_Price/Pic_Tags/2022/Badge/NH-500k.png,26.490.000đ, G908 , Samsung , Việt Nam ,,, Qualcomm Snapdragon 8 Gen 1 , 8GB , 128GB ,
https://www.nguyenkim.com/dien-thoai-samsung-s21-fe-5g-6gb-128gb-tim.html,Điện thoại Samsung S21 FE 5G 6GB/128GB Tím,https://cdn.nguyenkimmall.com/images/detailed/779/10050964-dien-thoai-samsung-s21-fe-5g-6gb-128gb-tim-1.jpg,10.990.000đ, SM-G990E/DS , Samsung , Việt Nam ,,, Exynos 2100 , 6GB , 128GB , 155.7 x 74.5 x 7.9 mm 
https://www.nguyenkim.com/dien-thoai-samsung-s22-ultra-8gb-128gb-do.html,Điện thoại Samsung S22 Ultra 8GB/128GB Đỏ,https://cdn.nguyenkimmall.com/images/companies/_1/Data_Price/Pic_Tags/2022/Badge/NH-500k.png,26.490.000đ, G908 , Samsung , Việt Nam ,,, Qualcomm Snapdragon 8 Gen 1 , 8GB , 128GB ,
https://www.nguyenkim.com/dien-thoai-samsung-s22-8gb-128gb-den.html,Điện thoại Samsung S22 8GB/128GB Đen,https://cdn.nguyenkimmall.com/images/thumbnails/600/336/detailed/786/10051321-dien-thoai-samsung-s22-8gb-128gb-den-1.jpg,17.990.000đ, G901 , Samsung , Việt Nam ,,, Qualcomm Snapdragon 8 Gen 1 , 	8GB , 	128GB ,
https://www.nguyenkim.com/dien-thoai-samsung-galaxy-a52s-5g-8gb-128gb-xanh.html,Điện thoại Samsung Galaxy A52s 5G 8GB/128GB Xanh,https://cdn.nguyenkimmall.com/images/detailed/748/10049942-dien-thoai-samsung-galaxy-a52s-5g-8gb-128gb-xanh-1.jpg,10.990.000đ, SM-A528B/DS , Samsung , Việt Nam ,, Android 11 , Qualcomm Snapdragon 778G 5G (6 nm) , 8GB , 128GB ,
https://www.nguyenkim.com/dien-thoai-samsung-galaxy-s22-ultra-5g-256gb-xanh-la.html,Điện thoại Samsung Galaxy S22 Ultra 5G 256GB Xanh lá,https://cdn.nguyenkimmall.com/images/companies/_1/Data_Price/Pic_Tags/2022/Badge/NH-500k.png,33.990.000đ, SAMSUNGS22ULTRA(12+256GB) , Samsung , Việt Nam , 2022 ," Android 12, One UI 4.1 ", Vi xử lý 4nm , 	12GB , 	256GB ,
https://www.nguyenkim.com/dien-thoai-samsung-s22-ultra-12gb-256gb-do.html,Điện thoại Samsung S22 Ultra 12GB/256GB Đỏ,https://cdn.nguyenkimmall.com/images/companies/_1/Data_Price/Pic_Tags/2022/Badge/NH-500k.png,29.490.000đ, G908 , Samsung , Việt Nam ,,, Qualcomm Snapdragon 8 Gen 1 , 12GB , 256GB ,
https://www.nguyenkim.com/dien-thoai-samsung-s21-fe-5g-8gb-128gb-xam.html,Điện thoại Samsung S21 FE 5G 8GB/128GB Xám,https://cdn.nguyenkimmall.com/images/thumbnails/600/336/detailed/779/10050967-dien-thoai-samsung-s21-fe-5g-8gb-128gb-xam-1.jpg,16.990.000đ, SM-G990E/DS , Samsung , Việt Nam ,,, Exynos 2100 , 8GB , 128GB , 155.7 x 74.5 x 7.9 mm 
https://www.nguyenkim.com/dien-thoai-samsung-s22-ultra-12gb-512gb-den.html,Điện thoại Samsung S22 Ultra 12GB/512GB Đen,https://cdn.nguyenkimmall.com/images/companies/_1/Data_Price/Pic_Tags/2022/Badge/NH-500k.png,32.490.000đ, G908 , Samsung , Việt Nam ,,, Qualcomm Snapdragon 8 Gen 1 , 12GB , 512GB ,
https://www.nguyenkim.com/dien-thoai-samsung-s21-fe-5g-6gb-128gb-xanh-la.html,Điện thoại Samsung S21 FE 5G 6GB/128GB Xanh Lá,https://cdn.nguyenkimmall.com/images/thumbnails/600/336/detailed/779/10050965-dien-thoai-samsung-s21-fe-5g-6gb-128gb-xanh-la-1.jpg,10.990.000đ, SM-G990E/DS , Samsung , Việt Nam ,,, Exynos 2100 , 6GB , 128GB , 155.7 x 74.5 x 7.9 mm 
https://www.nguyenkim.com/dien-thoai-samsung-galaxy-s22-ultra-5g-128gb-xanh-la.html,Điện thoại Samsung Galaxy S22 Ultra 5G 128GB Xanh lá,https://cdn.nguyenkimmall.com/images/companies/_1/Data_Price/Pic_Tags/2022/Badge/NH-500k.png,30.990.000đ, SAMSUNGS22ULTRA(8+128GB) , Samsung , Việt Nam , 2022 ," Android 12, One UI 4.1 ", Vi xử lý 4nm , 	8GB , 	128GB ,
https://www.nguyenkim.com/dien-thoai-samsung-s22-plus-8gb-128gb-trang.html,Điện thoại Samsung S22 Plus 8GB/128GB Trắng,https://cdn.nguyenkimmall.com/images/thumbnails/600/336/detailed/786/10051331-dien-thoai-samsung-s22-plus-8gb-128gb-trang-1.jpg,21.790.000đ, G906 , Samsung , Việt Nam ,,, Qualcomm Snapdragon 8 Gen 1 , 	8GB , 128GB ,
https://www.nguyenkim.com/iphone-13-pro-max-128gb-bac.html,Điện thoại iPhone 13 Pro Max 128GB Bạc,https://cdn.nguyenkimmall.com/images/thumbnails/600/336/detailed/756/dien-thoai-iphone-13-pro-max-128gb-bac-1.jpg,29.990.000đ, iPhone 13 Pro Max 128GB , Apple , Trung Quốc , 2021 , iOS 15 , Apple A15 Bionic , 6GB , 128GB ,
https://www.nguyenkim.com/dien-thoai-samsung-s22-ultra-12gb-512gb-do.html,Điện thoại Samsung S22 Ultra 12GB/512GB Đỏ,https://cdn.nguyenkimmall.com/images/companies/_1/Data_Price/Pic_Tags/2022/Badge/NH-500k.png,32.490.000đ, G908 , Samsung , Việt Nam ,,, Qualcomm Snapdragon 8 Gen 1 , 12GB , 512GB ,
https://www.nguyenkim.com/dien-thoai-samsung-s21-fe-5g-8gb-256gb-tim.html,Điện thoại Samsung S21 FE 5G 8GB/256GB Tím,https://cdn.nguyenkimmall.com/images/thumbnails/600/336/detailed/779/10050972-dien-thoai-samsung-s21-fe-5g-8gb-256gb-tim-1.jpg,13.490.000đ, SM-G990E/DS , Samsung , Việt Nam ,,, Exynos 2100 , 8GB , 256GB , 155.7 x 74.5 x 7.9 mm 
https://www.nguyenkim.com/iphone-13-pro-256gb-xanh-duong.html,Điện thoại iPhone 13 Pro 256GB Xanh Dương,https://cdn.nguyenkimmall.com/images/thumbnails/600/336/detailed/756/dien-thoai-iphone-13-pro-256gb-xanh-duong-1.jpg,29.790.000đ, iPhone 13 Pro 256GB , Apple , Trung Quốc , 2021 , iOS 15 , Apple A15 Bionic , 6GB , 256GB ,
https://www.nguyenkim.com/dien-thoai-samsung-s22-ultra-12gb-512gb-trang.html,Điện thoại Samsung S22 Ultra 12GB/512GB Trắng,https://cdn.nguyenkimmall.com/images/companies/_1/Data_Price/Pic_Tags/2022/Badge/NH-500k.png,32.490.000đ, G908 , Samsung , Việt Nam ,,, Qualcomm Snapdragon 8 Gen 1 , 12GB , 512GB ,
https://www.nguyenkim.com/dien-thoai-samsung-galaxy-z-fold-3-5g-256gb-xanh-la.html,Điện thoại Samsung Galaxy Z Fold 3 5G 256GB Xanh Lá,https://cdn.nguyenkimmall.com/images/detailed/749/10049831-dien-thoai-samsung-galaxy-z-fold-3-256gb-xanh-la-1.jpg,31.990.000đ, SM-F926B , Samsung , Việt Nam ,, Android 11 , Qualcomm SM8350 Snapdragon 888 (5 nm) , 12GB , 256GB ," Khi mở: 158.2 x 128.1 x 6.4 mm, Khi gập: 158.2 x 67.1 x 16.0 mm "
https://www.nguyenkim.com/dien-thoai-samsung-s22-plus-8gb-256gb-trang.html,Điện thoại Samsung S22 Plus 8GB/256GB Trắng,https://cdn.nguyenkimmall.com/images/thumbnails/600/336/detailed/787/10051336-dien-thoai-samsung-s22-plus-8gb-256gb-trang-1.jpg,23.290.000đ, G906 , Samsung , Việt Nam ,,, Qualcomm Snapdragon 8 Gen 1 , 	8GB , 256GB ,
https://www.nguyenkim.com/dien-thoai-samsung-galaxy-z-fold-3-5g-512gb-bac.html,Điện thoại Samsung Galaxy Z Fold 3 5G 512GB Bạc,https://cdn.nguyenkimmall.com/images/thumbnails/600/336/detailed/749/10049837-dien-thoai-samsung-galaxy-z-fold-3-512gb-bac-1.jpg,34.790.000đ, SM-F926B , Samsung , Việt Nam ,, 	Android 11 , Qualcomm SM8350 Snapdragon 888 (5 nm) , 	12GB , 512GB ," Khi mở: 158.2 x 128.1 x 6.4 mm, Khi gập: 158.2 x 67.1 x 16.0 mm "
https://www.nguyenkim.com/dien-thoai-samsung-s21-fe-5g-8gb-128gb-trang.html,Điện thoại Samsung S21 FE 5G 8GB/128GB Trắng,https://cdn.nguyenkimmall.com/images/thumbnails/600/336/detailed/779/10050966-dien-thoai-samsung-s21-fe-5g-8gb-128gb-trang-1.jpg,16.990.000đ, SM-G990E/DS , Samsung , Việt Nam ,,, Exynos 2100 , 8GB , 128GB , 155.7 x 74.5 x 7.9 mm 
https://www.nguyenkim.com/iphone-13-pro-256gb-xam.html,Điện thoại iPhone 13 Pro 256GB Xám,https://cdn.nguyenkimmall.com/images/thumbnails/600/336/detailed/756/dien-thoai-iphone-13-pro-256gb-xam-1.jpg,29.790.000đ, iPhone 13 Pro 256GB , Apple , Trung Quốc ,, iOS 15 , Apple A15 Bionic , 6GB , 256GB ,
https://www.nguyenkim.com/iphone-13-256gb-hong.html,Điện thoại iPhone 13 256GB Hồng,https://cdn.nguyenkimmall.com/images/thumbnails/600/336/detailed/756/dien-thoai-iphone-13-256gb-hong-1.jpg,23.690.000đ, iPhone 13 256GB , Apple , Trung Quốc , 2021 , iOS 15 , Apple A15 Bionic , 4GB , 256GB , 147 x 72 x 8 mm 
https://www.nguyenkim.com/iphone-13-256gb-xanh-duong.html,Điện thoại iPhone 13 256GB Xanh Dương,https://cdn.nguyenkimmall.com/images/thumbnails/600/336/detailed/756/dien-thoai-iphone-13-256gb-xanh-duong-1.jpg,23.690.000đ, iPhone 13 256GB , Apple , Trung Quốc , 2021 , iOS 15 , Apple A15 Bionic , 4GB , 256GB , 147 x 72 x 8 mm 
https://www.nguyenkim.com/iphone-13-pro-max-1tb-xanh-duong.html,Điện thoại iPhone 13 Pro Max 1TB Xanh Dương,https://cdn.nguyenkimmall.com/images/detailed/757/dien-thoai-iphone-13-pro-max-1tb-xanh-duong-1.jpg,44.490.000đ, iPhone 13 Pro Max 1TB , Apple , Trung Quốc , 2021 , iOS 15 , Apple A15 Bionic , 6GB , 1TB ,
https://www.nguyenkim.com/iphone-13-pro-max-256gb-bac.html,Điện thoại iPhone 13 Pro Max 256GB Bạc,https://cdn.nguyenkimmall.com/images/companies/_1/Data_Price/Pic_Tags/2022/Badge/badge-top-left_600K.png,32.990.000đ, iPhone 13 Pro Max 256GB , Apple , Trung Quốc , 2021 , iOS 15 , Apple A15 Bionic , 6GB , 256GB ,
https://www.nguyenkim.com/iphone-13-pro-max-512gb-xam.html,Điện thoại iPhone 13 Pro Max 512GB Xám,https://cdn.nguyenkimmall.com/images/companies/_1/Data_Price/Pic_Tags/2022/Badge/NH-500k.png,38.490.000đ, iPhone 13 Pro Max 512GB , Apple , Trung Quốc , 2021 , iOS 15 , Apple A15 Bionic , 6GB , 512GB ,
https://www.nguyenkim.com/iphone-13-mini-128gb-do.html,Điện thoại iPhone 13 mini 128GB Đỏ,https://cdn.nguyenkimmall.com/images/thumbnails/600/336/detailed/755/dien-thoai-iphone-13-mini-128gb-do-1.jpg,18.490.000đ, iPhone 13 Mini 128GB , Apple , Trung Quốc ,, iOS 15 , Apple A15 Bionic , 4GB , 128GB , 132 x 64 x8 mm 
https://www.nguyenkim.com/iphone-13-pro-max-512gb-bac.html,Điện thoại iPhone 13 Pro Max 512GB Bạc,https://cdn.nguyenkimmall.com/images/companies/_1/Data_Price/Pic_Tags/2022/Badge/NH-500k.png,38.490.000đ, iPhone 13 Pro Max 512GB , Apple , Trung Quốc , 2021 , iOS 15 , Apple A15 Bionic , 6GB , 512GB ,
https://www.nguyenkim.com/iphone-13-pro-512gb-xanh-duong.html,Điện thoại iPhone 13 Pro 512GB Xanh Dương,https://cdn.nguyenkimmall.com/images/thumbnails/600/336/detailed/756/dien-thoai-iphone-13-pro-512gb-xanh-duong-1.jpg,35.990.000đ, iPhone 13 Pro 512GB , Apple , Trung Quốc , 2021 , iOS 15 , Apple A15 Bionic , 6GB , 512GB ,
https://www.nguyenkim.com/iphone-13-pro-max-1tb-vang-dong.html,Điện thoại iPhone 13 Pro Max 1TB Vàng Đồng,https://cdn.nguyenkimmall.com/images/thumbnails/600/336/detailed/757/dien-thoai-iphone-13-pro-max-1tb-vang-dong-1.jpg,44.490.000đ, iPhone 13 Pro Max 1TB , Apple , Trung Quốc , 2021 , iOS 15 , Apple A15 Bionic , 6GB , 1TB ,
https://www.nguyenkim.com/iphone-13-pro-1tb-xam.html,Điện thoại iPhone 13 Pro 1TB Xám,https://cdn.nguyenkimmall.com/images/detailed/756/dien-thoai-iphone-13-pro-1tb-xam-1.jpg,39.990.000đ, iPhone 13 Pro 1TB , Apple , Trung Quốc , 2021 , iOS 15 , Apple A15 Bionic , 6GB , 1TB ,
https://www.nguyenkim.com/dien-thoai-nokia-c21-plus-3gb-32gb-xam-anh-kim.html,Điện thoại Nokia C21 Plus 3GB/32GB Xám Ánh Kim,https://cdn.nguyenkimmall.com/images/detailed/803/10052243-dien-thoai-nokia-c21-plus-3gb-32gb-xam-anh-kim-1.jpg,3.190.000đ, NOKIAC21PLUS3/32 , Nokia , Trung Quốc ,, Android 11 (Go Edition) ,, 3 GB , 32 GB , 164.8 x 75.9 X 8.55 mm 
https://www.nguyenkim.com/dien-thoai-samsung-galaxy-a22-6gb-128gb-tim.html,Điện thoại Samsung Galaxy A22 6GB/128GB Tím,https://cdn.nguyenkimmall.com/images/thumbnails/600/336/detailed/738/10049548-dien-thoai-samsung-galaxy-a22-6gb-128gb-tim-1.jpg,4.790.000đ, A22 (SM-A225F/DS) , Samsung , Việt Nam ,,," Bộ vi xử lí tám nhân, xung nhịp tối đa 2GHz ", 6GB , 128GB ,
https://www.nguyenkim.com/dien-thoai-xiaomi-redmi-9a-2gb-32gb-xanh-la.html,Điện thoại Xiaomi Redmi 9A 2GB/32GB Xanh lá,https://cdn.nguyenkimmall.com/images/thumbnails/600/336/detailed/691/10047356-dien-thoai-xiaomi-redmi-9a-2gb-32gb-xanh-la-1.jpg,2.290.000đ, REDMI 9A , Xiaomi , Trung Quốc , 2020 , Android 10 , MediaTek Helio G25 8 nhân , 2 GB , 32 GB , Dài 164.9 mm - Ngang 77.07 mm - Dày 9 mm 
https://www.nguyenkim.com/dien-thoai-nokia-c20-2gb-32gb-vang.html,Điện thoại Nokia C20 2GB/32GB Vàng,https://cdn.nguyenkimmall.com/images/thumbnails/600/336/detailed/728/10049231-dien-thoai-nokia-c20-2gb-32gb-vang-1.jpg,2.040.000đ, NOKIAC20 , Nokia , Trung Quốc ,, Android 11 (phiên bản Go) , SC9863A 8 nhân | 1.6GHz , 2 GB DDR3 DRAM ," 32 GB e-MMC 5.1, hỗ trợ thẻ nhớ ngoài 64GB ", 169.9 x 77.9 X 8.8 mm 
https://www.nguyenkim.com/dien-thoai-vivo-y72-5g-8gb-128gb-den.html,Điện thoại Vivo Y72 5G 8GB/128GB Đen,https://cdn.nguyenkimmall.com/images/companies/_1/Data_Price/Pic_Tags/2022/Badge/300k.png,5.590.000đ, Y72 5G (V2041) , Vivo , Trung Quốc ,, Funtouch OS 11.1	 , Mediatek Dimensity 700	 , 8 GB , 128 GB , 163.95 x 75.30 x 8.50 mm 
https://www.nguyenkim.com/dien-thoai-xiaomi-redmi-9c-3gb-64gb-xanh-duong.html,Điện thoại Xiaomi Redmi 9C 3GB/64GB Xanh dương,https://cdn.nguyenkimmall.com/images/thumbnails/600/336/detailed/691/10047321-dien-thoai-xiaomi-redmi-9c-3gb-64gb-xanh-duong-1.jpg,2.790.000đ, REDMI 9C , Xiaomi , Trung Quốc , 2020 , Android 10 , MediaTek Helio G35 8 nhân , 3 GB , 64 GB , Dài 164.9 mm - Ngang 77.07 mm - Dày 9.0 mm 
https://www.nguyenkim.com/dien-thoai-vivo-y72-5g-8gb-128gb-xanh-hong.html,Điện thoại Vivo Y72 5G 8GB/128GB Xanh Hồng,https://cdn.nguyenkimmall.com/images/companies/_1/Data_Price/Pic_Tags/2022/Badge/300k.png,5.590.000đ, Y72 5G (V2041) , Vivo , Trung Quốc ,, Funtouch OS 11.1	 , Mediatek Dimensity 700	 , 8 GB , 128 GB , 163.95 x 75.30 x 8.50 mm 
https://www.nguyenkim.com/dien-thoai-iphone-12-pro-256gb-xam.html,Điện thoại iPhone 12 Pro 256GB Xám,https://cdn.nguyenkimmall.com/images/thumbnails/600/336/detailed/698/10047717-dien-thoai-iphone-12-pro-256gb-xam-1.jpg,24.990.000đ, IPHONE 12 PRO 256GB (MGMP3VN/A) , Apple , Trung Quốc , 2020 , iOS 14.1 , Apple A14 Bionic , 6 GB , 256 GB ,
https://www.nguyenkim.com/dien-thoai-iphone-12-64gb-xanh-la.html,Điện thoại iPhone 12 64GB Xanh lá,https://cdn.nguyenkimmall.com/images/thumbnails/600/336/detailed/698/10047702-dien-thoai-iphone-12-64gb-xanh-la-1.jpg,16.990.000đ, iPhone 12 64GB , Apple , Trung Quốc , 2020 , iOS 14.1 , Apple A14 Bionic , 4 GB , 64 GB , 146.7 x 71.5 x 7.4mm mm 
https://www.nguyenkim.com/dien-thoai-iphone-12-128gb-do.html,Điện thoại iPhone 12 128GB Đỏ,https://cdn.nguyenkimmall.com/images/thumbnails/600/336/detailed/698/10047705-dien-thoai-iphone-12-128gb-do-1.jpg,18.990.000đ, iPhone 12 128GB , Apple , Trung Quốc , 2020 , iOS 14.1 , Apple A14 Bionic , 4 GB , 128 GB , 146.7 x 71.5 x 7.4mm mm 
https://www.nguyenkim.com/dien-thoai-oppo-reno6-z-5g-8gb-128gb-bac.html,Điện thoại OPPO Reno6 Z 5G 8GB/128GB Bạc,https://cdn.nguyenkimmall.com/images/thumbnails/600/336/detailed/741/10049727-dien-thoai-oppo-reno6-z-5g-8gb-128gb-bac-1.jpg,7.592.000đ, RENO6Z5G (CPH2237) , OPPO , Trung Quốc ,," ColorOS 11.1, nền tảng Android 11 "," MTK Dimensity 800U 5G, tối đa 2.4GHz ", 8GB , 128GB , 160.2 x 73.38 x 7.97 mm 
https://www.nguyenkim.com/dien-thoai-vivo-v20-8gb-128gb-xanh-hong.html,Điện thoại Vivo V20 (8GB/128GB) Xanh hồng,https://www.nguyenkim.com/images/companies/_1/Content/video/10047465-dien-thoai-vivo-v20-8gb-128gb-xanh-hong.jpg,5.094.000đ, V20 , Vivo , Trung Quốc ,, Funtouch OS 11 (dựa trên Android 11)	 , Qualcomm® Snapdragon™ 720G	 , 8GB , 128GB , 161.30 x 74.20 x 7.38 mm 
https://www.nguyenkim.com/dien-thoai-iphone-12-pro-256gb-xanh.html,Điện thoại iPhone 12 Pro 256GB Xanh,https://cdn.nguyenkimmall.com/images/companies/_1/Data_Price/Pic_Tags/2022/Badge/NH-500k.png,28.990.000đ, IPHONE 12 PRO 256GB (MGMT3VN/A) , Apple , Trung Quốc , 2020 , iOS 14.1 , Apple A14 Bionic , 6 GB , 256 GB ,
https://www.nguyenkim.com/dien-thoai-iphone-12-64gb-den.html,Điện thoại iPhone 12 64GB Đen,https://cdn.nguyenkimmall.com/images/companies/_1/Data_Price/Pic_Tags/2022/Badge/NH-500k.png,16.990.000đ, iPhone 12 64GB , Apple , Trung Quốc , 2020 , iOS 14.1 , Apple A14 Bionic , 4 GB , 64 GB , 146.7 x 71.5 x 7.4mm mm 
https://www.nguyenkim.com/dien-thoai-oppo-a94-8gb-128gb-den.html,Điện thoại OPPO A94 8GB/128GB Đen,https://cdn.nguyenkimmall.com/images/detailed/724/10049029-dien-thoai-oppo-a94-8gb-128gb-den-1.jpg,6.152.000đ, CPH2203 , OPPO , Trung Quốc ,," ColorOS 11.1, nền tảng Android 11 "," Helio P95, tối đa 2.2GHz ", 8GB , 128GB , 160.1 x 73.2 x 7.8 mm 
https://www.nguyenkim.com/samsung-galaxy-s20-ultra.html?pid=93169,Điện thoại Samsung Galaxy S20 Ultra Đen,https://cdn.nguyenkimmall.com/images/thumbnails/640/177/detailed/631/10044954-1.jpg,23.992.000đ, SM-G988B/DS , Samsung , Việt Nam , 2020 ," Android 10, One UI 2.1 ", Exynos 990 , 12 GB , 128 GB ,
https://www.nguyenkim.com/samsung-galaxy-s20-plus-93294.html,Samsung Galaxy S20+ Đen,https://cdn.nguyenkimmall.com/images/detailed/631/10044970-dien-thoai-samsung-galaxy-sm-g985f-ds-s20-plus-den-1_shm6-82.jpg,23.990.000đ, SM-G985F/DS , Samsung , Việt Nam , 2020 ," Android 10, One UI 2.1 ", Exynos 990 , 8 GB , 128 GB ,
https://www.nguyenkim.com/dien-thoai-samsung-galaxy-a52-4g-8gb-128gb-tim.html,Điện thoại Samsung Galaxy A52 4G 8GB/128GB Tím,https://cdn.nguyenkimmall.com/images/thumbnails/600/336/detailed/716/10048675-dien-thoai-samsung-galaxy-a52-4g-128gb-tim-1.jpg,9.290.000đ, SM-A525F/DS , Samsung , Việt Nam ,,, Vi xử lý 8 nhân Snapdragon 720G , 8GB , 128GB ,
https://www.nguyenkim.com/samsung-galaxy-s20-plus-93174.html,Samsung Galaxy S20+ Xanh,https://cdn.nguyenkimmall.com/images/thumbnails/600/336/detailed/631/10044956-dien-thoai-samsung-sm-g985f-ds-128gb-xanh-1.jpg,19.192.000đ, SM-G985F/DS , Samsung , Việt Nam , 2020 ," Android 10, One UI 2.1 ", Exynos 990 , 8 GB , 128 GB ,
