url,title,pathImg,price,producer,size,pin,weight,hdh,chip,ram,memory,url,title,pathImg,price,model,producer,origin,year,hdh,chip,ram,memory,size
https://cellphones.com.vn/iphone-11.html,                        iPhone 11 64GB I Chính hãng VN/A                                             ,https://cdn2.cellphones.com.vn/358x/media/catalog/product/i/p/iphone_11_white_4_.png,11.690.000 ₫,apple,6.1 inches,3110 mAh,194 g,iOS 13 hoặc cao hơn (Tùy vào phiên bản phát hành),A13 Bionic,4 GB,64 GB,https://www.nguyenkim.com/dien-thoai-iphone-11-64gb-trang-vi-2.html,Điện thoại iPhone 11 64GB Trắng,https://cdn.nguyenkimmall.com/images/companies/_1/Data_Price/Pic_Tags/2022/Badge/badge-top-left_200K.png,11.690.000đ, IPHONE1164GB , Apple , Trung Quốc , 2019 , iOS 13 , Apple A13 Bionic 6 nhân , 4 GB , 64 GB ,
https://cellphones.com.vn/samsung-galaxy-s20-fe.html,                        Samsung Galaxy S20 FE 256GB (Fan Edition)                                            ,https://cdn2.cellphones.com.vn/358x/media/catalog/product/s/a/samsung-galaxy-20-fe_4_.jpg,10.990.000 ₫,samsung,6.5 inches,"Li-Po 4500 mAh, sạc nhanh 25W, sạc không dây cho các thiết bị ngoại vi 5.4W",190 g,"Android 10, One UI 2.5",Snapdragon 865,8 GB,256 GB,https://www.nguyenkim.com/dien-thoai-samsung-galaxy-s20-fe-8gb-256gb-xanh.html,Điện thoại Samsung Galaxy S20 FE 8GB/256GB Xanh,https://cdn.nguyenkimmall.com/images/detailed/728/10049352-dien-thoai-samsung-galaxy-s20-fe-8gb-256gb-xanh.jpg,10.290.000đ, GALAXYS20F (SM-G780F/DS) , Samsung , Việt Nam ,,,, 8 GB , 256 GB ,
https://cellphones.com.vn/iphone-12-pro-max.html,                        iPhone 12 Pro Max 128GB I Chính hãng VN/A                                             ,https://cdn2.cellphones.com.vn/358x/media/catalog/product/i/p/iphone_12_pro_max_white_1.png,26.590.000 ₫,apple,6.7 inches,"Li-Ion, sạc nhanh 20W, sạc không dây 15W, USB Power Delivery 2.0",228 ,iOS 14.1 hoặc cao hơn (Tùy vào phiên bản phát hành),Apple A14 Bionic (5 nm),6 GB,128 GB,https://www.nguyenkim.com/dien-thoai-iphone-12-pro-256gb-xam.html,Điện thoại iPhone 12 Pro 256GB Xám,https://cdn.nguyenkimmall.com/images/thumbnails/600/336/detailed/698/10047717-dien-thoai-iphone-12-pro-256gb-xam-1.jpg,24.990.000đ, IPHONE 12 PRO 256GB (MGMP3VN/A) , Apple , Trung Quốc , 2020 , iOS 14.1 , Apple A14 Bionic , 6 GB , 256 GB ,
https://cellphones.com.vn/vivo-y72.html,                        Vivo Y72 5G                                            ,https://cdn2.cellphones.com.vn/358x/media/catalog/product/v/i/vivo-y72-5g-2.jpg,5.790.000 ₫,vivo,6.58 inches,Li-Po 5000 mAh,193 g,"Android 11, Funtouch 11.1",MediaTek Dimensity 700 8 nhân,8 GB,128 GB,https://www.nguyenkim.com/dien-thoai-vivo-y72-5g-8gb-128gb-den.html,Điện thoại Vivo Y72 5G 8GB/128GB Đen,https://cdn.nguyenkimmall.com/images/companies/_1/Data_Price/Pic_Tags/2022/Badge/300k.png,5.590.000đ, Y72 5G (V2041) , Vivo , Trung Quốc ,, Funtouch OS 11.1	 , Mediatek Dimensity 700	 , 8 GB , 128 GB , 163.95 x 75.30 x 8.50 mm 
https://cellphones.com.vn/nokia-c21-plus-32gb.html,                        Nokia C21 Plus 3GB 32GB                                            ,https://cdn2.cellphones.com.vn/358x/media/catalog/product/n/o/nokia-c21-plus-600x600_2.jpg,2.690.000 ₫,nokia,6.52 inches,5050 mAh,178 g,Android 11 (Go edition),Unisoc SC9863A,3 GB,32 GB,https://www.nguyenkim.com/dien-thoai-nokia-c21-plus-3gb-32gb-xam-anh-kim.html,Điện thoại Nokia C21 Plus 3GB/32GB Xám Ánh Kim,https://cdn.nguyenkimmall.com/images/detailed/803/10052243-dien-thoai-nokia-c21-plus-3gb-32gb-xam-anh-kim-1.jpg,3.190.000đ, NOKIAC21PLUS3/32 , Nokia , Trung Quốc ,, Android 11 (Go Edition) ,, 3 GB , 32 GB , 164.8 x 75.9 X 8.55 mm 
https://cellphones.com.vn/samsung-galaxy-s20-ultra.html,                        Samsung Galaxy S20 Ultra                                            ,https://cdn2.cellphones.com.vn/358x/media/catalog/product/6/3/637170935875912528_ss-s20-ultra-den-1.png,16.000.000 ₫,samsung,6.9 inches,Li-Po 5000 mAh,222 g,Android 10.0; One UI 2,Exynos 990 (7 nm+),12 GB,128 GB,https://www.nguyenkim.com/samsung-galaxy-s20-ultra.html?pid=93169,Điện thoại Samsung Galaxy S20 Ultra Đen,https://cdn.nguyenkimmall.com/images/thumbnails/640/177/detailed/631/10044954-1.jpg,23.992.000đ, SM-G988B/DS , Samsung , Việt Nam , 2020 ," Android 10, One UI 2.1 ", Exynos 990 , 12 GB , 128 GB ,
https://cellphones.com.vn/xiaomi-redmi-note-11.html,                        Xiaomi Redmi Note 11                                            ,https://cdn2.cellphones.com.vn/358x/media/catalog/product/8/0/800x800-1-640x640-5_2.png,4.190.000 ₫,xiaomi,6.43 inches,Li-Po 5000 mAh,179 g,"Android 11, MIUI 12.5",Snapdragon 680 8 nhân,4 GB,64 GB,https://www.nguyenkim.com/dien-thoai-xiaomi-redmi-note-11-4gb-64gb-xanh-duong-dam.html,Điện thoại Xiaomi Redmi Note 11 4GB/64GB Xanh Dương Đậm,https://cdn.nguyenkimmall.com/images/thumbnails/600/336/detailed/794/10051505-dien-thoai-xiaomi-remi-note-11-4-gb-64-gb-xanh-duong-dam.jpg,3.990.000đ, Redmi Note 11 , Xiaomi , Trung Quốc , 2022 , Android 11 , Snapdragon 680 8 nhân , 4 GB , 64 GB , Dài 159.8 mm - Ngang 73.87 mm - Dày 8.09 mm 
https://cellphones.com.vn/iphone-13-pro-max.html,                        iPhone 13 Pro Max 128GB | Chính hãng VN/A                                            ,https://cdn2.cellphones.com.vn/358x/media/catalog/product/i/p/iphone_13-_pro-5_4.jpg,29.790.000 ₫,apple,6.7 inches,"4,325mAh",240g,iOS15,Apple A15,6 GB,128 GB,,,,,,,,,,,,,
https://cellphones.com.vn/samsung-galaxy-note-20-ultra-5g.html,                        Samsung Galaxy Note 20 Ultra 5G                                            ,https://cdn2.cellphones.com.vn/358x/media/catalog/product/y/e/yellow_final_2.jpg,18.990.000 ₫,samsung,6.9 inches,Non-removable Li-Ion 4500 mAh battery Fast charging 25W USB Power Delivery 3.0 Fast Qi/PMA wireless charging Reverse wireless charging 9W,208 g,"Android 10, One UI 2.1",Exynos 990 (7 nm+),12 GB,256 GB,,,,,,,,,,,,,
https://cellphones.com.vn/samsung-galaxy-a72.html,                        Samsung Galaxy A72                                            ,https://cdn2.cellphones.com.vn/358x/media/catalog/product/s/a/samsung-galaxy-a72-30.jpg,10.100.000 ₫,samsung,6.7 inches,Li-Ion 5000 mAh,203 g,"Android 11, One UI 3.0",Snapdragon 720G (8 nm),8 GB,256 GB,,,,,,,,,,,,,
https://cellphones.com.vn/samsung-galaxy-a52s.html,                        Samsung Galaxy A52s 5G                                            ,https://cdn2.cellphones.com.vn/358x/media/catalog/product/0/4/04_2_4.png,7.850.000 ₫,samsung,6.5 inches,4500 mAh,189 g,"Android 11, One UI 3.1",Snapdragon 778G 5G 8 nhân,8 GB,128 GB,,,,,,,,,,,,,
https://cellphones.com.vn/samsung-galaxy-s21-fe.html,                        Samsung Galaxy S21 FE 5G (6GB - 128GB)                                            ,https://cdn2.cellphones.com.vn/358x/media/catalog/product/s/m/sm-g990_s21fe_backfront_lv_7.png,11.290.000 ₫,samsung,6.4 inches,4500mAh,,,Exynos 2100 (5nm),6 GB,128 GB,,,,,,,,,,,,,
https://cellphones.com.vn/samsung-galaxy-a52.html,                        Samsung Galaxy A52                                            ,https://cdn2.cellphones.com.vn/358x/media/catalog/product/s/a/samsung-galaxy-a52-26.jpg,6.600.000 ₫,samsung,6.5 inches,Li-Po 4500 mAh,189 g,"Android 11, One UI 3.0",Snapdragon 720G (8 nm),8 GB,128 GB,,,,,,,,,,,,,
https://cellphones.com.vn/samsung-galaxy-note-20.html,                        Samsung Galaxy Note 20                                            ,https://cdn2.cellphones.com.vn/358x/media/catalog/product/m/i/mint_final.jpg,15.000.000 ₫,samsung,6.7 inches,Non-removable Li-Ion 4300 mAh battery Fast charging 25W USB Power Delivery 3.0 Fast Qi/PMA wireless charging Reverse wireless charging 9W,192 g,"Android 10, One UI 2.5",Exynos 990 (7 nm+),8 GB,256 GB,,,,,,,,,,,,,
https://cellphones.com.vn/xiaomi-redmi-note-11-pro-plus.html,                        Xiaomi Redmi Note 11 Pro Plus 5G                                            ,https://cdn2.cellphones.com.vn/358x/media/catalog/product/1/1/11-pro-plus-blue.jpg,8.690.000 ₫,xiaomi,6.67 inches,Li-Po 4500 mAh,204 g,"Android 11, MIUI 12.5",MediaTek Dimensity 920 5G (6 nm),8 GB,256 GB,,,,,,,,,,,,,
https://cellphones.com.vn/xiaomi-redmi-note-11-pro.html,                        Xiaomi Redmi Note 11 Pro                                            ,https://cdn2.cellphones.com.vn/358x/media/catalog/product/t/_/t_i_xu_ng_2_18.png,6.450.000 ₫,xiaomi,6.67 inches,5000mAh (typ),202g,"Android 11, MIUI 12.5",MediaTek Helio G96,8 GB,128 GB,,,,,,,,,,,,,
https://cellphones.com.vn/oppo-reno7-z.html,                        OPPO Reno7 Z (5G)                                            ,https://cdn2.cellphones.com.vn/358x/media/catalog/product/c/o/combo_product_-_rainbow_spectrum_-_reno7_z.png,9.390.000 ₫,oppo,6.43 inches,"4,500 mAh",173g,Android 11 - ColorOS 12,Snapdragon 695 5G 8 nhân,8 GB,128 GB,,,,,,,,,,,,,
https://cellphones.com.vn/oppo-reno-6z.html,                        OPPO Reno6 Z 5G                                            ,https://cdn2.cellphones.com.vn/358x/media/catalog/product/o/p/oppo_reno6.jpg,6.790.000 ₫,oppo,6.43 inches,4310mAh (Typ),173g,"ColorOS 11.3, nền tảng Android 11",MediaTek Dimensity 800U 5G 8 nhân,8 GB,128 GB,,,,,,,,,,,,,
https://cellphones.com.vn/oppo-reno-7.html,                        OPPO Reno7 (5G)                                            ,https://cdn2.cellphones.com.vn/358x/media/catalog/product/c/o/combo_product_-_blue_-_reno7_5g.png,11.490.000 ₫,oppo,6.4 inches,Li-Po 4500 mAh,160.6 x 73.2 x 7.81 mm,"Android 11, ColorOS 12",MediaTek Dimensity 900,8 GB,256 GB,,,,,,,,,,,,,
https://cellphones.com.vn/oppo-reno-6.html,                        OPPO Reno6 5G                                            ,https://cdn2.cellphones.com.vn/358x/media/catalog/product/r/e/reno6-1_1.jpg,10.390.000 ₫,oppo,6.43 inches, Li-P0 4300 mAh,182 g ,"Android 11, ColorOS 11.3",MT6877 Dimensity 900 5G (6 nm),8 GB,128 GB,,,,,,,,,,,,,
https://cellphones.com.vn/oppo-a95.html,                        OPPO A95                                            ,https://cdn2.cellphones.com.vn/358x/media/catalog/product/c/o/combo_a95_-_en_-_cmyk.jpg,6.090.000 ₫,oppo,6.43 inches,5000mAh,175g,"ColorOS 11.1, Android 11",Qualcomm® Snapdragon™ 662,8 GB,128 GB,,,,,,,,,,,,,
https://cellphones.com.vn/oppo-reno-5-5g.html,                        OPPO Reno5 5G                                            ,https://cdn2.cellphones.com.vn/358x/media/catalog/product/o/p/oppo-reno-5-5g_2_.jpg,8.990.000 ₫,oppo,6.43 inches,"4300mAh (Typ), Sạc siêu nhanh",Khoảng 172g (Bao gồm pin) - màu Đen Khoảng 180g (Bao gồm pin) - màu Bạc,"ColorOS 11.1, Nền tảng Android 11",Qualcomm SM7250 Snapdragon 765G (7 nm),8 GB,128 GB,,,,,,,,,,,,,
https://cellphones.com.vn/oppo-reno-5.html,                        OPPO Reno5                                            ,https://cdn2.cellphones.com.vn/358x/media/catalog/product/o/p/oppo-reno-5_3_.jpg,7.790.000 ₫,oppo,6.43 inches,"4310mAh (Typ), Sạc siêu nhanh",Khoảng 171g (Bao gồm pin),"ColorOS 11.1, Nền tảng Android 11","Qualcomm Snapdragon 720G, tối đa 2.3GHz",8 GB,128 GB,,,,,,,,,,,,,
https://cellphones.com.vn/oppo-a16k.html,                        OPPO A16K                                            ,https://cdn2.cellphones.com.vn/358x/media/catalog/product/c/o/combo_a16k_-_black.jpg,3.190.000 ₫,oppo,6.52 inches,4230 mA,175g,,"Helio G35 8 nhân, tối đa 2.3GHz",3 GB,32 GB,,,,,,,,,,,,,
https://cellphones.com.vn/nokia-x10.html,                        Nokia X10 5G                                            ,https://cdn2.cellphones.com.vn/358x/media/catalog/product/n/o/nokia-x10.jpg,4.690.000 ₫,nokia,6.67 inches,Li-Po 4470 mAh,210 g,Android 11,Snapdragon 480 5G (8 nhân),6 GB,128 GB,,,,,,,,,,,,,
https://cellphones.com.vn/nokia-g10.html,                        Nokia G10                                            ,https://cdn2.cellphones.com.vn/358x/media/catalog/product/t/_/t_i_xu_ng_3.png,2.990.000 ₫,nokia,6.5 inches,5050 mAh,194g,2 năm nâng cấp hệ điều hành,Mediatek G25 8x A53 2.0GHz,4 GB,64 GB,,,,,,,,,,,,,
https://cellphones.com.vn/nokia-g50.html,                        Nokia G50 (5G)                                            ,https://cdn2.cellphones.com.vn/358x/media/catalog/product/n/o/nokia-g50-4_1.jpeg,4.590.000 ₫,nokia,6.82 inches,5000 mAh, 220g ,Android 11 (64bit)| 2 năm cập nhật bảo mật hàng tháng,Snapdragon 480 8 nhân 5G,6 GB,128 GB,,,,,,,,,,,,,
https://cellphones.com.vn/nokia-c20-16gb.html,                        Nokia C20 2GB 16GB                                            ,https://cdn2.cellphones.com.vn/358x/media/catalog/product/n/o/nokia-c20-2_4.jpg,1.690.000 ₫,nokia,6.52 inches,Li-Ion 2950mAh,191 g,,Unisoc SC9863A,2 GB,16 GB,,,,,,,,,,,,,
https://cellphones.com.vn/nokia-105-dual-sim-2019.html,                        Nokia 105 2 SIM (2019)                                            ,https://cdn2.cellphones.com.vn/358x/media/catalog/product/a/e/ae08c25c6e913812f2fd60aca318bd8a_1.jpg,470.000 ₫,nokia,1.77 inches,Pin chuẩn Li-Ion 800 mAh,73 g,,,,,,,,,,,,,,,,,
https://cellphones.com.vn/nokia-c20.html,                        Nokia C20                                            ,https://cdn2.cellphones.com.vn/358x/media/catalog/product/n/o/nokia-c20-2.jpg,2.090.000 ₫,nokia,6.52 inches,Li-Ion 2950mAh,191 g,,Unisoc SC9863A,2 GB,32 GB,,,,,,,,,,,,,
https://cellphones.com.vn/nokia-c21-plus.html,                        Nokia C21 Plus 3GB 64GB                                            ,https://cdn2.cellphones.com.vn/358x/media/catalog/product/n/o/nokia-c21-plus-600x600_2_1.jpg,2.890.000 ₫,nokia,6.52 inches,5050 mAh,178 g,Android 11 (Go edition),Unisoc SC9863A,3 GB,64 GB,,,,,,,,,,,,,
https://cellphones.com.vn/realme-c35.html,                        Realme C35 4GB 64GB                                            ,https://cdn2.cellphones.com.vn/358x/media/catalog/product/f/r/frame3935-640x640.png,3.990.000 ₫,realme,6.6 inches,5000mAh,189 g,Android 11,Unisoc T616 8 nhân,4 GB,64 GB,,,,,,,,,,,,,
https://cellphones.com.vn/realme-9-pro.html,                        Realme 9 Pro                                            ,https://cdn2.cellphones.com.vn/358x/media/catalog/product/r/e/real_me_pro_002.jpg,7.190.000 ₫,realme,6.6 inches,5000mAh,195 g,"Android 12, UI 3.0",Qualcomm Snapdragon 695 5G,8 GB,128 GB,,,,,,,,,,,,,
https://cellphones.com.vn/realme-c11-2021.html,                        Realme C11 (2021)                                            ,https://cdn2.cellphones.com.vn/358x/media/catalog/product/d/o/download_15_5.jpg,2.490.000 ₫,realme,6.5 inches,5000mAh,196 g,Android Go,Unisoc SC9863A ,2 GB,32 GB,,,,,,,,,,,,,
https://cellphones.com.vn/realme-8.html,                        Realme 8                                            ,https://cdn2.cellphones.com.vn/358x/media/catalog/product/r/e/realme-8-1_2.png,6.390.000 ₫,realme,6.4 inches,Li-Po 5000 mAh,177 g,"Android 11, Realme UI 2.0",Mediatek Helio G95 (12 nm),8 GB,128 GB,,,,,,,,,,,,,
https://cellphones.com.vn/realme-9-pro-plus.html,                        Realme 9 Pro Plus                                            ,https://cdn2.cellphones.com.vn/358x/media/catalog/product/9/_/9_ro_plus.png,8.990.000 ₫,realme,6.4 inches,4500mAh,182g,"UI 3.0, Android 12",MediaTek Dimensity 920 5G ,8 GB,128 GB,,,,,,,,,,,,,
https://cellphones.com.vn/realme-9i.html,                        Realme 9i                                            ,https://cdn2.cellphones.com.vn/358x/media/catalog/product/t/_/t_i_xu_ng_2__3_6.png,5.790.000 ₫,realme,6.6 inches,,,"Android 12, Realme UI 3.0",Qualcomm SM6225 Snapdragon 680 4G (6 nm),6 GB,128 GB,,,,,,,,,,,,,
https://cellphones.com.vn/realme-c15.html,                        Realme C15                                            ,https://cdn2.cellphones.com.vn/358x/media/catalog/product/6/3/637400868092278961_realme-c15-xanh-1_2.png,3.490.000 ₫,realme,6.5 inches,"Li-Po 6000 mAh battery, Fast charging 18W",209 g,"Android 10, realme UI 1.0",Qualcomm SM4250 Snapdragon 460 (11 nm),4 GB,64 GB,,,,,,,,,,,,,
https://cellphones.com.vn/realme-7.html,                        Realme 7                                            ,https://cdn2.cellphones.com.vn/358x/media/catalog/product/r/e/realme-7-1.jpg,5.590.000 ₫,realme,6.5 inches,"5000 mAh, sạc nhanh 30W",195 g,realme UI 1.0 - Android 10,MediaTek Helio G95 Cortex-A76,8 GB,128 GB,,,,,,,,,,,,,
https://cellphones.com.vn/realme-c25.html,                        Realme C25                                            ,https://cdn2.cellphones.com.vn/358x/media/catalog/product/r/e/realme-c25-1.jpg,4.690.000 ₫,realme,6.5 inches,6000mAh,209g bao gồm pin,Android 11,MediaTek G70,4 GB,128 GB,,,,,,,,,,,,,
https://cellphones.com.vn/realme-6.html,                        Realme 6                                            ,https://cdn2.cellphones.com.vn/358x/media/catalog/product/6/3/637202043964930819_realme-6-trang-1.png,5.190.000 ₫,realme,6.5 inches,"4300 mAh, Sạc nhanh VOOC 4.0(30W)",191 g,Android v10 (Q),Mediatek Helio G90T,4 GB,128 GB,,,,,,,,,,,,,
https://cellphones.com.vn/realme-c17.html,                        Realme C17                                            ,https://cdn2.cellphones.com.vn/358x/media/catalog/product/r/e/realme-c17_1_.jpg,4.390.000 ₫,realme,6.5 inches,"Li-Po 5000 mAh, sạc nhanh 18W",188 g,Android 10,Qualcomm SM4250 Snapdragon 460 (11 nm),6 GB,128 GB,,,,,,,,,,,,,
https://cellphones.com.vn/realme-7i.html,                        Realme 7i                                            ,https://cdn2.cellphones.com.vn/358x/media/catalog/product/r/e/realme-7i-xanh-duong_1.jpg,4.990.000 ₫,realme,6.5 inches,"Li-Po 5000 mAh, sạc nhanh 18W",188 ,"Android 10, Realme UI",Qualcomm SM6115 Snapdragon 662 (11 nm),8 GB,128 GB,,,,,,,,,,,,,
https://cellphones.com.vn/realme-8-pro.html,                        Realme 8 Pro                                            ,https://cdn2.cellphones.com.vn/358x/media/catalog/product/r/e/realme-8-pro-2_2.png,7.590.000 ₫,realme,6.4 inches,Li-Po 4500 mAh,176 g,"Android 11, Realme UI 2.0",Snapdragon 720G (8 nm),8 GB,128 GB,,,,,,,,,,,,,
https://cellphones.com.vn/realme-c25y.html,                        Realme C25Y                                            ,https://cdn2.cellphones.com.vn/358x/media/catalog/product/r/e/realme-c25y-2.jpg,3.990.000 ₫,realme,6.5 inches,5000 mAh,200 g,"Android 11, Realme UI R",Spreadtrum T610 8 nhân,4 GB,128 GB,,,,,,,,,,,,,
https://cellphones.com.vn/realme-7-pro.html,                        Realme 7 Pro                                            ,https://cdn2.cellphones.com.vn/358x/media/catalog/product/r/e/realme-7-pro-2.jpg,6.590.000 ₫,realme,6.44 inches,"4500 mAh, SuperDart Hỗ trợ sạc 65W",182g bao gồm pin,realme UI 1.0 - Android 10,Qualcomm® Snapdragon™ 720G ,8 GB,128 GB,,,,,,,,,,,,,
https://cellphones.com.vn/realme-c21y.html,                        Realme C21Y                                            ,https://cdn2.cellphones.com.vn/358x/media/catalog/product/r/e/realme-c21y.jpg,3.290.000 ₫,realme,6.5 inches,5000 mAh,,Android 11,Spreadtrum T610 8 nhân,3 GB,32 GB,,,,,,,,,,,,,
https://cellphones.com.vn/realme-8-5g.html,                        Realme 8 5G                                            ,https://cdn2.cellphones.com.vn/358x/media/catalog/product/r/e/realme-8-5g-blue-1-600x600_1.jpg,6.790.000 ₫,realme,6.5 inches,Li-Po 5000 mAh,185 g,"Android 11, Realme UI 2.0",MediaTek Dimensity 700 5G 8 nhân,8 GB,128 GB,,,,,,,,,,,,,
https://cellphones.com.vn/realme-c12.html,                        Realme C12                                            ,https://cdn2.cellphones.com.vn/358x/media/catalog/product/r/e/realme_c12_0001_realme_c12-removebg-preview.jpg,3.490.000 ₫,realme,6.52 inches,"Li-po 6000 mAh, sạc nhanh 10W",Khoảng 209g bao gồm Pin,Realme UI,MediaTek Helio G35 ,3 GB,32 GB,,,,,,,,,,,,,
https://cellphones.com.vn/realme-c35-128gb.html,                        Realme C35 4GB 128GB                                            ,https://cdn2.cellphones.com.vn/358x/media/catalog/product/f/r/frame3935-640x640_2.png,4.590.000 ₫,realme,6.6 inches,5000mAh,189 g,Android 11,Unisoc T616 8 nhân,4 GB,128 GB,,,,,,,,,,,,,
https://cellphones.com.vn/realme-c11-2021-4gb-64gb.html,                        Realme C11 2021 4GB 64GB                                             ,https://cdn2.cellphones.com.vn/358x/media/catalog/product/r/e/realme-c11-2021-gray-600x600_2.jpg,3.190.000 ₫,realme,6.5 inches,5000mAh,196 g,Android Go,Unisoc SC9863A ,4 GB,64 GB,,,,,,,,,,,,,
https://cellphones.com.vn/vsmart-aris-8gb.html,                        Vsmart Aris 8GB 128GB                                            ,https://cdn2.cellphones.com.vn/358x/media/catalog/product/1/1/11_3_1_1.png,3.790.000 ₫,vsmart,6.39 inches,"4,000mAh, sạc nhanh Quick Charge 3.0 18W",Đang cập nhật,"Android 10, VOS 3.0",Snapdragon 730 8 nhân,8 GB,128 GB,,,,,,,,,,,,,
https://cellphones.com.vn/vsmart-aris-pro.html,                        Vsmart Aris Pro                                            ,https://cdn2.cellphones.com.vn/358x/media/catalog/product/1/1/11_1_8.png,4.490.000 ₫,vsmart,,"4,000mAh, hỗ trợ sạc nhanh Quick Charge 3.0 18W",Đang cập nhật,"Android 10, VOS 3.0",Qualcomm SDM730 Snapdragon 730 (8 nm),8 GB,128 GB,,,,,,,,,,,,,
https://cellphones.com.vn/vsmart-joy-4.html,                        Vsmart Joy 4                                            ,https://cdn2.cellphones.com.vn/358x/media/catalog/product/v/s/vsmart-joy-4_2_.png,3.290.000 ₫,vsmart,6.5 inches,Li-Po 5000 mAh batterySạc nhanh 18W,203g,"Android 10, VOS 3.0",Qualcomm SDM665 Snapdragon 665 (11 nm),3 GB,64 GB,,,,,,,,,,,,,
https://cellphones.com.vn/vsmart-live-4.html,                        Vsmart Live 4                                            ,https://cdn2.cellphones.com.vn/358x/media/catalog/product/v/s/vsmart-live-_4_1_.jpg,4.290.000 ₫,vsmart,6.5 inches,"Li-Po 5000 mAh mAh battery, sạc nhanh 18W",217g,"Android 10, VOS 3.0",Snapdragon 675 8 nhân,6 GB,64 GB,,,,,,,,,,,,,
https://cellphones.com.vn/vsmart-active-3.html,                        Vsmart Active 3 6GB Ram                                            ,https://cdn2.cellphones.com.vn/358x/media/catalog/product/v/s/vsmart-active-3_2_.png,2.990.000 ₫,vsmart,6.39 inches,4020mAh,,VOS 2.5,Mediatek Helio P60 ,,64 GB,,,,,,,,,,,,,
https://cellphones.com.vn/vsmart-star-5.html,                        Vsmart Star 5                                            ,https://cdn2.cellphones.com.vn/358x/media/catalog/product/v/s/vsmart-star-5-1_3.jpg,2.690.000 ₫,vsmart,6.53 inches,Li-Po 5000 mAh,196.26 g,"VOS 4.0, nền tảng Android 11","MediaTek Helio G35, tối đa 2.5 GHz",3 GB,32 GB,,,,,,,,,,,,,
https://cellphones.com.vn/vsmart-joy-4-4gb.html,                        Vsmart Joy 4 4GB                                            ,https://cdn2.cellphones.com.vn/358x/media/catalog/product/v/s/vsmart-joy-4_1__2.png,3.590.000 ₫,vsmart,6.5 inches,Li-Po 5000 mAh batterySạc nhanh 18W,Đang cập nhật,"Android 10, VOS 3.0",Qualcomm SDM665 Snapdragon 665 (11 nm),4 GB,64 GB,,,,,,,,,,,,,
https://cellphones.com.vn/vsmart-joy-3-4gb.html,                        Vsmart Joy 3 4GB                                            ,https://cdn2.cellphones.com.vn/358x/media/catalog/product/j/o/joy-3-4g-tim.jpg,2.490.000 ₫,vsmart,6.5 inches,Li-on 5000 mAh,192 g,Android 10,Qualcomm Snapdragon 632,4 GB,64 GB,,,,,,,,,,,,,
https://cellphones.com.vn/vsmart-active-3-4gb.html,                        Vsmart Active 3 4GB Ram                                            ,https://cdn2.cellphones.com.vn/358x/media/catalog/product/v/s/vsmart-active-3_3__2.png,2.690.000 ₫,vsmart,6.39 inches,4020mAh,,VOS 2.5,Mediatek Helio P60 ,,64 GB,,,,,,,,,,,,,
https://cellphones.com.vn/vsmart-star-5-4gb-64gb.html,                        Vsmart Star 5 4GB 64GB                                            ,https://cdn2.cellphones.com.vn/358x/media/catalog/product/v/s/vsmart-star-5-1_3_1.jpg,3.290.000 ₫,vsmart,6.52 inches,5000 mAh,196.26 g,VOS 4.0 (Android 11),MediaTek Helio G35 8 nhân ,4 GB,64 GB,,,,,,,,,,,,,
https://cellphones.com.vn/vsmart-joy-4-6gb.html,                        Vsmart Joy 4 6GB                                            ,https://cdn2.cellphones.com.vn/358x/media/catalog/product/v/s/vsmart-joy-4_1__2_2_4.png,3.990.000 ₫,vsmart,6.5 inches,Li-Po 5000 mAh batterySạc nhanh 18W,Đang cập nhật,"Android 10, VOS 3.0",Qualcomm SDM665 Snapdragon 665 (11 nm),6 GB,64 GB,,,,,,,,,,,,,
https://cellphones.com.vn/asus-rog-phone-5.html,                        ASUS ROG Phone 5 chính hãng                                            ,https://cdn2.cellphones.com.vn/358x/media/catalog/product/a/s/asus-rog-phone-5_0002_gsmarena_001.jpg,18.990.000 ₫,asus,6.78 inches,6000 mAh,238 g,"Android 11, ROG UI",Snapdragon 888 (5 nm),16 GB,256 GB,,,,,,,,,,,,,
https://cellphones.com.vn/asus-rog-phone-5s-512gb.html,                        ASUS ROG Phone 5S 16GB 512GB                                            ,https://cdn2.cellphones.com.vn/358x/media/catalog/product/h/7/h732_1.png,20.490.000 ₫,asus,6.78 inches,6000 mAh,238 g,"Android 11, ROG UI",Snapdragon 888 Plus 8 nhân,16 GB,512 GB,,,,,,,,,,,,,
https://cellphones.com.vn/asus-rog-phone-5s.html,                        ASUS ROG Phone 5S 16GB 256GB                                            ,https://cdn2.cellphones.com.vn/358x/media/catalog/product/a/s/asus-rog-phone-5_0002_gsmarena_001_3_1.jpg,18.690.000 ₫,asus,6.78 inches,6000 mAh,238g,Android 11,Qualcomm® Snapdragon® 888+ 5G Mobile Platform,16 GB,256 GB,,,,,,,,,,,,,
https://cellphones.com.vn/asus-rog-phone-5s-12gb.html,                        ASUS ROG Phone 5S 12GB 256GB                                            ,https://cdn2.cellphones.com.vn/358x/media/catalog/product/a/s/asus-rog-phone-5_0002_gsmarena_001_3_1_3.jpg,17.690.000 ₫,asus,6.78 inches,6000 mAh,238g,Android 11,Qualcomm® Snapdragon® 888+ 5G Mobile Platform,12 GB,256 GB,,,,,,,,,,,,,
https://cellphones.com.vn/asus-rog-phone-3.html,                        ASUS ROG Phone 3 Chính hãng                                            ,https://cdn2.cellphones.com.vn/358x/media/catalog/product/r/o/rog_3.jpg,16.990.000 ₫,asus,6.59 inches,"- Pin Li-Po 6,000 mAh  - Sạc nhanh 30W, hỗ trợ chuẩn PD 3.0, Quick Charge 4.0, 3.0  - Sạc ngược không dây 10W",240 g (8.47 oz),"Android 10, ROG UI",Qualcomm Snapdragon 865+ (7nm+),12 GB,512 GB,,,,,,,,,,,,,
https://cellphones.com.vn/asus-rog-phone-5s-8gb-128gb.html,                        ASUS ROG Phone 5S 8GB 128GB                                             ,https://cdn2.cellphones.com.vn/358x/media/catalog/product/a/s/asus-rog-phone-5_0002_gsmarena_001_3_1_4.jpg,15.490.000 ₫,asus,6.78 inches,6000 mAh,238g,Android 11,Qualcomm® Snapdragon® 888+ 5G Mobile Platform,8 GB,128 GB,,,,,,,,,,,,,
https://cellphones.com.vn/asus-rog-phone-2.html,                        ASUS ROG Phone 2 512GB                                            ,https://cdn2.cellphones.com.vn/358x/media/catalog/product/_/6/_600x600__crop_600_asus_rog_phone2_min_1.jpg,20.490.000 ₫,asus,6.59 inches,"6000mAh, hỗ trợ Quick Charge 4.0 và PD Charging",240 g,Android 9.0 (Pie),Snapdragon 855 Plus Mobile Platform ,12 GB,512 GB,,,,,,,,,,,,,
https://cellphones.com.vn/vivo-x80.html,                        Vivo X80                                            ,https://cdn2.cellphones.com.vn/358x/media/catalog/product/5/3/53_2_11.jpg,19.990.000 ₫,vivo,6.75 inches,Li-Po 4500 mAh,206 g,"Funtouch OS 12, Android 12",MediaTek Dimensity 9000,12 GB,256 GB,,,,,,,,,,,,,
https://cellphones.com.vn/vivo-x80-pro.html,                        Vivo X80 Pro                                            ,https://cdn2.cellphones.com.vn/358x/media/catalog/product/g/a/gallery-pc-img1_2.jpg,29.990.000 ₫,vivo,6.78 inches,"Li-Po 4700 mAh, không thể tháo rời pin",219g,Android 12,Snapdragon 8 Gen 1,12 GB,256 GB,,,,,,,,,,,,,
https://cellphones.com.vn/vivo-x70-pro.html,                        Vivo X70 Pro 5G                                            ,https://cdn2.cellphones.com.vn/358x/media/catalog/product/6/3/637677310894938336_vivo-x70-pro-den-1_1.jpg,16.990.000 ₫,vivo,6.56 inches,4450 mAh,185 g,"Android 11,  Funtouch OS 12 (phiên bản quốc tế)",Dimensity 1200,12 GB,256 GB,,,,,,,,,,,,,
https://cellphones.com.vn/vivo-v23-5g.html,                        Vivo V23 5G                                            ,https://cdn2.cellphones.com.vn/358x/media/catalog/product/v/i/vivo_v23_03.jpg,10.990.000 ₫,vivo,6.44 inches,4200mAh,179g - 181g,"Funtouch OS 12, Android 12)",MediaTek Dimensity 920,8 GB,128 GB,,,,,,,,,,,,,
https://cellphones.com.vn/vivo-v23e.html,                        Vivo V23e                                            ,https://cdn2.cellphones.com.vn/358x/media/catalog/product/c/9/c91ba5bf721d5b2d4eae4f821b8e4ced.png,6.790.000 ₫,vivo,6.44 inches,4050mAh,172g,Android 11,MediaTek Helio G96,8 GB,128 GB,,,,,,,,,,,,,
https://cellphones.com.vn/vivo-y15s.html,                        Vivo Y15s                                            ,https://cdn2.cellphones.com.vn/358x/media/catalog/product/v/i/vivo-y15s-2021-261021-114837-600x600.jpg,2.750.000 ₫,vivo,6.51 inches,5000mAh,179 g,Android 11,MediaTek Helio P35 8 nhân,3 GB,32 GB,,,,,,,,,,,,,
https://cellphones.com.vn/vivo-x60-pro.html,                        Vivo X60 Pro 5G                                            ,https://cdn2.cellphones.com.vn/358x/media/catalog/product/v/i/vivo-x60-pro-8.jpg,13.290.000 ₫,vivo,6.56 inches,4200 mAh,178 g,Android 11,Snapdragon 870 5G (7 nm),12 GB + 3 GB (RAM bổ sung),256 GB,,,,,,,,,,,,,
https://cellphones.com.vn/vivo-y33s.html,                        Vivo Y33S                                            ,https://cdn2.cellphones.com.vn/358x/media/catalog/product/v/i/vivo-y33s-100.jpg,5.900.000 ₫,vivo,6.58 inches,Li-Po 5000 mAh,182 g,"Android 11, Funtouch 11.1",MediaTek Helio G80,8 GB,128 GB,,,,,,,,,,,,,
https://cellphones.com.vn/vivo-y21.html,                        Vivo Y21                                            ,https://cdn2.cellphones.com.vn/358x/media/catalog/product/v/i/vivo-y21-white-01-1-600x600.jpg,3.500.000 ₫,vivo,6.51 inches,5000mAh,182 g,Android 11,Helio P35 (MTK6765),4 GB,64 GB,,,,,,,,,,,,,
https://cellphones.com.vn/vivo-y12s.html,                        Vivo Y12s (2021)                                            ,https://cdn2.cellphones.com.vn/358x/media/catalog/product/v/i/vivo-y12s.jpg,3.100.000 ₫,vivo,6.5 inches,Li-Po 5000 mAh,191 g,"Android 10, Funtouch 11",Qualcomm Snapdragon 439,3 GB,32 GB,,,,,,,,,,,,,
https://cellphones.com.vn/vivo-v20.html,                        Vivo V20                                            ,https://cdn2.cellphones.com.vn/358x/media/catalog/product/v/i/vivo-v20_2_.jpg,6.500.000 ₫,vivo,6.44 inches,"Li-Po 4000 mAh, sạc nhanh 33W",171 g,"Android 11, Funtouch 10.5",Qualcomm SM7125 Snapdragon 720G (8 nm),8 GB,128 GB,,,,,,,,,,,,,
https://cellphones.com.vn/vivo-v21.html,                        Vivo V21 5G                                            ,https://cdn2.cellphones.com.vn/358x/media/catalog/product/v/i/vivo-v21-5g-2.jpg,8.500.000 ₫,vivo,6.44 inches,Li-Po 4000 mAh,176 g,"Android 11, Funtouch 11.1",Dimensity 800U 5G (7 nm),8 GB,128 GB,,,,,,,,,,,,,
https://cellphones.com.vn/vivo-y30.html,                        Vivo Y30                                            ,https://cdn2.cellphones.com.vn/358x/media/catalog/product/v/i/vivo-y30-_3.png,2.990.000 ₫,vivo,6.47 inches, Li-Po 5000 mAh battery,197 g,"Android 10, Funtouch 10.0",Mediatek MT6765 Helio P35 (12nm),4 GB,128 GB,,,,,,,,,,,,,
https://cellphones.com.vn/vivo-y20s.html,                        Vivo Y20S                                            ,https://cdn2.cellphones.com.vn/358x/media/catalog/product/v/i/vivo-y20s.jpg,3.190.000 ₫,vivo,6.5 inches,"Li-Po 5000 mAh, sạc nhanh 18W",192.3 g,"Android 10, Funtouch 10.0",Qualcomm SM4250 Snapdragon 460 (11 nm),6 GB,128 GB,,,,,,,,,,,,,
https://cellphones.com.vn/vivo-v19.html,                        Vivo V19                                            ,https://cdn2.cellphones.com.vn/358x/media/catalog/product/v/i/vivo-v19-_4.png,5.190.000 ₫,vivo,6.44 inches,"Li-Po 4500 mAh battery, Fast charging 33W",186.5 g,"Android 10, Funtouch 10.0",Qualcomm SDM712 Snapdragon 712 (10 nm),8 GB,128 GB,,,,,,,,,,,,,
https://cellphones.com.vn/vivo-y21s.html,                        Vivo Y21S (4GB - 128GB)                                            ,https://cdn2.cellphones.com.vn/358x/media/catalog/product/v/i/vivo-y21s-600x600.jpg,4.300.000 ₫,vivo,6.51 inches,5000 mAh,182 g, Android 11,MediaTek Helio G80 8 nhân,4 GB,128 GB,,,,,,,,,,,,,
https://cellphones.com.vn/vivo-y53s.html,                        Vivo Y53S                                            ,https://cdn2.cellphones.com.vn/358x/media/catalog/product/v/i/vivo_y53s_blue_bg.png,4.990.000 ₫,vivo,6.58 inches,5000 mAh,190g,"Android 11, Funtouch OS 11.1 ",Helio G80,8 GB,128 GB,,,,,,,,,,,,,
https://cellphones.com.vn/vivo-y21s-6gb.html,                        Vivo Y21S (6GB - 128GB)                                            ,https://cdn2.cellphones.com.vn/358x/media/catalog/product/v/i/vivo-y21s-600x600_1.jpg,4.650.000 ₫,vivo,6.51 inches,5000 mAh,182 g, Android 11,MediaTek Helio G80 8 nhân,6 GB,128 GB,,,,,,,,,,,,,
https://cellphones.com.vn/vivo-v20-se.html,                        Vivo V20 SE                                            ,https://cdn2.cellphones.com.vn/358x/media/catalog/product/6/3/637399143538220514_vivo-v20-se-den-1.png,5.490.000 ₫,vivo,6.39 inches,"4500 mAh, sạc nhanh 18W",190 g,,Qualcomm Snapdragon 665 (11 nm),8 GB,128 GB,,,,,,,,,,,,,
,,,,,,,,,,,,https://www.nguyenkim.com/dien-thoai-xiaomi-redmi-9a-2gb-32gb-xanh-duong.html,Điện thoại Xiaomi Redmi 9A 2GB/32GB Xanh dương,https://cdn.nguyenkimmall.com/images/thumbnails/600/336/detailed/691/10046547-dien-thoai-xiaomi-redmi-9a-2gb-32gb-xanh-duong-1.jpg,2.290.000đ, REDMI 9A , Xiaomi , Trung Quốc , 2020 , Android 10 , MediaTek Helio G25 8 nhân , 2 GB , 32 GB , Dài 164.9 mm - Ngang 77.07 mm - Dày 9 mm 
,,,,,,,,,,,,https://www.nguyenkim.com/dien-thoai-samsung-galaxy-a52-4g-8gb-128gb-xanh.html,Điện thoại Samsung Galaxy A52 4G 8GB/128GB Xanh,https://cdn.nguyenkimmall.com/images/detailed/716/10048676-dien-thoai-samsung-galaxy-a52-4g-128gb-xanh-1.jpg,6.290.000đ, SM-A525F/DS , Samsung , Việt Nam ,,, Vi xử lý 8 nhân Snapdragon 720G , 8GB , 128GB ,
,,,,,,,,,,,,https://www.nguyenkim.com/dien-thoai-samsung-galaxy-a32-4g-6gb-128gb-xanh.html,Điện thoại Samsung Galaxy A32 4G 6GB/128GB Xanh,https://cdn.nguyenkimmall.com/images/thumbnails/600/336/detailed/717/10048673-dien-thoai-samsung-galaxy-a32-4g-128gb-xanh-1_7t44-z0.jpg,5.650.000đ, SM-A325F/DS , Samsung , Việt Nam ,,," Vi xử lý Helio G80 (12nm), Octa-core 2.0GHz ", 6GB , 128GB ,
,,,,,,,,,,,,https://www.nguyenkim.com/dien-thoai-samsung-galaxy-a52-4g-8gb-128gb-den.html,Điện thoại Samsung Galaxy A52 4G 8GB/128GB Đen,https://cdn.nguyenkimmall.com/images/thumbnails/600/336/detailed/716/10048677-dien-thoai-samsung-galaxy-a52-4g-128gb-den-1.jpg,6.290.000đ, SM-A525F/DS , Samsung , Việt Nam ,,, Vi xử lý 8 nhân Snapdragon 720G , 8GB , 128GB ,
,,,,,,,,,,,,https://www.nguyenkim.com/samsung-galaxy-a32-4g-6gb-128gb-tim.html,Điện thoại Samsung Galaxy A32 4G 6GB/128GB Tím,https://cdn.nguyenkimmall.com/images/thumbnails/600/336/detailed/717/10048672-dien-thoai-samsung-galaxy-a32-4g-128gb-tim-1.jpg,5.650.000đ, SM-A325F/DS , Samsung , Việt Nam , 2021 , 	Android ," Vi xử lý Helio G80 (12nm), Octa-core 2.0GHz ", 6GB , 128GB ,
,,,,,,,,,,,,https://www.nguyenkim.com/dien-thoai-samsung-galaxy-a72-4g-8gb-256gb-den.html,Điện thoại Samsung Galaxy A72 4G 8GB/256GB Đen,https://cdn.nguyenkimmall.com/images/thumbnails/600/336/detailed/716/10048740-dien-thoai-samsung-galaxy-a72-4g-256gb-den-1.jpg,11.490.000đ, SM-A725F/DS , Samsung , Việt Nam ,,, Vi xử lý 8 nhân Snapdragon 720G , 8GB , 256GB ,
,,,,,,,,,,,,https://www.nguyenkim.com/dien-thoai-samsung-galaxy-a32-4g-6gb-128gb-den.html,Điện thoại Samsung Galaxy A32 4G 6GB/128GB Đen,https://cdn.nguyenkimmall.com/images/thumbnails/600/336/detailed/716/10048674-dien-thoai-samsung-galaxy-a32-4g-128gb-den-1.jpg,5.650.000đ, SM-A325F/DS , Samsung , Việt Nam ,,," Vi xử lý Helio G80 (12nm), Octa-core 2.0GHz ", 6GB , 128GB ,
,,,,,,,,,,,,https://www.nguyenkim.com/dien-thoai-samsung-galaxy-a72-4g-8gb-256gb-tim.html,Điện thoại Samsung Galaxy A72 4G 8GB/256GB Tím,https://cdn.nguyenkimmall.com/images/thumbnails/600/336/detailed/716/10048738-dien-thoai-samsung-galaxy-a72-4g-256gb-tim-1.jpg,11.490.000đ, SM-A725F/DS , Samsung , Việt Nam ,,, Vi xử lý 8 nhân Snapdragon 720G , 8GB , 256GB ,
,,,,,,,,,,,,https://www.nguyenkim.com/dien-thoai-xiaomi-redmi-9c-3gb-64gb-xam.html,Điện thoại Xiaomi Redmi 9C 3GB/64GB Xám,https://cdn.nguyenkimmall.com/images/thumbnails/600/336/detailed/691/10047323-dien-thoai-xiaomi-redmi-9c-3gb-64gb-xam-1.jpg,2.790.000đ, REDMI 9C , Xiaomi , Trung Quốc , 2020 , Android 10 , MediaTek Helio G35 8 nhân , 3 GB , 64 GB , Dài 164.9 mm - Ngang 77.07 mm - Dày 9.0 mm 
,,,,,,,,,,,,https://www.nguyenkim.com/dien-thoai-samsung-galaxy-s21-ultra-5g-12gb-128gb-bac.html,Điện thoại Samsung Galaxy S21 Ultra 5G 12GB/128GB Bạc,https://cdn.nguyenkimmall.com/images/thumbnails/600/336/detailed/711/10048468-dien-thoai-samsung-galaxy-s21-ultra-12gb-128gb-bac-1.jpg,19.990.000đ, SM-G998B/DS , Samsung , Việt Nam ,,, Vi xử lý Exynos 2100 (5nm) , 12GB , 128GB ,
,,,,,,,,,,,,https://www.nguyenkim.com/dien-thoai-samsung-galaxy-a72-4g-8gb-256gb-xanh.html,Điện thoại Samsung Galaxy A72 4G 8GB/256GB Xanh,https://cdn.nguyenkimmall.com/images/thumbnails/600/336/detailed/716/10048739-dien-thoai-samsung-galaxy-a72-4g-256gb-xanh-1.jpg,9.192.000đ, SM-A725F/DS , Samsung , Việt Nam ,,, Vi xử lý 8 nhân Snapdragon 720G , 8GB , 256GB ,
,,,,,,,,,,,,https://www.nguyenkim.com/dien-thoai-xiaomi-redmi-9a-2gb-32gb-xam.html,Điện thoại Xiaomi Redmi 9A 2GB/32GB Xám,https://cdn.nguyenkimmall.com/images/thumbnails/600/336/detailed/691/10046546-dien-thoai-xiaomi-redmi-9a-2gb-32-gb-xam-1.jpg,2.290.000đ, REDMI 9A , Xiaomi , Trung Quốc , 2020 , Android 10 , MediaTek Helio G25 8 nhân , 2 GB , 32 GB , Dài 164.9 mm - Ngang 77.07 mm - Dày 9 mm 
,,,,,,,,,,,,https://www.nguyenkim.com/samsung-galaxy-s20-ultra.html,Điện thoại Samsung Galaxy S20 Ultra Xám,https://cdn.nguyenkimmall.com/images/detailed/631/10044955-1.jpg,29.990.000đ, SM-G988B/DS , Samsung , Việt Nam , 2020 ," Android 10, One UI 2.1 ", Exynos 990 , 12 GB , 128 GB ,
,,,,,,,,,,,,https://www.nguyenkim.com/dien-thoai-oppo-reno4-xanh-thien-ha.html,Điện thoại OPPO Reno4 Xanh thiên hà,https://www.nguyenkim.com/images/companies/_1/Content/video/10046909%2C%2010046910-oppo-reno4.jpg,6.792.000đ, CPH2113 , OPPO , Trung Quốc , 2020 ," ColorOS 7.2, nền tảng Android 10 ", Qualcomm Snapdragon 720G , 8 GB , 128 GB , 160.3 x 73.9 x 7.7 mm 
,,,,,,,,,,,,https://www.nguyenkim.com/dien-thoai-samsung-galaxy-a22-6gb-128gb-xanh.html,Điện thoại Samsung Galaxy A22 6GB/128GB Xanh,https://cdn.nguyenkimmall.com/images/thumbnails/600/336/detailed/738/10049549-dien-thoai-samsung-galaxy-a22-6gb-128gb-xanh-1.jpg,4.790.000đ, A22 (SM-A225F/DS) , Samsung , Việt Nam ,,," Bộ vi xử lí tám nhân, xung nhịp tối đa 2GHz ", 6GB , 128GB ,
,,,,,,,,,,,,https://www.nguyenkim.com/dien-thoai-samsung-galaxy-a72-4g-8gb-256gb-trang.html,Điện thoại Samsung Galaxy A72 4G 8GB/256GB Trắng,https://cdn.nguyenkimmall.com/images/thumbnails/600/336/detailed/723/10048938-dien-thoai-samsung-galaxy-a72-4g-8gb-256gb-trang-1.jpg,11.490.000đ, SM-A725F/DS , Samsung , Việt Nam ,,, Vi xử lý 8 nhân Snapdragon 720G , 8GB , 256GB ,
,,,,,,,,,,,,https://www.nguyenkim.com/dien-thoai-samsung-galaxy-a22-6gb-128gb-den.html,Điện thoại Samsung Galaxy A22 6GB/128GB Đen,https://cdn.nguyenkimmall.com/images/thumbnails/600/336/detailed/738/10049550-dien-thoai-samsung-galaxy-a22-6gb-128gb-den-1.jpg,4.790.000đ, A22 (SM-A225F/DS) , Samsung , Việt Nam ,,," Bộ vi xử lí tám nhân, xung nhịp tối đa 2GHz ", 6GB , 128GB ,
,,,,,,,,,,,,https://www.nguyenkim.com/dien-thoai-xiaomi-redmi-9c-3gb-64gb-cam.html,Điện thoại Xiaomi Redmi 9C 3GB/64GB Cam,https://cdn.nguyenkimmall.com/images/thumbnails/600/336/detailed/691/10047322-dien-thoai-xiaomi-redmi-9c-3gb-64gb-cam-1.jpg,2.790.000đ, REDMI 9C , Xiaomi , Trung Quốc , 2020 , Android 10 , MediaTek Helio G35 8 nhân , 3 GB , 64 GB , Dài 164.9 mm - Ngang 77.07 mm - Dày 9.0 mm 
,,,,,,,,,,,,https://www.nguyenkim.com/dien-thoai-nokia-c20-2gb-32gb-xanh.html,Điện thoại Nokia C20 2GB/32GB Xanh,https://cdn.nguyenkimmall.com/images/thumbnails/600/336/detailed/728/10049232-dien-thoai-nokia-c20-2gb-32gb-xanh-1.jpg,2.040.000đ, NOKIAC20 , Nokia , Trung Quốc ,, Android 11 (phiên bản Go) , SC9863A 8 nhân | 1.6GHz , 2 GB DDR3 DRAM ," 32 GB e-MMC 5.1, hỗ trợ thẻ nhớ ngoài 64GB ", 169.9 x 77.9 X 8.8 mm 
,,,,,,,,,,,,https://www.nguyenkim.com/dien-thoai-samsung-galaxy-a13-4gb-128gb-den.html,Điện thoại Samsung Galaxy A13 4GB/128GB Đen,https://cdn.nguyenkimmall.com/images/thumbnails/600/336/detailed/789/10051526-dien-thoai-samsung-galaxy-a13-4gb-128gb-den-1.jpg,3.890.000đ, SM-A135F/DS , Samsung , Việt Nam ,,, Exynos850 (8 nhân) , 4GB , 128GB ,
,,,,,,,,,,,,https://www.nguyenkim.com/dien-thoai-samsung-a33-5g-6gb-128gb-xanh.html,Điện thoại Samsung A33 5G 6GB/128GB Xanh,https://cdn.nguyenkimmall.com/images/detailed/796/10051579-dien-thoai-samsung-a33-5g-6gb-128gb-xanh-1.jpg,8.090.000đ, SM-A336E/DS , Samsung , Việt Nam ,, 	Android ,, 6GB , 128GB ," Cao 159,7 x Rộng 74,0 x Dày 8,1 mm "
,,,,,,,,,,,,https://www.nguyenkim.com/dien-thoai-samsung-galaxy-a03-32gb-den.html,Điện thoại Samsung Galaxy A03 32GB Đen,https://cdn.nguyenkimmall.com/images/thumbnails/600/336/detailed/776/10051129-dien-thoai-samsung-galaxy-a03-32gb-den-1.jpg,2.790.000đ, A03 (SM-A035F/DS) , Samsung , Việt Nam ,,,,, 32GB ,
,,,,,,,,,,,,https://www.nguyenkim.com/dien-thoai-samsung-galaxy-a13-4gb-128gb-xanh.html,Điện thoại Samsung Galaxy A13 4GB/128GB Xanh,https://cdn.nguyenkimmall.com/images/thumbnails/600/336/detailed/790/10051525-dien-thoai-samsung-galaxy-a13-4gb-128gb-xanh-1.jpg,3.890.000đ, SM-A135F/DS , Samsung , Việt Nam ,,, Exynos850 (8 nhân) , 4GB , 128GB ,
,,,,,,,,,,,,https://www.nguyenkim.com/dien-thoai-samsung-galaxy-a23-4gb-128gb-den.html,Điện thoại Samsung Galaxy A23 4GB/128GB Đen,https://cdn.nguyenkimmall.com/images/thumbnails/600/336/detailed/790/10051573-dien-thoai-samsung-galaxy-a23-4gb-128gb-den-1.jpg,4.890.000đ, SM-A235F/DS , Samsung , Việt Nam ,,, Snapdragon 680 (SM6225) (8 nhân) , 4GB , 128GB ,
,,,,,,,,,,,,https://www.nguyenkim.com/dien-thoai-samsung-a33-5g-6gb-128gb-den.html,Điện thoại Samsung A33 5G 6GB/128GB Đen,https://cdn.nguyenkimmall.com/images/thumbnails/600/336/detailed/796/10051580-dien-thoai-samsung-a33-5g-6gb-128gb-den-1.jpg,8.090.000đ, SM-A336E/DS , Samsung , Việt Nam ,, 	Android ,, 6GB , 128GB ," Cao 159,7 x Rộng 74,0 x Dày 8,1 mm "
,,,,,,,,,,,,https://www.nguyenkim.com/dien-thoai-samsung-galaxy-a03-32gb-xanh.html,Điện thoại Samsung Galaxy A03 32GB Xanh,https://cdn.nguyenkimmall.com/images/thumbnails/600/336/detailed/776/10051128-dien-thoai-samsung-galaxy-a03-32gb-xanh-1.jpg,2.790.000đ, A03 (SM-A035F/DS) , Samsung , Việt Nam ,,,,, 32GB ,
,,,,,,,,,,,,https://www.nguyenkim.com/dien-thoai-samsung-galaxy-a03s-64gb-den.html,Điện thoại Samsung Galaxy A03s 64GB Đen,https://cdn.nguyenkimmall.com/images/thumbnails/600/336/detailed/745/10049870-dien-thoai-samsung-galaxy-a03s-64gb-den-1.jpg,3.190.000đ, A03s (SM-A037F/DS) , Samsung , Việt Nam ,, Android , MediaTek MT6765 , 4GB , 64GB , 164.2 x 75.9 x 9.1 mm 
,,,,,,,,,,,,https://www.nguyenkim.com/dien-thoai-samsung-galaxy-a03s-64gb-xanh.html,Điện thoại Samsung Galaxy A03s 64GB Xanh,https://cdn.nguyenkimmall.com/images/thumbnails/600/336/detailed/745/10049869-dien-thoai-samsung-galaxy-a03s-64gb-xanh-1.jpg,3.190.000đ, A03s (SM-A037F/DS) , Samsung , Việt Nam ,,, MediaTek MT6765 , 4GB , 64GB , 164.2 x 75.9 x 9.1 mm 
,,,,,,,,,,,,https://www.nguyenkim.com/dien-thoai-samsung-a53-5g-128gb-cam.html,Điện thoại Samsung A53 5G 128GB Cam,https://cdn.nguyenkimmall.com/images/thumbnails/600/336/detailed/790/10051585-dien-thoai-samsung-a53-5g-128gb-cam-1.jpg,8.990.000đ, SM-A536E/DS , Samsung , Việt Nam ,,, Exynos 1280 (8 nhân) , 8GB , 128GB ,
,,,,,,,,,,,,https://www.nguyenkim.com/dien-thoai-samsung-galaxy-a23-4gb-128gb-xanh.html,Điện thoại Samsung Galaxy A23 4GB/128GB Xanh,https://cdn.nguyenkimmall.com/images/thumbnails/600/336/detailed/790/10051572-dien-thoai-samsung-galaxy-a23-4gb-128gb-xanh-1.jpg,4.890.000đ, SM-A235F/DS , Samsung , Việt Nam ,,, Snapdragon 680 (SM6225) (8 nhân) , 4GB , 128GB ,
,,,,,,,,,,,,https://www.nguyenkim.com/dien-thoai-vivo-y15s-3gb-32gb-xanh-den.html,Điện thoại Vivo Y15s 3GB/32GB Xanh Đen,https://cdn.nguyenkimmall.com/images/thumbnails/600/336/detailed/755/10050442-dien-thoai-vivo-y15s-3gb-32gb-xanh-den-1.jpg,2.750.000đ, Y15s (V2120) , Vivo , Trung Quốc ,, Funtouch OS 11.1 (Tùy biến trên Android 11 (Go Edition) , MediaTek Helio P35  , 3GB	 , 32GB  , 163.96 x 75.2 x 8.28 mm 
,,,,,,,,,,,,https://www.nguyenkim.com/dien-thoai-samsung-a53-5g-128gb-xanh.html,Điện thoại Samsung A53 5G 128GB Xanh,https://cdn.nguyenkimmall.com/images/thumbnails/600/336/detailed/790/10051583-dien-thoai-samsung-a53-5g-128gb-xanh-1.jpg,8.990.000đ, SM-A536E/DS , Samsung , Việt Nam ,,, Exynos 1280 (8 nhân) , 8GB , 128GB ,
,,,,,,,,,,,,https://www.nguyenkim.com/dien-thoai-samsung-a73-8gb-128gb-xanh.html,Điện thoại Samsung A73 8GB/128GB Xanh,https://cdn.nguyenkimmall.com/images/thumbnails/600/336/detailed/796/10051820-dien-thoai-samsung-a73-6gb-128gb-xanh-1.jpg,11.190.000đ, A336 A736 , Samsung , Việt Nam ,, Android 12 , Snapdragon 778G (8 nhân) , 8GB , 128GB , 7.6 x 163.7 x 76.1 mm 
,,,,,,,,,,,,https://www.nguyenkim.com/dien-thoai-samsung-a53-5g-128gb-den.html,Điện thoại Samsung A53 5G 128GB Đen,https://cdn.nguyenkimmall.com/images/detailed/788/10051584-dien-thoai-samsung-a53-5g-128gb-den-1.jpg,8.990.000đ, SM-A536E/DS , Samsung , Việt Nam ,,, Exynos 1280 (8 nhân) , 8GB , 128GB ,
,,,,,,,,,,,,https://www.nguyenkim.com/dien-thoai-iphone-11-64gb-tim-vi-2.html,Điện thoại iPhone 11 64GB Tím,https://cdn.nguyenkimmall.com/images/companies/_1/Data_Price/Pic_Tags/2022/Badge/badge-top-left_200K.png,11.690.000đ, IPHONE1164GB , Apple , Trung Quốc , 2019 , iOS 13 , Apple A13 Bionic 6 nhân , 4 GB , 64 GB ,
,,,,,,,,,,,,https://www.nguyenkim.com/dien-thoai-vivo-y15s-3gb-32gb-trang-xanh.html,Điện thoại Vivo Y15s 3GB/32GB Trắng Xanh,https://cdn.nguyenkimmall.com/images/thumbnails/600/336/detailed/755/10050441-dien-thoai-vivo-y15s-3gb-32gb-trang-xanh-1.jpg,2.750.000đ, Y15s (V2120) , Vivo , Trung Quốc ,, Funtouch OS 11.1 (Tùy biến trên Android 11 (Go Edition) , MediaTek Helio P35  , 3GB	 , 32GB  , 163.96 x 75.2 x 8.28 mm 
,,,,,,,,,,,,https://www.nguyenkim.com/dien-thoai-samsung-a73-8gb-128gb-xam.html,Điện thoại Samsung A73 8GB/128GB Xám,https://cdn.nguyenkimmall.com/images/thumbnails/600/336/detailed/796/10051821-dien-thoai-samsung-a73-6gb-128gb-xam-1.jpg,11.190.000đ, A336 A736 , Samsung , Việt Nam ,, Android 12 ,, 8 GB , 128 GB ,
,,,,,,,,,,,,https://www.nguyenkim.com/dien-thoai-oppo-a16k-xanh.html,Điện thoại OPPO A16K 3GB/32GB Xanh,https://cdn.nguyenkimmall.com/images/thumbnails/600/336/detailed/771/10050851-dien-thoai-oppo-a16k-3gb-32gb-xanh-1.jpg,3.150.000đ, A16K (CPH2349) , OPPO , Trung Quốc , 2021 ," ColorOS 11, nền tảng Android 11 "," Helio G35 8 nhân, tối đa 2.3GHz ", 3GB , 32GB , 164 x 75.4 x 7.85 mm 
,,,,,,,,,,,,https://www.nguyenkim.com/dien-thoai-oppo-a55-4gb-64gb-den.html,Điện thoại OPPO A55 4GB/64GB Đen,https://cdn.nguyenkimmall.com/images/thumbnails/600/336/detailed/755/10050417-dien-thoai-oppo-a55-4gb-64gb-den-1.jpg,4.190.000đ, A55 (CPH2325) , OPPO , Trung Quốc ,," ColorOS 11.1, nền tảng Android 11 "," Helio G35, tối đa 2.3GHz ", 4GB , 64GB , 163.6 x 75.7 x 8.4 mm 
,,,,,,,,,,,,https://www.nguyenkim.com/dien-thoai-samsung-galaxy-a23-4gb-128gb-cam.html,Điện thoại Samsung Galaxy A23 4GB/128GB Cam,https://cdn.nguyenkimmall.com/images/thumbnails/600/336/detailed/790/10051574-dien-thoai-samsung-galaxy-a23-4gb-128gb-cam-1.jpg,4.890.000đ, SM-A235F/DS , Samsung , Việt Nam ,,, Snapdragon 680 (SM6225) (8 nhân) , 4GB , 128GB ,
,,,,,,,,,,,,https://www.nguyenkim.com/dien-thoai-oppo-a55-4gb-64gb-xanh.html,Điện thoại OPPO A55 4GB/64GB Xanh,https://cdn.nguyenkimmall.com/images/thumbnails/600/336/detailed/755/10050438-dien-thoai-oppo-a55-4gb-64gb-xanh-1.jpg,4.190.000đ, A55 (CPH2325) , OPPO , Trung Quốc ,," ColorOS 11.1, nền tảng Android 11 "," Helio G35, tối đa 2.3GHz ", 4GB , 64GB , 163.6 x 75.7 x 8.4 mm 
,,,,,,,,,,,,https://www.nguyenkim.com/dien-thoai-nokia-c30-3gb-32gb-xanh-luc.html,Điện thoại Nokia C30 3GB/32GB Xanh Lục,https://cdn.nguyenkimmall.com/images/detailed/782/10051279-dien-thoai-nokia-c30-3gb-32gb-xanh-luc-1.jpg,2.650.000đ, NOKIAC30 , Nokia , Trung Quốc ,, Android 11 (Go Edition) ,, 3GB , 32 GB , Dài 177.7 mm - Ngang 79.1 mm - Dày 9.9 mm mm 
,,,,,,,,,,,,https://www.nguyenkim.com/dien-thoai-oppo-a95-bac.html,Điện thoại Oppo A95 8GB/128GB Bạc,https://cdn.nguyenkimmall.com/images/detailed/770/10050754-dien-thoai-oppo-a95-8gb-128gb-bac-1.jpg,5.990.000đ, A95 (CPH2365) , OPPO , Trung Quốc ,," ColorOS 11.1, nền tảng Android 11 "," Qualcomm Snapdragon 662, tối đa 2.0GHz ", 8GB , 128GB , 160.3 x 73.8 x 7.95 mm 
,,,,,,,,,,,,https://www.nguyenkim.com/dien-thoai-samsung-galaxy-a03-32gb-do.html,Điện thoại Samsung Galaxy A03 32GB Đỏ,https://cdn.nguyenkimmall.com/images/thumbnails/600/336/detailed/776/10051130-dien-thoai-samsung-galaxy-a03-32gb-do-1.jpg,2.790.000đ, A03 (SM-A035F/DS) , Samsung , Việt Nam ,,,,, 32GB ,
,,,,,,,,,,,,https://www.nguyenkim.com/dien-thoai-xiaomi-redmi-note-11pro-8gb-128gb-xam.html,Điện thoại Xiaomi Redmi Note 11 Pro 8GB/128GB Xám,https://cdn.nguyenkimmall.com/images/companies/_1/Data_Price/Pic_Tags/2022/Badge/300k.png,6.590.000đ, REDMINOTE11PRO5G , Xiaomi , Trung Quốc ,, Android 11 ,, 8GB , 128GB ,
,,,,,,,,,,,,https://www.nguyenkim.com/dien-thoai-oppo-a76-6gb-128gb-den.html,Điện thoại OPPO A76 6GB/128GB Đen,https://cdn.nguyenkimmall.com/images/thumbnails/600/336/detailed/785/10051456-dien-thoai-oppo-a76-6gb-128gb-den-1.jpg,5.490.000đ, CPH2375 - A76 , OPPO , Trung Quốc ,," ColorOS 11.1, nền tảng Android 11 "," Qualcomm Snapdragon 680, tối đa 2.4GHz ", 6GB , 128GB , 164.4 x 75.7 x 8.4 mm 
,,,,,,,,,,,,https://www.nguyenkim.com/dien-thoai-oppo-a76-6gb-128gb-xanh.html,Điện thoại OPPO A76 6GB/128GB Xanh,https://cdn.nguyenkimmall.com/images/detailed/785/10051457-dien-thoai-oppo-a76-6gb-128gb-xanh-1.jpg,5.490.000đ, CPH2375 - A76 , OPPO , Trung Quốc ,," ColorOS 11.1, nền tảng Android 11 "," Qualcomm Snapdragon 680, tối đa 2.4GHz ", 6GB , 128GB , 164.4 x 75.7 x 8.4 mm 
,,,,,,,,,,,,https://www.nguyenkim.com/dien-thoai-samsung-galaxy-a13-4gb-128gb-cam.html,Điện thoại Samsung Galaxy A13 4GB/128GB Cam,https://cdn.nguyenkimmall.com/images/thumbnails/600/336/detailed/790/10051527-dien-thoai-samsung-galaxy-a13-4gb-128gb-cam-1.jpg,3.890.000đ, SM-A135F/DS , Samsung , Việt Nam ,,, Exynos850 (8 nhân) , 4GB , 128GB ,
,,,,,,,,,,,,https://www.nguyenkim.com/dien-thoai-oppo-reno7-z-5g-bac.html,Điện thoại OPPO Reno7 Z 5G Bạc,https://cdn.nguyenkimmall.com/images/detailed/788/10051589-dien-thoai-oppo-reno7-z-5g-bac-1.jpg,9.490.000đ, CPH2343 - RENO7Z 5G , OPPO , Trung Quốc ,," ColorOS 12, nền tảng Android 11 "," Qualcomm Snapdragon 695 5G, tối đa 2.2GHz ", 8GB , 128GB , 159.9 x 73.2 x 7.49 mm 
,,,,,,,,,,,,https://www.nguyenkim.com/dien-thoai-samsung-galaxy-a52s-5g-8gb-128gb-tim.html,Điện thoại Samsung Galaxy A52s 5G 8GB/128GB Tím,https://cdn.nguyenkimmall.com/images/detailed/748/10049943-dien-thoai-samsung-galaxy-a52s-5g-8gb-128gb-tim-1.jpg,10.990.000đ, SM-A528B/DS , Samsung , Việt Nam ,, Android 11 , Qualcomm Snapdragon 778G 5G (6 nm) , 8GB , 128GB ,
,,,,,,,,,,,,https://www.nguyenkim.com/dien-thoai-vivo-y33s-8gb-128gb-den.html,Điện thoại Vivo Y33s 8GB/128GB Đen,https://cdn.nguyenkimmall.com/images/companies/_1/Data_Price/Pic_Tags/2022/Badge/300k.png,4.890.000đ, V2109 - Y33S , Vivo , Trung Quốc ,, Funtouch OS 11.1 (Tuỳ biến trên Android 11) , MediaTek Helio G80 , 8GB , 128GB , 164.26x76.08x8.00 mm 
,,,,,,,,,,,,https://www.nguyenkim.com/dien-thoai-oppo-reno7-z-5g-den.html,Điện thoại OPPO Reno7 Z 5G Đen,https://cdn.nguyenkimmall.com/images/thumbnails/600/336/detailed/788/10051588-dien-thoai-oppo-reno7-z-5g-den-1.jpg,9.490.000đ, CPH2343 - RENO7Z 5G , OPPO , Trung Quốc ,," ColorOS 12, nền tảng Android 11 "," Qualcomm Snapdragon 695 5G, tối đa 2.2GHz ", 8GB , 128GB , 159.9 x 73.2 x 7.49 mm 
,,,,,,,,,,,,https://www.nguyenkim.com/dien-thoai-oppo-a95-den.html,Điện thoại Oppo A95 8GB/128GB Đen,https://cdn.nguyenkimmall.com/images/detailed/770/10050753-dien-thoai-oppo-a95-8gb-128gb-den-1.jpg,5.990.000đ, A95 (CPH2365) , OPPO , Trung Quốc ,," ColorOS 11.1, nền tảng Android 11 "," Qualcomm Snapdragon 662, tối đa 2.0GHz ", 8GB , 128GB , 160.3 x 73.8 x 7.95 mm 
,,,,,,,,,,,,https://www.nguyenkim.com/dien-thoai-vivo-v23e-8gb-128gb-den.html,Điện thoại Vivo V23e 8GB/128GB Đen,https://cdn.nguyenkimmall.com/images/thumbnails/600/336/detailed/766/10050700-dien-thoai-vivo-v23e-8gb-128gb-den-1.jpg,6.490.000đ, V23e (V2116) , Vivo , Trung Quốc ,, Funtouch OS 12 (Tùy biến trên Android 11) , MediaTek Helio G96 , 8GB , 128GB , 160.87 x 74.28 x 7.36 mm 
,,,,,,,,,,,,https://www.nguyenkim.com/dien-thoai-vivo-y21s-4gb-128gb-trang.html,Điện thoại Vivo Y21s 4GB/128GB Trắng,https://cdn.nguyenkimmall.com/images/thumbnails/600/336/detailed/751/10049935-dien-thoai-vivo-y21s-4gb-128gb-trắng-1.jpg,4.150.000đ, Y21s (V2110) , Vivo , Trung Quốc ,, Funtouch OS 11.1 (Tuỳ biến trên Android 11) , Mediatek Helio G80  , 4GB , 128GB , 164.26 x 76.08 x 8.00 mm 
,,,,,,,,,,,,https://www.nguyenkim.com/dien-thoai-vivo-y33s-8gb-128gb-xanh-hong.html,Điện thoại Vivo Y33s 8GB/128GB Xanh Hồng,https://cdn.nguyenkimmall.com/images/companies/_1/Data_Price/Pic_Tags/2022/Badge/300k.png,4.890.000đ, V2109 - Y33S , Vivo , Trung Quốc ,, Funtouch OS 11.1 (Tuỳ biến trên Android 11) , MediaTek Helio G80 , 8GB , 128GB , 164.26x76.08x8.00 mm 
,,,,,,,,,,,,https://www.nguyenkim.com/dien-thoai-samsung-a33-5g-6gb-128gb-cam.html,Điện thoại Samsung A33 5G 6GB/128GB Cam,https://cdn.nguyenkimmall.com/images/thumbnails/600/336/detailed/796/10051581-dien-thoai-samsung-a33-5g-6gb-128gb-cam-1.jpg,8.090.000đ, SM-A336E/DS , Samsung , Việt Nam ,, 	Android ,, 6GB , 128GB ," Cao 159,7 x Rộng 74,0 x Dày 8,1 mm "
,,,,,,,,,,,,https://www.nguyenkim.com/dien-thoai-oppo-reno7-4g-8gb-128gb-den.html,Điện thoại OPPO Reno7 4G 8GB/128GB Đen,https://cdn.nguyenkimmall.com/images/thumbnails/600/336/detailed/803/10052320-dien-thoai-oppo-reno7-4g-8gb-128gb-den-1.jpg,7.690.000đ, RENO74G , OPPO , Trung Quốc , 2022 ," Android 12, ColorOS 12.1 "," Qualcomm Snapdragon 680, tối đa 2.4GHz ", 	8GB , 	128GB ,
,,,,,,,,,,,,https://www.nguyenkim.com/dien-thoai-samsung-a53-5g-128gb-trang.html,Điện thoại Samsung A53 5G 128GB Trắng,https://cdn.nguyenkimmall.com/images/thumbnails/600/336/detailed/788/10051586-dien-thoai-samsung-a53-5g-128gb-trang-1.jpg,8.990.000đ, SM-A536E/DS , Samsung , Việt Nam ,,, Exynos 1280 (8 nhân) , 8GB , 128GB ,
,,,,,,,,,,,,https://www.nguyenkim.com/dien-thoai-vivo-y21-4gb-64gb-trang.html,Điện thoại Vivo Y21 4GB/64GB Trắng,https://cdn.nguyenkimmall.com/images/thumbnails/600/336/detailed/770/10050029-dien-thoai-vivo-y21-4gb-64gb-trang-1.jpg,3.690.000đ, Y21 (V2111) , Vivo , Trung Quốc ,,, Mediatek Helio P35  , 4GB  , 64GB  , 164.26 x 76.08 x 8.00  mm 
,,,,,,,,,,,,https://www.nguyenkim.com/dien-thoai-iphone-13-pro-max-128gb-vang-dong-vi.html,Điện thoại iPhone 13 Pro Max 128GB Vàng Đồng,https://cdn.nguyenkimmall.com/images/thumbnails/600/336/detailed/760/dien-thoai-iphone-13-pro-max-128gb-vang-dong-1.jpg,29.990.000đ, iPhone 13 Pro Max 128GB , Apple , Trung Quốc , 2021 , iOS 15 , Apple A15 Bionic , 6GB , 128GB ,
,,,,,,,,,,,,https://www.nguyenkim.com/dien-thoai-vivo-v23e-8gb-128gb-xanh-hong.html,Điện thoại Vivo V23e 8GB/128GB Xanh Hồng,https://cdn.nguyenkimmall.com/images/thumbnails/600/336/detailed/766/10050701-dien-thoai-vivo-v23e-8gb-128gb-xanh-hong-1.jpg,6.490.000đ, V23e (V2116) , Vivo , Trung Quốc ,, Funtouch OS 12 (Tùy biến trên Android 11) , MediaTek Helio G96 , 8GB , 128GB , 160.87 x 74.28 x 7.41 mm 
,,,,,,,,,,,,https://www.nguyenkim.com/dien-thoai-samsung-a33-5g-6gb-128gb-trang.html,Điện thoại Samsung A33 5G 6GB/128GB Trắng,https://cdn.nguyenkimmall.com/images/thumbnails/600/336/detailed/796/10051582-dien-thoai-samsung-a33-5g-6gb-128gb-trang-1.jpg,8.090.000đ, SM-A336E/DS , Samsung , Việt Nam ,, 	Android ,, 6GB , 128GB ," Cao 159,7 x Rộng 74,0 x Dày 8,1 mm "
,,,,,,,,,,,,https://www.nguyenkim.com/dien-thoai-xiaomi-redmi-note-11pro-8gb-128gb-xanh-duong.html,Điện thoại Xiaomi Redmi Note 11 Pro 8GB/128GB Xanh Dương,https://cdn.nguyenkimmall.com/images/companies/_1/Data_Price/Pic_Tags/2022/Badge/300k.png,6.590.000đ, REDMINOTE11PRO5G , Xiaomi , Trung Quốc ,, Android 11 ,, 8GB , 128GB ,
,,,,,,,,,,,,https://www.nguyenkim.com/dien-thoai-oppo-reno7-4g-8gb-128gb-cam.html,Điện thoại OPPO Reno7 4G 8GB/128GB Cam,https://cdn.nguyenkimmall.com/images/thumbnails/600/336/detailed/803/10052322-dien-thoai-oppo-reno7-4g-8gb-128gb-cam-1.jpg,7.690.000đ, RENO74G , OPPO , Trung Quốc , 2022 ," Android 12, ColorOS 12.1 "," Qualcomm Snapdragon 680, tối đa 2.4GHz ", 	8GB , 	128GB ,
,,,,,,,,,,,,https://www.nguyenkim.com/dien-thoai-oppo-a16k-den.html,Điện thoại OPPO A16K 3GB/32GB Đen,https://cdn.nguyenkimmall.com/images/thumbnails/600/336/detailed/771/10050850-dien-thoai-oppo-a16k-3gb-32gb-den-1.jpg,3.150.000đ, A16K (CPH2349) , OPPO , Trung Quốc , 2021 ," ColorOS 11, nền tảng Android 11 "," Helio G35 8 nhân, tối đa 2.3GHz ", 3GB , 32GB , 164 x 75.4 x 7.85 mm 
,,,,,,,,,,,,https://www.nguyenkim.com/dien-thoai-vivo-y21-4gb-64gb-xanh-tim.html,Điện thoại Vivo Y21 4GB/64GB Xanh Tím,https://cdn.nguyenkimmall.com/images/thumbnails/600/336/detailed/770/10050030-dien-thoai-vivo-y21-4gb-64gb-xanh-tim-1.jpg,3.690.000đ, Y21 (V2111) , Vivo , Trung Quốc ,,, Mediatek Helio P35  , 4GB  , 64GB  , 164.26 x 76.08 x 8.00  mm 
,,,,,,,,,,,,https://www.nguyenkim.com/dien-thoai-vivo-y21s-6gb-128gb-trang.html,Điện thoại Vivo Y21s 6GB/128GB Trắng,https://cdn.nguyenkimmall.com/images/thumbnails/600/336/detailed/751/10049937-dien-thoai-vivo-y21s-6gb-128gb-trắng-1.jpg,4.490.000đ, Y21s (V2110) , Vivo , Trung Quốc ,, Funtouch OS 11.1 (Tuỳ biến trên Android 11) , Mediatek Helio G80  , 6GB , 128GB , 164.26 x 76.08 x 8.00 mm 
,,,,,,,,,,,,https://www.nguyenkim.com/dien-thoai-vivo-y21s-4gb-128gb-xanh.html,Điện thoại Vivo Y21s 4GB/128GB Xanh,https://cdn.nguyenkimmall.com/images/thumbnails/600/336/detailed/751/10049936-dien-thoai-vivo-y21s-4gb-128gb-xanh-1.jpg,4.150.000đ, Y21s (V2110) , Vivo , Trung Quốc ,, Funtouch OS 11.1 (Tuỳ biến trên Android 11) , Mediatek Helio G80  , 4GB , 128GB , 164.26 x 76.08 x 8.00 mm 
,,,,,,,,,,,,https://www.nguyenkim.com/dien-thoai-samsung-a73-8gb-128gb-trang.html,Điện thoại Samsung A73 8GB/128GB Trắng,https://cdn.nguyenkimmall.com/images/detailed/796/10051822-dien-thoai-samsung-a73-6gb-128gb-trang-1.jpg,11.190.000đ, A336 A736 , Samsung , Việt Nam ,, Android 12 , Snapdragon 778G (8 nhân) , 8 GB , 128 GB ,
,,,,,,,,,,,,https://www.nguyenkim.com/dien-thoai-nokia-c21-plus-2gb-64gb-xam-anh-kim.html,Điện thoại Nokia C21 Plus 2GB/64GB Xám Ánh Kim,https://cdn.nguyenkimmall.com/images/detailed/803/10052223-dien-thoai-nokia-c21-plus-2gb-64gb-xam-anh-kim-1.jpg,2.490.000đ, NOKIAC21PLUS2/64 , Nokia , Trung Quốc ,, Android 11 (Go Edition) ,, 2 GB , 64 GB , 164.8 x 75.9 X 8.55 mm 
,,,,,,,,,,,,https://www.nguyenkim.com/dien-thoai-nokia-c21-plus-2gb-64gb-xanh-thien-thach.html,Điện thoại Nokia C21 Plus 2GB/64GB Xanh Thiên Thạch,https://cdn.nguyenkimmall.com/images/thumbnails/600/336/detailed/803/10052242-dien-thoai-nokia-c21-plus-2gb-64gb-xanh-thien-thach-1.jpg,2.490.000đ, NOKIAC21PLUS2/64 , Nokia , Trung Quốc ,, Android 11 (Go Edition) ,, 2 GB , 64 GB , 164.8 x 75.9 X 8.55 mm 
,,,,,,,,,,,,https://www.nguyenkim.com/dien-thoai-samsung-s22-ultra-12gb-256gb-den.html,Điện thoại Samsung S22 Ultra 12GB/256GB Đen,https://cdn.nguyenkimmall.com/images/companies/_1/Data_Price/Pic_Tags/2022/Badge/NH-500k.png,29.490.000đ, G908 , Samsung , Việt Nam ,,, Qualcomm Snapdragon 8 Gen 1 , 12GB , 256GB ,
,,,,,,,,,,,,https://www.nguyenkim.com/dien-thoai-xiaomi-redmi-note-11s-8gb-128gb-trang.html,Điện thoại Xiaomi Redmi Note 11S 8GB/128GB Trắng,https://cdn.nguyenkimmall.com/images/companies/_1/Data_Price/Pic_Tags/2022/Badge/300k.png,5.790.000đ, REDMINOTE11S , Xiaomi , Trung Quốc ,, Android 11 , Mediatek Helio G96 (12 nm) , 8GB , 128GB ,
,,,,,,,,,,,,https://www.nguyenkim.com/dien-thoai-iphone-11-64gb-xanh-la-vi-3.html,Điện thoại iPhone 11 64GB Xanh Lá,https://cdn.nguyenkimmall.com/images/companies/_1/Data_Price/Pic_Tags/2022/Badge/badge-top-left_200K.png,11.690.000đ, IPHONE1164GB , Apple , Trung Quốc ,,, Apple A13 Bionic , 4GB , 64GB , Dài 150.9 mm - Ngang 75.7 mm - Dày 8.3 mm 
,,,,,,,,,,,,https://www.nguyenkim.com/iphone-13-pro-128gb-bac.html,Điện thoại iPhone 13 Pro 128GB Bạc,https://cdn.nguyenkimmall.com/images/detailed/756/dien-thoai-iphone-13-pro-128gb-bac-1.jpg,27.490.000đ, iPhone 13 Pro 128GB , Apple , Trung Quốc ,, iOS 15 , Apple A15 Bionic , 6GB , 128GB ,
,,,,,,,,,,,,https://www.nguyenkim.com/dien-thoai-iphone-11-64gb-den-vi-3.html,Điện thoại iPhone 11 64GB Đen,https://cdn.nguyenkimmall.com/images/companies/_1/Data_Price/Pic_Tags/2022/Badge/badge-top-left_200K.png,11.690.000đ, IPHONE1164GB , Apple , Trung Quốc , 2019 , iOS 13 , Apple A13 Bionic 6 nhân , 4 GB , 64 GB ,
,,,,,,,,,,,,https://www.nguyenkim.com/dien-thoai-xiaomi-redmi-note-11s-8gb-128gb-xanh-duong.html,Điện thoại Xiaomi Redmi Note 11S 8GB/128GB Xanh Dương,https://cdn.nguyenkimmall.com/images/companies/_1/Data_Price/Pic_Tags/2022/Badge/300k.png,5.790.000đ, REDMINOTE11S , Xiaomi , Trung Quốc ,, Android 11 , Mediatek Helio G96 (12 nm) , 8GB , 128GB ,
,,,,,,,,,,,,https://www.nguyenkim.com/dien-thoai-vivo-y21s-6gb-128gb-xanh.html,Điện thoại Vivo Y21s 6GB/128GB Xanh,https://cdn.nguyenkimmall.com/images/detailed/751/10050018-dien-thoai-vivo-y21s-6gb-128gb-xanh-1.jpg,4.490.000đ, Y21s (V2110) , Vivo , Trung Quốc ,, Funtouch OS 11.1 (Tuỳ biến trên Android 11) , Mediatek Helio G80  , 6GB , 128GB , 164.26 x 76.08 x 8.00 mm 
,,,,,,,,,,,,https://www.nguyenkim.com/dien-thoai-samsung-s22-ultra-12gb-512gb-xanh-la.html,Điện thoại Samsung S22 Ultra 12GB/512GB Xanh Lá,https://cdn.nguyenkimmall.com/images/companies/_1/Data_Price/Pic_Tags/2022/Badge/NH-500k.png,32.490.000đ, G908 , Samsung , Việt Nam ,,, Qualcomm Snapdragon 8 Gen 1 , 12GB , 512GB ,
,,,,,,,,,,,,https://www.nguyenkim.com/dien-thoai-samsung-s22-ultra-8gb-128gb-den.html,Điện thoại Samsung S22 Ultra 8GB/128GB Đen,https://cdn.nguyenkimmall.com/images/companies/_1/Data_Price/Pic_Tags/2022/Badge/NH-500k.png,26.490.000đ, G908 , Samsung , Việt Nam ,,, Qualcomm Snapdragon 8 Gen 1 , 8GB , 128GB ,
,,,,,,,,,,,,https://www.nguyenkim.com/dien-thoai-samsung-s21-fe-5g-8gb-128gb-tim.html,Điện thoại Samsung S21 FE 5G 8GB/128GB Tím,https://cdn.nguyenkimmall.com/images/thumbnails/600/336/detailed/779/10050968-dien-thoai-samsung-s21-fe-5g-8gb-128gb-tim-1.jpg,16.990.000đ, SM-G990E/DS , Samsung , Việt Nam ,,, Exynos 2100 , 8GB , 128GB , 155.7 x 74.5 x 7.9 mm 
,,,,,,,,,,,,https://www.nguyenkim.com/dien-thoai-xiaomi-redmi-note-11s-8gb-128gb-xam.html,Điện thoại Xiaomi Redmi Note 11S 8GB/128GB Xám,https://cdn.nguyenkimmall.com/images/companies/_1/Data_Price/Pic_Tags/2022/Badge/300k.png,5.790.000đ, REDMINOTE11S , Xiaomi , Trung Quốc ,, Android 11 , Mediatek Helio G96 (12 nm) , 8GB , 128GB ,
,,,,,,,,,,,,https://www.nguyenkim.com/dien-thoai-samsung-s22-ultra-12gb-256gb-trang.html,Điện thoại Samsung S22 Ultra 12GB/256GB Trắng,https://cdn.nguyenkimmall.com/images/companies/_1/Data_Price/Pic_Tags/2022/Badge/NH-500k.png,29.490.000đ, G908 , Samsung , Việt Nam ,,, Qualcomm Snapdragon 8 Gen 1 , 12GB , 256GB ,
,,,,,,,,,,,,https://www.nguyenkim.com/dien-thoai-xiaomi-redmi-note-11pro-8gb-128gb-trang.html,Điện thoại Xiaomi Redmi Note 11 Pro 8GB/128GB Trắng,https://cdn.nguyenkimmall.com/images/companies/_1/Data_Price/Pic_Tags/2022/Badge/300k.png,6.590.000đ, REDMINOTE11PRO5G , Xiaomi , Trung Quốc ,, Android 11 ,, 8GB , 128GB ,
,,,,,,,,,,,,https://www.nguyenkim.com/dien-thoai-samsung-s22-ultra-8gb-128gb-trang.html,Điện thoại Samsung S22 Ultra 8GB/128GB Trắng,https://cdn.nguyenkimmall.com/images/companies/_1/Data_Price/Pic_Tags/2022/Badge/NH-500k.png,26.490.000đ, G908 , Samsung , Việt Nam ,,, Qualcomm Snapdragon 8 Gen 1 , 8GB , 128GB ,
,,,,,,,,,,,,https://www.nguyenkim.com/dien-thoai-samsung-s21-fe-5g-6gb-128gb-tim.html,Điện thoại Samsung S21 FE 5G 6GB/128GB Tím,https://cdn.nguyenkimmall.com/images/detailed/779/10050964-dien-thoai-samsung-s21-fe-5g-6gb-128gb-tim-1.jpg,10.990.000đ, SM-G990E/DS , Samsung , Việt Nam ,,, Exynos 2100 , 6GB , 128GB , 155.7 x 74.5 x 7.9 mm 
,,,,,,,,,,,,https://www.nguyenkim.com/dien-thoai-samsung-s22-ultra-8gb-128gb-do.html,Điện thoại Samsung S22 Ultra 8GB/128GB Đỏ,https://cdn.nguyenkimmall.com/images/companies/_1/Data_Price/Pic_Tags/2022/Badge/NH-500k.png,26.490.000đ, G908 , Samsung , Việt Nam ,,, Qualcomm Snapdragon 8 Gen 1 , 8GB , 128GB ,
,,,,,,,,,,,,https://www.nguyenkim.com/dien-thoai-samsung-s22-8gb-128gb-den.html,Điện thoại Samsung S22 8GB/128GB Đen,https://cdn.nguyenkimmall.com/images/thumbnails/600/336/detailed/786/10051321-dien-thoai-samsung-s22-8gb-128gb-den-1.jpg,17.990.000đ, G901 , Samsung , Việt Nam ,,, Qualcomm Snapdragon 8 Gen 1 , 	8GB , 	128GB ,
,,,,,,,,,,,,https://www.nguyenkim.com/dien-thoai-samsung-galaxy-a52s-5g-8gb-128gb-xanh.html,Điện thoại Samsung Galaxy A52s 5G 8GB/128GB Xanh,https://cdn.nguyenkimmall.com/images/detailed/748/10049942-dien-thoai-samsung-galaxy-a52s-5g-8gb-128gb-xanh-1.jpg,10.990.000đ, SM-A528B/DS , Samsung , Việt Nam ,, Android 11 , Qualcomm Snapdragon 778G 5G (6 nm) , 8GB , 128GB ,
,,,,,,,,,,,,https://www.nguyenkim.com/dien-thoai-samsung-galaxy-s22-ultra-5g-256gb-xanh-la.html,Điện thoại Samsung Galaxy S22 Ultra 5G 256GB Xanh lá,https://cdn.nguyenkimmall.com/images/companies/_1/Data_Price/Pic_Tags/2022/Badge/NH-500k.png,33.990.000đ, SAMSUNGS22ULTRA(12+256GB) , Samsung , Việt Nam , 2022 ," Android 12, One UI 4.1 ", Vi xử lý 4nm , 	12GB , 	256GB ,
,,,,,,,,,,,,https://www.nguyenkim.com/dien-thoai-samsung-s22-ultra-12gb-256gb-do.html,Điện thoại Samsung S22 Ultra 12GB/256GB Đỏ,https://cdn.nguyenkimmall.com/images/companies/_1/Data_Price/Pic_Tags/2022/Badge/NH-500k.png,29.490.000đ, G908 , Samsung , Việt Nam ,,, Qualcomm Snapdragon 8 Gen 1 , 12GB , 256GB ,
,,,,,,,,,,,,https://www.nguyenkim.com/dien-thoai-samsung-s21-fe-5g-8gb-128gb-xam.html,Điện thoại Samsung S21 FE 5G 8GB/128GB Xám,https://cdn.nguyenkimmall.com/images/thumbnails/600/336/detailed/779/10050967-dien-thoai-samsung-s21-fe-5g-8gb-128gb-xam-1.jpg,16.990.000đ, SM-G990E/DS , Samsung , Việt Nam ,,, Exynos 2100 , 8GB , 128GB , 155.7 x 74.5 x 7.9 mm 
,,,,,,,,,,,,https://www.nguyenkim.com/dien-thoai-samsung-s22-ultra-12gb-512gb-den.html,Điện thoại Samsung S22 Ultra 12GB/512GB Đen,https://cdn.nguyenkimmall.com/images/companies/_1/Data_Price/Pic_Tags/2022/Badge/NH-500k.png,32.490.000đ, G908 , Samsung , Việt Nam ,,, Qualcomm Snapdragon 8 Gen 1 , 12GB , 512GB ,
,,,,,,,,,,,,https://www.nguyenkim.com/dien-thoai-samsung-s21-fe-5g-6gb-128gb-xanh-la.html,Điện thoại Samsung S21 FE 5G 6GB/128GB Xanh Lá,https://cdn.nguyenkimmall.com/images/thumbnails/600/336/detailed/779/10050965-dien-thoai-samsung-s21-fe-5g-6gb-128gb-xanh-la-1.jpg,10.990.000đ, SM-G990E/DS , Samsung , Việt Nam ,,, Exynos 2100 , 6GB , 128GB , 155.7 x 74.5 x 7.9 mm 
,,,,,,,,,,,,https://www.nguyenkim.com/dien-thoai-samsung-galaxy-s22-ultra-5g-128gb-xanh-la.html,Điện thoại Samsung Galaxy S22 Ultra 5G 128GB Xanh lá,https://cdn.nguyenkimmall.com/images/companies/_1/Data_Price/Pic_Tags/2022/Badge/NH-500k.png,30.990.000đ, SAMSUNGS22ULTRA(8+128GB) , Samsung , Việt Nam , 2022 ," Android 12, One UI 4.1 ", Vi xử lý 4nm , 	8GB , 	128GB ,
,,,,,,,,,,,,https://www.nguyenkim.com/dien-thoai-samsung-s22-plus-8gb-128gb-trang.html,Điện thoại Samsung S22 Plus 8GB/128GB Trắng,https://cdn.nguyenkimmall.com/images/thumbnails/600/336/detailed/786/10051331-dien-thoai-samsung-s22-plus-8gb-128gb-trang-1.jpg,21.790.000đ, G906 , Samsung , Việt Nam ,,, Qualcomm Snapdragon 8 Gen 1 , 	8GB , 128GB ,
,,,,,,,,,,,,https://www.nguyenkim.com/iphone-13-pro-max-128gb-bac.html,Điện thoại iPhone 13 Pro Max 128GB Bạc,https://cdn.nguyenkimmall.com/images/thumbnails/600/336/detailed/756/dien-thoai-iphone-13-pro-max-128gb-bac-1.jpg,29.990.000đ, iPhone 13 Pro Max 128GB , Apple , Trung Quốc , 2021 , iOS 15 , Apple A15 Bionic , 6GB , 128GB ,
,,,,,,,,,,,,https://www.nguyenkim.com/dien-thoai-samsung-s22-ultra-12gb-512gb-do.html,Điện thoại Samsung S22 Ultra 12GB/512GB Đỏ,https://cdn.nguyenkimmall.com/images/companies/_1/Data_Price/Pic_Tags/2022/Badge/NH-500k.png,32.490.000đ, G908 , Samsung , Việt Nam ,,, Qualcomm Snapdragon 8 Gen 1 , 12GB , 512GB ,
,,,,,,,,,,,,https://www.nguyenkim.com/dien-thoai-samsung-s21-fe-5g-8gb-256gb-tim.html,Điện thoại Samsung S21 FE 5G 8GB/256GB Tím,https://cdn.nguyenkimmall.com/images/thumbnails/600/336/detailed/779/10050972-dien-thoai-samsung-s21-fe-5g-8gb-256gb-tim-1.jpg,13.490.000đ, SM-G990E/DS , Samsung , Việt Nam ,,, Exynos 2100 , 8GB , 256GB , 155.7 x 74.5 x 7.9 mm 
,,,,,,,,,,,,https://www.nguyenkim.com/iphone-13-pro-256gb-xanh-duong.html,Điện thoại iPhone 13 Pro 256GB Xanh Dương,https://cdn.nguyenkimmall.com/images/thumbnails/600/336/detailed/756/dien-thoai-iphone-13-pro-256gb-xanh-duong-1.jpg,29.790.000đ, iPhone 13 Pro 256GB , Apple , Trung Quốc , 2021 , iOS 15 , Apple A15 Bionic , 6GB , 256GB ,
,,,,,,,,,,,,https://www.nguyenkim.com/dien-thoai-samsung-s22-ultra-12gb-512gb-trang.html,Điện thoại Samsung S22 Ultra 12GB/512GB Trắng,https://cdn.nguyenkimmall.com/images/companies/_1/Data_Price/Pic_Tags/2022/Badge/NH-500k.png,32.490.000đ, G908 , Samsung , Việt Nam ,,, Qualcomm Snapdragon 8 Gen 1 , 12GB , 512GB ,
,,,,,,,,,,,,https://www.nguyenkim.com/dien-thoai-samsung-galaxy-z-fold-3-5g-256gb-xanh-la.html,Điện thoại Samsung Galaxy Z Fold 3 5G 256GB Xanh Lá,https://cdn.nguyenkimmall.com/images/detailed/749/10049831-dien-thoai-samsung-galaxy-z-fold-3-256gb-xanh-la-1.jpg,31.990.000đ, SM-F926B , Samsung , Việt Nam ,, Android 11 , Qualcomm SM8350 Snapdragon 888 (5 nm) , 12GB , 256GB ," Khi mở: 158.2 x 128.1 x 6.4 mm, Khi gập: 158.2 x 67.1 x 16.0 mm "
,,,,,,,,,,,,https://www.nguyenkim.com/dien-thoai-samsung-s22-plus-8gb-256gb-trang.html,Điện thoại Samsung S22 Plus 8GB/256GB Trắng,https://cdn.nguyenkimmall.com/images/thumbnails/600/336/detailed/787/10051336-dien-thoai-samsung-s22-plus-8gb-256gb-trang-1.jpg,23.290.000đ, G906 , Samsung , Việt Nam ,,, Qualcomm Snapdragon 8 Gen 1 , 	8GB , 256GB ,
,,,,,,,,,,,,https://www.nguyenkim.com/dien-thoai-samsung-galaxy-z-fold-3-5g-512gb-bac.html,Điện thoại Samsung Galaxy Z Fold 3 5G 512GB Bạc,https://cdn.nguyenkimmall.com/images/thumbnails/600/336/detailed/749/10049837-dien-thoai-samsung-galaxy-z-fold-3-512gb-bac-1.jpg,34.790.000đ, SM-F926B , Samsung , Việt Nam ,, 	Android 11 , Qualcomm SM8350 Snapdragon 888 (5 nm) , 	12GB , 512GB ," Khi mở: 158.2 x 128.1 x 6.4 mm, Khi gập: 158.2 x 67.1 x 16.0 mm "
,,,,,,,,,,,,https://www.nguyenkim.com/dien-thoai-samsung-s21-fe-5g-8gb-128gb-trang.html,Điện thoại Samsung S21 FE 5G 8GB/128GB Trắng,https://cdn.nguyenkimmall.com/images/thumbnails/600/336/detailed/779/10050966-dien-thoai-samsung-s21-fe-5g-8gb-128gb-trang-1.jpg,16.990.000đ, SM-G990E/DS , Samsung , Việt Nam ,,, Exynos 2100 , 8GB , 128GB , 155.7 x 74.5 x 7.9 mm 
,,,,,,,,,,,,https://www.nguyenkim.com/iphone-13-pro-256gb-xam.html,Điện thoại iPhone 13 Pro 256GB Xám,https://cdn.nguyenkimmall.com/images/thumbnails/600/336/detailed/756/dien-thoai-iphone-13-pro-256gb-xam-1.jpg,29.790.000đ, iPhone 13 Pro 256GB , Apple , Trung Quốc ,, iOS 15 , Apple A15 Bionic , 6GB , 256GB ,
,,,,,,,,,,,,https://www.nguyenkim.com/iphone-13-256gb-hong.html,Điện thoại iPhone 13 256GB Hồng,https://cdn.nguyenkimmall.com/images/thumbnails/600/336/detailed/756/dien-thoai-iphone-13-256gb-hong-1.jpg,23.690.000đ, iPhone 13 256GB , Apple , Trung Quốc , 2021 , iOS 15 , Apple A15 Bionic , 4GB , 256GB , 147 x 72 x 8 mm 
,,,,,,,,,,,,https://www.nguyenkim.com/iphone-13-256gb-xanh-duong.html,Điện thoại iPhone 13 256GB Xanh Dương,https://cdn.nguyenkimmall.com/images/thumbnails/600/336/detailed/756/dien-thoai-iphone-13-256gb-xanh-duong-1.jpg,23.690.000đ, iPhone 13 256GB , Apple , Trung Quốc , 2021 , iOS 15 , Apple A15 Bionic , 4GB , 256GB , 147 x 72 x 8 mm 
,,,,,,,,,,,,https://www.nguyenkim.com/iphone-13-pro-max-1tb-xanh-duong.html,Điện thoại iPhone 13 Pro Max 1TB Xanh Dương,https://cdn.nguyenkimmall.com/images/detailed/757/dien-thoai-iphone-13-pro-max-1tb-xanh-duong-1.jpg,44.490.000đ, iPhone 13 Pro Max 1TB , Apple , Trung Quốc , 2021 , iOS 15 , Apple A15 Bionic , 6GB , 1TB ,
,,,,,,,,,,,,https://www.nguyenkim.com/iphone-13-pro-max-256gb-bac.html,Điện thoại iPhone 13 Pro Max 256GB Bạc,https://cdn.nguyenkimmall.com/images/companies/_1/Data_Price/Pic_Tags/2022/Badge/badge-top-left_600K.png,32.990.000đ, iPhone 13 Pro Max 256GB , Apple , Trung Quốc , 2021 , iOS 15 , Apple A15 Bionic , 6GB , 256GB ,
,,,,,,,,,,,,https://www.nguyenkim.com/iphone-13-pro-max-512gb-xam.html,Điện thoại iPhone 13 Pro Max 512GB Xám,https://cdn.nguyenkimmall.com/images/companies/_1/Data_Price/Pic_Tags/2022/Badge/NH-500k.png,38.490.000đ, iPhone 13 Pro Max 512GB , Apple , Trung Quốc , 2021 , iOS 15 , Apple A15 Bionic , 6GB , 512GB ,
,,,,,,,,,,,,https://www.nguyenkim.com/iphone-13-mini-128gb-do.html,Điện thoại iPhone 13 mini 128GB Đỏ,https://cdn.nguyenkimmall.com/images/thumbnails/600/336/detailed/755/dien-thoai-iphone-13-mini-128gb-do-1.jpg,18.490.000đ, iPhone 13 Mini 128GB , Apple , Trung Quốc ,, iOS 15 , Apple A15 Bionic , 4GB , 128GB , 132 x 64 x8 mm 
,,,,,,,,,,,,https://www.nguyenkim.com/iphone-13-pro-max-512gb-bac.html,Điện thoại iPhone 13 Pro Max 512GB Bạc,https://cdn.nguyenkimmall.com/images/companies/_1/Data_Price/Pic_Tags/2022/Badge/NH-500k.png,38.490.000đ, iPhone 13 Pro Max 512GB , Apple , Trung Quốc , 2021 , iOS 15 , Apple A15 Bionic , 6GB , 512GB ,
,,,,,,,,,,,,https://www.nguyenkim.com/iphone-13-pro-512gb-xanh-duong.html,Điện thoại iPhone 13 Pro 512GB Xanh Dương,https://cdn.nguyenkimmall.com/images/thumbnails/600/336/detailed/756/dien-thoai-iphone-13-pro-512gb-xanh-duong-1.jpg,35.990.000đ, iPhone 13 Pro 512GB , Apple , Trung Quốc , 2021 , iOS 15 , Apple A15 Bionic , 6GB , 512GB ,
,,,,,,,,,,,,https://www.nguyenkim.com/iphone-13-pro-max-1tb-vang-dong.html,Điện thoại iPhone 13 Pro Max 1TB Vàng Đồng,https://cdn.nguyenkimmall.com/images/thumbnails/600/336/detailed/757/dien-thoai-iphone-13-pro-max-1tb-vang-dong-1.jpg,44.490.000đ, iPhone 13 Pro Max 1TB , Apple , Trung Quốc , 2021 , iOS 15 , Apple A15 Bionic , 6GB , 1TB ,
,,,,,,,,,,,,https://www.nguyenkim.com/iphone-13-pro-1tb-xam.html,Điện thoại iPhone 13 Pro 1TB Xám,https://cdn.nguyenkimmall.com/images/detailed/756/dien-thoai-iphone-13-pro-1tb-xam-1.jpg,39.990.000đ, iPhone 13 Pro 1TB , Apple , Trung Quốc , 2021 , iOS 15 , Apple A15 Bionic , 6GB , 1TB ,
,,,,,,,,,,,,https://www.nguyenkim.com/dien-thoai-samsung-galaxy-a22-6gb-128gb-tim.html,Điện thoại Samsung Galaxy A22 6GB/128GB Tím,https://cdn.nguyenkimmall.com/images/thumbnails/600/336/detailed/738/10049548-dien-thoai-samsung-galaxy-a22-6gb-128gb-tim-1.jpg,4.790.000đ, A22 (SM-A225F/DS) , Samsung , Việt Nam ,,," Bộ vi xử lí tám nhân, xung nhịp tối đa 2GHz ", 6GB , 128GB ,
,,,,,,,,,,,,https://www.nguyenkim.com/dien-thoai-xiaomi-redmi-9a-2gb-32gb-xanh-la.html,Điện thoại Xiaomi Redmi 9A 2GB/32GB Xanh lá,https://cdn.nguyenkimmall.com/images/thumbnails/600/336/detailed/691/10047356-dien-thoai-xiaomi-redmi-9a-2gb-32gb-xanh-la-1.jpg,2.290.000đ, REDMI 9A , Xiaomi , Trung Quốc , 2020 , Android 10 , MediaTek Helio G25 8 nhân , 2 GB , 32 GB , Dài 164.9 mm - Ngang 77.07 mm - Dày 9 mm 
,,,,,,,,,,,,https://www.nguyenkim.com/dien-thoai-nokia-c20-2gb-32gb-vang.html,Điện thoại Nokia C20 2GB/32GB Vàng,https://cdn.nguyenkimmall.com/images/thumbnails/600/336/detailed/728/10049231-dien-thoai-nokia-c20-2gb-32gb-vang-1.jpg,2.040.000đ, NOKIAC20 , Nokia , Trung Quốc ,, Android 11 (phiên bản Go) , SC9863A 8 nhân | 1.6GHz , 2 GB DDR3 DRAM ," 32 GB e-MMC 5.1, hỗ trợ thẻ nhớ ngoài 64GB ", 169.9 x 77.9 X 8.8 mm 
,,,,,,,,,,,,https://www.nguyenkim.com/dien-thoai-xiaomi-redmi-9c-3gb-64gb-xanh-duong.html,Điện thoại Xiaomi Redmi 9C 3GB/64GB Xanh dương,https://cdn.nguyenkimmall.com/images/thumbnails/600/336/detailed/691/10047321-dien-thoai-xiaomi-redmi-9c-3gb-64gb-xanh-duong-1.jpg,2.790.000đ, REDMI 9C , Xiaomi , Trung Quốc , 2020 , Android 10 , MediaTek Helio G35 8 nhân , 3 GB , 64 GB , Dài 164.9 mm - Ngang 77.07 mm - Dày 9.0 mm 
,,,,,,,,,,,,https://www.nguyenkim.com/dien-thoai-vivo-y72-5g-8gb-128gb-xanh-hong.html,Điện thoại Vivo Y72 5G 8GB/128GB Xanh Hồng,https://cdn.nguyenkimmall.com/images/companies/_1/Data_Price/Pic_Tags/2022/Badge/300k.png,5.590.000đ, Y72 5G (V2041) , Vivo , Trung Quốc ,, Funtouch OS 11.1	 , Mediatek Dimensity 700	 , 8 GB , 128 GB , 163.95 x 75.30 x 8.50 mm 
,,,,,,,,,,,,https://www.nguyenkim.com/dien-thoai-iphone-12-64gb-xanh-la.html,Điện thoại iPhone 12 64GB Xanh lá,https://cdn.nguyenkimmall.com/images/thumbnails/600/336/detailed/698/10047702-dien-thoai-iphone-12-64gb-xanh-la-1.jpg,16.990.000đ, iPhone 12 64GB , Apple , Trung Quốc , 2020 , iOS 14.1 , Apple A14 Bionic , 4 GB , 64 GB , 146.7 x 71.5 x 7.4mm mm 
,,,,,,,,,,,,https://www.nguyenkim.com/dien-thoai-iphone-12-128gb-do.html,Điện thoại iPhone 12 128GB Đỏ,https://cdn.nguyenkimmall.com/images/thumbnails/600/336/detailed/698/10047705-dien-thoai-iphone-12-128gb-do-1.jpg,18.990.000đ, iPhone 12 128GB , Apple , Trung Quốc , 2020 , iOS 14.1 , Apple A14 Bionic , 4 GB , 128 GB , 146.7 x 71.5 x 7.4mm mm 
,,,,,,,,,,,,https://www.nguyenkim.com/dien-thoai-oppo-reno6-z-5g-8gb-128gb-bac.html,Điện thoại OPPO Reno6 Z 5G 8GB/128GB Bạc,https://cdn.nguyenkimmall.com/images/thumbnails/600/336/detailed/741/10049727-dien-thoai-oppo-reno6-z-5g-8gb-128gb-bac-1.jpg,7.592.000đ, RENO6Z5G (CPH2237) , OPPO , Trung Quốc ,," ColorOS 11.1, nền tảng Android 11 "," MTK Dimensity 800U 5G, tối đa 2.4GHz ", 8GB , 128GB , 160.2 x 73.38 x 7.97 mm 
,,,,,,,,,,,,https://www.nguyenkim.com/dien-thoai-vivo-v20-8gb-128gb-xanh-hong.html,Điện thoại Vivo V20 (8GB/128GB) Xanh hồng,https://www.nguyenkim.com/images/companies/_1/Content/video/10047465-dien-thoai-vivo-v20-8gb-128gb-xanh-hong.jpg,5.094.000đ, V20 , Vivo , Trung Quốc ,, Funtouch OS 11 (dựa trên Android 11)	 , Qualcomm® Snapdragon™ 720G	 , 8GB , 128GB , 161.30 x 74.20 x 7.38 mm 
,,,,,,,,,,,,https://www.nguyenkim.com/dien-thoai-iphone-12-pro-256gb-xanh.html,Điện thoại iPhone 12 Pro 256GB Xanh,https://cdn.nguyenkimmall.com/images/companies/_1/Data_Price/Pic_Tags/2022/Badge/NH-500k.png,28.990.000đ, IPHONE 12 PRO 256GB (MGMT3VN/A) , Apple , Trung Quốc , 2020 , iOS 14.1 , Apple A14 Bionic , 6 GB , 256 GB ,
,,,,,,,,,,,,https://www.nguyenkim.com/dien-thoai-iphone-12-64gb-den.html,Điện thoại iPhone 12 64GB Đen,https://cdn.nguyenkimmall.com/images/companies/_1/Data_Price/Pic_Tags/2022/Badge/NH-500k.png,16.990.000đ, iPhone 12 64GB , Apple , Trung Quốc , 2020 , iOS 14.1 , Apple A14 Bionic , 4 GB , 64 GB , 146.7 x 71.5 x 7.4mm mm 
,,,,,,,,,,,,https://www.nguyenkim.com/dien-thoai-oppo-a94-8gb-128gb-den.html,Điện thoại OPPO A94 8GB/128GB Đen,https://cdn.nguyenkimmall.com/images/detailed/724/10049029-dien-thoai-oppo-a94-8gb-128gb-den-1.jpg,6.152.000đ, CPH2203 , OPPO , Trung Quốc ,," ColorOS 11.1, nền tảng Android 11 "," Helio P95, tối đa 2.2GHz ", 8GB , 128GB , 160.1 x 73.2 x 7.8 mm 
,,,,,,,,,,,,https://www.nguyenkim.com/samsung-galaxy-s20-plus-93294.html,Samsung Galaxy S20+ Đen,https://cdn.nguyenkimmall.com/images/detailed/631/10044970-dien-thoai-samsung-galaxy-sm-g985f-ds-s20-plus-den-1_shm6-82.jpg,23.990.000đ, SM-G985F/DS , Samsung , Việt Nam , 2020 ," Android 10, One UI 2.1 ", Exynos 990 , 8 GB , 128 GB ,
,,,,,,,,,,,,https://www.nguyenkim.com/dien-thoai-samsung-galaxy-a52-4g-8gb-128gb-tim.html,Điện thoại Samsung Galaxy A52 4G 8GB/128GB Tím,https://cdn.nguyenkimmall.com/images/thumbnails/600/336/detailed/716/10048675-dien-thoai-samsung-galaxy-a52-4g-128gb-tim-1.jpg,9.290.000đ, SM-A525F/DS , Samsung , Việt Nam ,,, Vi xử lý 8 nhân Snapdragon 720G , 8GB , 128GB ,
,,,,,,,,,,,,https://www.nguyenkim.com/samsung-galaxy-s20-plus-93174.html,Samsung Galaxy S20+ Xanh,https://cdn.nguyenkimmall.com/images/thumbnails/600/336/detailed/631/10044956-dien-thoai-samsung-sm-g985f-ds-128gb-xanh-1.jpg,19.192.000đ, SM-G985F/DS , Samsung , Việt Nam , 2020 ," Android 10, One UI 2.1 ", Exynos 990 , 8 GB , 128 GB ,
